# Elmore Be Better cajon
# units: inches   +X right  +Y up  +Z front
# 4292 vertices, 2914 faces
mtllib be-better-cajon.mtl

v -6.00000 6.75000 -7.37500
v -5.50000 6.75000 -7.37500
v -5.50000 9.25000 -7.37500
v -6.00000 9.25000 -7.37500
v -6.00000 6.75000 7.87500
v -5.50000 6.75000 7.87500
v -5.50000 9.25000 7.87500
v -6.00000 9.25000 7.87500
v -6.00000 -9.25000 -7.37500
v -5.50000 -9.25000 -7.37500
v -5.50000 -6.25000 -7.37500
v -6.00000 -6.25000 -7.37500
v -6.00000 -9.25000 7.87500
v -5.50000 -9.25000 7.87500
v -5.50000 -6.25000 7.87500
v -6.00000 -6.25000 7.87500
v -6.00000 -6.25000 -7.37500
v -5.50000 -6.25000 -7.37500
v -5.50000 6.75000 -7.37500
v -6.00000 6.75000 -7.37500
v -6.00000 -6.25000 -5.87500
v -5.50000 -6.25000 -5.87500
v -5.50000 6.75000 -5.87500
v -6.00000 6.75000 -5.87500
v -6.00000 -6.25000 6.37500
v -5.50000 -6.25000 6.37500
v -5.50000 6.75000 6.37500
v -6.00000 6.75000 6.37500
v -6.00000 -6.25000 7.87500
v -5.50000 -6.25000 7.87500
v -5.50000 6.75000 7.87500
v -6.00000 6.75000 7.87500
v 5.50000 6.75000 -7.37500
v 6.00000 6.75000 -7.37500
v 6.00000 9.25000 -7.37500
v 5.50000 9.25000 -7.37500
v 5.50000 6.75000 7.87500
v 6.00000 6.75000 7.87500
v 6.00000 9.25000 7.87500
v 5.50000 9.25000 7.87500
v 5.50000 -9.25000 -7.37500
v 6.00000 -9.25000 -7.37500
v 6.00000 -6.25000 -7.37500
v 5.50000 -6.25000 -7.37500
v 5.50000 -9.25000 7.87500
v 6.00000 -9.25000 7.87500
v 6.00000 -6.25000 7.87500
v 5.50000 -6.25000 7.87500
v 5.50000 -6.25000 -7.37500
v 6.00000 -6.25000 -7.37500
v 6.00000 6.75000 -7.37500
v 5.50000 6.75000 -7.37500
v 5.50000 -6.25000 -5.87500
v 6.00000 -6.25000 -5.87500
v 6.00000 6.75000 -5.87500
v 5.50000 6.75000 -5.87500
v 5.50000 -6.25000 6.37500
v 6.00000 -6.25000 6.37500
v 6.00000 6.75000 6.37500
v 5.50000 6.75000 6.37500
v 5.50000 -6.25000 7.87500
v 6.00000 -6.25000 7.87500
v 6.00000 6.75000 7.87500
v 5.50000 6.75000 7.87500
v -5.50000 8.75000 -7.37500
v 5.50000 8.75000 -7.37500
v 5.50000 9.25000 -7.37500
v -5.50000 9.25000 -7.37500
v -5.50000 8.75000 7.87500
v 5.50000 8.75000 7.87500
v 5.50000 9.25000 7.87500
v -5.50000 9.25000 7.87500
v -5.50000 -9.25000 -7.37500
v 5.50000 -9.25000 -7.37500
v 5.50000 -8.75000 -7.37500
v -5.50000 -8.75000 -7.37500
v -5.50000 -9.25000 7.87500
v 5.50000 -9.25000 7.87500
v 5.50000 -8.75000 7.87500
v -5.50000 -8.75000 7.87500
v -5.50000 -9.25000 -7.87500
v -3.50000 -9.25000 -7.87500
v -3.50000 9.25000 -7.87500
v -5.50000 9.25000 -7.87500
v -5.50000 -9.25000 -7.37500
v -3.50000 -9.25000 -7.37500
v -3.50000 9.25000 -7.37500
v -5.50000 9.25000 -7.37500
v 3.50000 -9.25000 -7.87500
v 5.50000 -9.25000 -7.87500
v 5.50000 9.25000 -7.87500
v 3.50000 9.25000 -7.87500
v 3.50000 -9.25000 -7.37500
v 5.50000 -9.25000 -7.37500
v 5.50000 9.25000 -7.37500
v 3.50000 9.25000 -7.37500
v -3.50000 1.40000 -7.87500
v 3.50000 1.40000 -7.87500
v 3.50000 9.25000 -7.87500
v -3.50000 9.25000 -7.87500
v -3.50000 1.40000 -7.37500
v 3.50000 1.40000 -7.37500
v 3.50000 9.25000 -7.37500
v -3.50000 9.25000 -7.37500
v -3.50000 -9.25000 -7.87500
v 3.50000 -9.25000 -7.87500
v 3.50000 -5.10000 -7.87500
v -3.50000 -5.10000 -7.87500
v -3.50000 -9.25000 -7.37500
v 3.50000 -9.25000 -7.37500
v 3.50000 -5.10000 -7.37500
v -3.50000 -5.10000 -7.37500
v -3.50000 -0.10000 -7.87500
v -2.62500 -0.10000 -7.87500
v -2.62500 1.40000 -7.87500
v -3.50000 1.40000 -7.87500
v -3.50000 -0.10000 -7.37500
v -2.62500 -0.10000 -7.37500
v -2.62500 1.40000 -7.37500
v -3.50000 1.40000 -7.37500
v -3.50000 -5.10000 -7.87500
v -2.62500 -5.10000 -7.87500
v -2.62500 -3.60000 -7.87500
v -3.50000 -3.60000 -7.87500
v -3.50000 -5.10000 -7.37500
v -2.62500 -5.10000 -7.37500
v -2.62500 -3.60000 -7.37500
v -3.50000 -3.60000 -7.37500
v -2.62500 -5.10000 -7.87500
v -2.12500 -5.10000 -7.87500
v -2.12500 1.40000 -7.87500
v -2.62500 1.40000 -7.87500
v -2.62500 -5.10000 -7.37500
v -2.12500 -5.10000 -7.37500
v -2.12500 1.40000 -7.37500
v -2.62500 1.40000 -7.37500
v -2.12500 0.40000 -7.87500
v -1.25000 0.40000 -7.87500
v -1.25000 1.40000 -7.87500
v -2.12500 1.40000 -7.87500
v -2.12500 0.40000 -7.37500
v -1.25000 0.40000 -7.37500
v -1.25000 1.40000 -7.37500
v -2.12500 1.40000 -7.37500
v -2.12500 -5.10000 -7.87500
v -1.25000 -5.10000 -7.87500
v -1.25000 -4.10000 -7.87500
v -2.12500 -4.10000 -7.87500
v -2.12500 -5.10000 -7.37500
v -1.25000 -5.10000 -7.37500
v -1.25000 -4.10000 -7.37500
v -2.12500 -4.10000 -7.37500
v -1.25000 -5.10000 -7.87500
v -0.75000 -5.10000 -7.87500
v -0.75000 1.40000 -7.87500
v -1.25000 1.40000 -7.87500
v -1.25000 -5.10000 -7.37500
v -0.75000 -5.10000 -7.37500
v -0.75000 1.40000 -7.37500
v -1.25000 1.40000 -7.37500
v -0.75000 1.40000 -7.87500
v 0.75000 1.40000 -7.87500
v 0.75000 1.40000 -7.87500
v -0.75000 1.40000 -7.87500
v -0.75000 1.40000 -7.37500
v 0.75000 1.40000 -7.37500
v 0.75000 1.40000 -7.37500
v -0.75000 1.40000 -7.37500
v -0.75000 -5.10000 -7.87500
v 0.75000 -5.10000 -7.87500
v 0.75000 -5.10000 -7.87500
v -0.75000 -5.10000 -7.87500
v -0.75000 -5.10000 -7.37500
v 0.75000 -5.10000 -7.37500
v 0.75000 -5.10000 -7.37500
v -0.75000 -5.10000 -7.37500
v 0.75000 -5.10000 -7.87500
v 1.25000 -5.10000 -7.87500
v 1.25000 1.40000 -7.87500
v 0.75000 1.40000 -7.87500
v 0.75000 -5.10000 -7.37500
v 1.25000 -5.10000 -7.37500
v 1.25000 1.40000 -7.37500
v 0.75000 1.40000 -7.37500
v 1.25000 0.40000 -7.87500
v 2.12500 0.40000 -7.87500
v 2.12500 1.40000 -7.87500
v 1.25000 1.40000 -7.87500
v 1.25000 0.40000 -7.37500
v 2.12500 0.40000 -7.37500
v 2.12500 1.40000 -7.37500
v 1.25000 1.40000 -7.37500
v 1.25000 -5.10000 -7.87500
v 2.12500 -5.10000 -7.87500
v 2.12500 -4.10000 -7.87500
v 1.25000 -4.10000 -7.87500
v 1.25000 -5.10000 -7.37500
v 2.12500 -5.10000 -7.37500
v 2.12500 -4.10000 -7.37500
v 1.25000 -4.10000 -7.37500
v 2.12500 -5.10000 -7.87500
v 2.62500 -5.10000 -7.87500
v 2.62500 1.40000 -7.87500
v 2.12500 1.40000 -7.87500
v 2.12500 -5.10000 -7.37500
v 2.62500 -5.10000 -7.37500
v 2.62500 1.40000 -7.37500
v 2.12500 1.40000 -7.37500
v 2.62500 -0.10000 -7.87500
v 3.50000 -0.10000 -7.87500
v 3.50000 1.40000 -7.87500
v 2.62500 1.40000 -7.87500
v 2.62500 -0.10000 -7.37500
v 3.50000 -0.10000 -7.37500
v 3.50000 1.40000 -7.37500
v 2.62500 1.40000 -7.37500
v 2.62500 -5.10000 -7.87500
v 3.50000 -5.10000 -7.87500
v 3.50000 -3.60000 -7.87500
v 2.62500 -3.60000 -7.87500
v 2.62500 -5.10000 -7.37500
v 3.50000 -5.10000 -7.37500
v 3.50000 -3.60000 -7.37500
v 2.62500 -3.60000 -7.37500
v -6.00000 -9.25000 -7.87500
v -5.50000 -9.25000 -7.87500
v -5.50000 -8.75000 -7.87500
v -6.00000 -8.75000 -7.87500
v -6.00000 -9.25000 -7.37500
v -5.50000 -9.25000 -7.37500
v -5.50000 -8.75000 -7.37500
v -6.00000 -8.75000 -7.37500
v -6.00000 -8.75000 -7.87500
v -5.50000 -8.75000 -7.87500
v -5.50000 -8.25000 -7.87500
v -6.00000 -8.25000 -7.87500
v -6.00000 -8.75000 -7.37500
v -5.50000 -8.75000 -7.37500
v -5.50000 -8.25000 -7.37500
v -6.00000 -8.25000 -7.37500
v -6.00000 -8.25000 -7.87500
v -5.50000 -8.25000 -7.87500
v -5.50000 -7.75000 -7.87500
v -6.00000 -7.75000 -7.87500
v -6.00000 -8.25000 -7.37500
v -5.50000 -8.25000 -7.37500
v -5.50000 -7.75000 -7.37500
v -6.00000 -7.75000 -7.37500
v -6.00000 -7.75000 -7.87500
v -5.50000 -7.75000 -7.87500
v -5.50000 -7.25000 -7.87500
v -6.00000 -7.25000 -7.87500
v -6.00000 -7.75000 -7.37500
v -5.50000 -7.75000 -7.37500
v -5.50000 -7.25000 -7.37500
v -6.00000 -7.25000 -7.37500
v -6.00000 -7.25000 -7.87500
v -5.50000 -7.25000 -7.87500
v -5.50000 -6.75000 -7.87500
v -6.00000 -6.75000 -7.87500
v -6.00000 -7.25000 -7.37500
v -5.50000 -7.25000 -7.37500
v -5.50000 -6.75000 -7.37500
v -6.00000 -6.75000 -7.37500
v -6.00000 -6.75000 -7.87500
v -5.50000 -6.75000 -7.87500
v -5.50000 -6.25000 -7.87500
v -6.00000 -6.25000 -7.87500
v -6.00000 -6.75000 -7.37500
v -5.50000 -6.75000 -7.37500
v -5.50000 -6.25000 -7.37500
v -6.00000 -6.25000 -7.37500
v -6.00000 -6.25000 -7.87500
v -5.50000 -6.25000 -7.87500
v -5.50000 -5.75000 -7.87500
v -6.00000 -5.75000 -7.87500
v -6.00000 -6.25000 -7.37500
v -5.50000 -6.25000 -7.37500
v -5.50000 -5.75000 -7.37500
v -6.00000 -5.75000 -7.37500
v -6.00000 -5.75000 -7.87500
v -5.50000 -5.75000 -7.87500
v -5.50000 -5.25000 -7.87500
v -6.00000 -5.25000 -7.87500
v -6.00000 -5.75000 -7.37500
v -5.50000 -5.75000 -7.37500
v -5.50000 -5.25000 -7.37500
v -6.00000 -5.25000 -7.37500
v -6.00000 -5.25000 -7.87500
v -5.50000 -5.25000 -7.87500
v -5.50000 -4.75000 -7.87500
v -6.00000 -4.75000 -7.87500
v -6.00000 -5.25000 -7.37500
v -5.50000 -5.25000 -7.37500
v -5.50000 -4.75000 -7.37500
v -6.00000 -4.75000 -7.37500
v -6.00000 -4.75000 -7.87500
v -5.50000 -4.75000 -7.87500
v -5.50000 -4.25000 -7.87500
v -6.00000 -4.25000 -7.87500
v -6.00000 -4.75000 -7.37500
v -5.50000 -4.75000 -7.37500
v -5.50000 -4.25000 -7.37500
v -6.00000 -4.25000 -7.37500
v -6.00000 -4.25000 -7.87500
v -5.50000 -4.25000 -7.87500
v -5.50000 -3.75000 -7.87500
v -6.00000 -3.75000 -7.87500
v -6.00000 -4.25000 -7.37500
v -5.50000 -4.25000 -7.37500
v -5.50000 -3.75000 -7.37500
v -6.00000 -3.75000 -7.37500
v -6.00000 -3.75000 -7.87500
v -5.50000 -3.75000 -7.87500
v -5.50000 -3.25000 -7.87500
v -6.00000 -3.25000 -7.87500
v -6.00000 -3.75000 -7.37500
v -5.50000 -3.75000 -7.37500
v -5.50000 -3.25000 -7.37500
v -6.00000 -3.25000 -7.37500
v -6.00000 -3.25000 -7.87500
v -5.50000 -3.25000 -7.87500
v -5.50000 -2.75000 -7.87500
v -6.00000 -2.75000 -7.87500
v -6.00000 -3.25000 -7.37500
v -5.50000 -3.25000 -7.37500
v -5.50000 -2.75000 -7.37500
v -6.00000 -2.75000 -7.37500
v -6.00000 -2.75000 -7.87500
v -5.50000 -2.75000 -7.87500
v -5.50000 -2.25000 -7.87500
v -6.00000 -2.25000 -7.87500
v -6.00000 -2.75000 -7.37500
v -5.50000 -2.75000 -7.37500
v -5.50000 -2.25000 -7.37500
v -6.00000 -2.25000 -7.37500
v -6.00000 -2.25000 -7.87500
v -5.50000 -2.25000 -7.87500
v -5.50000 -1.75000 -7.87500
v -6.00000 -1.75000 -7.87500
v -6.00000 -2.25000 -7.37500
v -5.50000 -2.25000 -7.37500
v -5.50000 -1.75000 -7.37500
v -6.00000 -1.75000 -7.37500
v -6.00000 -1.75000 -7.87500
v -5.50000 -1.75000 -7.87500
v -5.50000 -1.25000 -7.87500
v -6.00000 -1.25000 -7.87500
v -6.00000 -1.75000 -7.37500
v -5.50000 -1.75000 -7.37500
v -5.50000 -1.25000 -7.37500
v -6.00000 -1.25000 -7.37500
v -6.00000 -1.25000 -7.87500
v -5.50000 -1.25000 -7.87500
v -5.50000 -0.75000 -7.87500
v -6.00000 -0.75000 -7.87500
v -6.00000 -1.25000 -7.37500
v -5.50000 -1.25000 -7.37500
v -5.50000 -0.75000 -7.37500
v -6.00000 -0.75000 -7.37500
v -6.00000 -0.75000 -7.87500
v -5.50000 -0.75000 -7.87500
v -5.50000 -0.25000 -7.87500
v -6.00000 -0.25000 -7.87500
v -6.00000 -0.75000 -7.37500
v -5.50000 -0.75000 -7.37500
v -5.50000 -0.25000 -7.37500
v -6.00000 -0.25000 -7.37500
v -6.00000 -0.25000 -7.87500
v -5.50000 -0.25000 -7.87500
v -5.50000 0.25000 -7.87500
v -6.00000 0.25000 -7.87500
v -6.00000 -0.25000 -7.37500
v -5.50000 -0.25000 -7.37500
v -5.50000 0.25000 -7.37500
v -6.00000 0.25000 -7.37500
v -6.00000 0.25000 -7.87500
v -5.50000 0.25000 -7.87500
v -5.50000 0.75000 -7.87500
v -6.00000 0.75000 -7.87500
v -6.00000 0.25000 -7.37500
v -5.50000 0.25000 -7.37500
v -5.50000 0.75000 -7.37500
v -6.00000 0.75000 -7.37500
v -6.00000 0.75000 -7.87500
v -5.50000 0.75000 -7.87500
v -5.50000 1.25000 -7.87500
v -6.00000 1.25000 -7.87500
v -6.00000 0.75000 -7.37500
v -5.50000 0.75000 -7.37500
v -5.50000 1.25000 -7.37500
v -6.00000 1.25000 -7.37500
v -6.00000 1.25000 -7.87500
v -5.50000 1.25000 -7.87500
v -5.50000 1.75000 -7.87500
v -6.00000 1.75000 -7.87500
v -6.00000 1.25000 -7.37500
v -5.50000 1.25000 -7.37500
v -5.50000 1.75000 -7.37500
v -6.00000 1.75000 -7.37500
v -6.00000 1.75000 -7.87500
v -5.50000 1.75000 -7.87500
v -5.50000 2.25000 -7.87500
v -6.00000 2.25000 -7.87500
v -6.00000 1.75000 -7.37500
v -5.50000 1.75000 -7.37500
v -5.50000 2.25000 -7.37500
v -6.00000 2.25000 -7.37500
v -6.00000 2.25000 -7.87500
v -5.50000 2.25000 -7.87500
v -5.50000 2.75000 -7.87500
v -6.00000 2.75000 -7.87500
v -6.00000 2.25000 -7.37500
v -5.50000 2.25000 -7.37500
v -5.50000 2.75000 -7.37500
v -6.00000 2.75000 -7.37500
v -6.00000 2.75000 -7.87500
v -5.50000 2.75000 -7.87500
v -5.50000 3.25000 -7.87500
v -6.00000 3.25000 -7.87500
v -6.00000 2.75000 -7.37500
v -5.50000 2.75000 -7.37500
v -5.50000 3.25000 -7.37500
v -6.00000 3.25000 -7.37500
v -6.00000 3.25000 -7.87500
v -5.50000 3.25000 -7.87500
v -5.50000 3.75000 -7.87500
v -6.00000 3.75000 -7.87500
v -6.00000 3.25000 -7.37500
v -5.50000 3.25000 -7.37500
v -5.50000 3.75000 -7.37500
v -6.00000 3.75000 -7.37500
v -6.00000 3.75000 -7.87500
v -5.50000 3.75000 -7.87500
v -5.50000 4.25000 -7.87500
v -6.00000 4.25000 -7.87500
v -6.00000 3.75000 -7.37500
v -5.50000 3.75000 -7.37500
v -5.50000 4.25000 -7.37500
v -6.00000 4.25000 -7.37500
v -6.00000 4.25000 -7.87500
v -5.50000 4.25000 -7.87500
v -5.50000 4.75000 -7.87500
v -6.00000 4.75000 -7.87500
v -6.00000 4.25000 -7.37500
v -5.50000 4.25000 -7.37500
v -5.50000 4.75000 -7.37500
v -6.00000 4.75000 -7.37500
v -6.00000 4.75000 -7.87500
v -5.50000 4.75000 -7.87500
v -5.50000 5.25000 -7.87500
v -6.00000 5.25000 -7.87500
v -6.00000 4.75000 -7.37500
v -5.50000 4.75000 -7.37500
v -5.50000 5.25000 -7.37500
v -6.00000 5.25000 -7.37500
v -6.00000 5.25000 -7.87500
v -5.50000 5.25000 -7.87500
v -5.50000 5.75000 -7.87500
v -6.00000 5.75000 -7.87500
v -6.00000 5.25000 -7.37500
v -5.50000 5.25000 -7.37500
v -5.50000 5.75000 -7.37500
v -6.00000 5.75000 -7.37500
v -6.00000 5.75000 -7.87500
v -5.50000 5.75000 -7.87500
v -5.50000 6.25000 -7.87500
v -6.00000 6.25000 -7.87500
v -6.00000 5.75000 -7.37500
v -5.50000 5.75000 -7.37500
v -5.50000 6.25000 -7.37500
v -6.00000 6.25000 -7.37500
v -6.00000 6.25000 -7.87500
v -5.50000 6.25000 -7.87500
v -5.50000 6.75000 -7.87500
v -6.00000 6.75000 -7.87500
v -6.00000 6.25000 -7.37500
v -5.50000 6.25000 -7.37500
v -5.50000 6.75000 -7.37500
v -6.00000 6.75000 -7.37500
v -6.00000 6.75000 -7.87500
v -5.50000 6.75000 -7.87500
v -5.50000 7.25000 -7.87500
v -6.00000 7.25000 -7.87500
v -6.00000 6.75000 -7.37500
v -5.50000 6.75000 -7.37500
v -5.50000 7.25000 -7.37500
v -6.00000 7.25000 -7.37500
v -6.00000 7.25000 -7.87500
v -5.50000 7.25000 -7.87500
v -5.50000 7.75000 -7.87500
v -6.00000 7.75000 -7.87500
v -6.00000 7.25000 -7.37500
v -5.50000 7.25000 -7.37500
v -5.50000 7.75000 -7.37500
v -6.00000 7.75000 -7.37500
v -6.00000 7.75000 -7.87500
v -5.50000 7.75000 -7.87500
v -5.50000 8.25000 -7.87500
v -6.00000 8.25000 -7.87500
v -6.00000 7.75000 -7.37500
v -5.50000 7.75000 -7.37500
v -5.50000 8.25000 -7.37500
v -6.00000 8.25000 -7.37500
v -6.00000 8.25000 -7.87500
v -5.50000 8.25000 -7.87500
v -5.50000 8.75000 -7.87500
v -6.00000 8.75000 -7.87500
v -6.00000 8.25000 -7.37500
v -5.50000 8.25000 -7.37500
v -5.50000 8.75000 -7.37500
v -6.00000 8.75000 -7.37500
v -6.00000 8.75000 -7.87500
v -5.50000 8.75000 -7.87500
v -5.50000 9.25000 -7.87500
v -6.00000 9.25000 -7.87500
v -6.00000 8.75000 -7.37500
v -5.50000 8.75000 -7.37500
v -5.50000 9.25000 -7.37500
v -6.00000 9.25000 -7.37500
v 5.50000 -9.25000 -7.87500
v 6.00000 -9.25000 -7.87500
v 6.00000 -8.75000 -7.87500
v 5.50000 -8.75000 -7.87500
v 5.50000 -9.25000 -7.37500
v 6.00000 -9.25000 -7.37500
v 6.00000 -8.75000 -7.37500
v 5.50000 -8.75000 -7.37500
v 5.50000 -8.75000 -7.87500
v 6.00000 -8.75000 -7.87500
v 6.00000 -8.25000 -7.87500
v 5.50000 -8.25000 -7.87500
v 5.50000 -8.75000 -7.37500
v 6.00000 -8.75000 -7.37500
v 6.00000 -8.25000 -7.37500
v 5.50000 -8.25000 -7.37500
v 5.50000 -8.25000 -7.87500
v 6.00000 -8.25000 -7.87500
v 6.00000 -7.75000 -7.87500
v 5.50000 -7.75000 -7.87500
v 5.50000 -8.25000 -7.37500
v 6.00000 -8.25000 -7.37500
v 6.00000 -7.75000 -7.37500
v 5.50000 -7.75000 -7.37500
v 5.50000 -7.75000 -7.87500
v 6.00000 -7.75000 -7.87500
v 6.00000 -7.25000 -7.87500
v 5.50000 -7.25000 -7.87500
v 5.50000 -7.75000 -7.37500
v 6.00000 -7.75000 -7.37500
v 6.00000 -7.25000 -7.37500
v 5.50000 -7.25000 -7.37500
v 5.50000 -7.25000 -7.87500
v 6.00000 -7.25000 -7.87500
v 6.00000 -6.75000 -7.87500
v 5.50000 -6.75000 -7.87500
v 5.50000 -7.25000 -7.37500
v 6.00000 -7.25000 -7.37500
v 6.00000 -6.75000 -7.37500
v 5.50000 -6.75000 -7.37500
v 5.50000 -6.75000 -7.87500
v 6.00000 -6.75000 -7.87500
v 6.00000 -6.25000 -7.87500
v 5.50000 -6.25000 -7.87500
v 5.50000 -6.75000 -7.37500
v 6.00000 -6.75000 -7.37500
v 6.00000 -6.25000 -7.37500
v 5.50000 -6.25000 -7.37500
v 5.50000 -6.25000 -7.87500
v 6.00000 -6.25000 -7.87500
v 6.00000 -5.75000 -7.87500
v 5.50000 -5.75000 -7.87500
v 5.50000 -6.25000 -7.37500
v 6.00000 -6.25000 -7.37500
v 6.00000 -5.75000 -7.37500
v 5.50000 -5.75000 -7.37500
v 5.50000 -5.75000 -7.87500
v 6.00000 -5.75000 -7.87500
v 6.00000 -5.25000 -7.87500
v 5.50000 -5.25000 -7.87500
v 5.50000 -5.75000 -7.37500
v 6.00000 -5.75000 -7.37500
v 6.00000 -5.25000 -7.37500
v 5.50000 -5.25000 -7.37500
v 5.50000 -5.25000 -7.87500
v 6.00000 -5.25000 -7.87500
v 6.00000 -4.75000 -7.87500
v 5.50000 -4.75000 -7.87500
v 5.50000 -5.25000 -7.37500
v 6.00000 -5.25000 -7.37500
v 6.00000 -4.75000 -7.37500
v 5.50000 -4.75000 -7.37500
v 5.50000 -4.75000 -7.87500
v 6.00000 -4.75000 -7.87500
v 6.00000 -4.25000 -7.87500
v 5.50000 -4.25000 -7.87500
v 5.50000 -4.75000 -7.37500
v 6.00000 -4.75000 -7.37500
v 6.00000 -4.25000 -7.37500
v 5.50000 -4.25000 -7.37500
v 5.50000 -4.25000 -7.87500
v 6.00000 -4.25000 -7.87500
v 6.00000 -3.75000 -7.87500
v 5.50000 -3.75000 -7.87500
v 5.50000 -4.25000 -7.37500
v 6.00000 -4.25000 -7.37500
v 6.00000 -3.75000 -7.37500
v 5.50000 -3.75000 -7.37500
v 5.50000 -3.75000 -7.87500
v 6.00000 -3.75000 -7.87500
v 6.00000 -3.25000 -7.87500
v 5.50000 -3.25000 -7.87500
v 5.50000 -3.75000 -7.37500
v 6.00000 -3.75000 -7.37500
v 6.00000 -3.25000 -7.37500
v 5.50000 -3.25000 -7.37500
v 5.50000 -3.25000 -7.87500
v 6.00000 -3.25000 -7.87500
v 6.00000 -2.75000 -7.87500
v 5.50000 -2.75000 -7.87500
v 5.50000 -3.25000 -7.37500
v 6.00000 -3.25000 -7.37500
v 6.00000 -2.75000 -7.37500
v 5.50000 -2.75000 -7.37500
v 5.50000 -2.75000 -7.87500
v 6.00000 -2.75000 -7.87500
v 6.00000 -2.25000 -7.87500
v 5.50000 -2.25000 -7.87500
v 5.50000 -2.75000 -7.37500
v 6.00000 -2.75000 -7.37500
v 6.00000 -2.25000 -7.37500
v 5.50000 -2.25000 -7.37500
v 5.50000 -2.25000 -7.87500
v 6.00000 -2.25000 -7.87500
v 6.00000 -1.75000 -7.87500
v 5.50000 -1.75000 -7.87500
v 5.50000 -2.25000 -7.37500
v 6.00000 -2.25000 -7.37500
v 6.00000 -1.75000 -7.37500
v 5.50000 -1.75000 -7.37500
v 5.50000 -1.75000 -7.87500
v 6.00000 -1.75000 -7.87500
v 6.00000 -1.25000 -7.87500
v 5.50000 -1.25000 -7.87500
v 5.50000 -1.75000 -7.37500
v 6.00000 -1.75000 -7.37500
v 6.00000 -1.25000 -7.37500
v 5.50000 -1.25000 -7.37500
v 5.50000 -1.25000 -7.87500
v 6.00000 -1.25000 -7.87500
v 6.00000 -0.75000 -7.87500
v 5.50000 -0.75000 -7.87500
v 5.50000 -1.25000 -7.37500
v 6.00000 -1.25000 -7.37500
v 6.00000 -0.75000 -7.37500
v 5.50000 -0.75000 -7.37500
v 5.50000 -0.75000 -7.87500
v 6.00000 -0.75000 -7.87500
v 6.00000 -0.25000 -7.87500
v 5.50000 -0.25000 -7.87500
v 5.50000 -0.75000 -7.37500
v 6.00000 -0.75000 -7.37500
v 6.00000 -0.25000 -7.37500
v 5.50000 -0.25000 -7.37500
v 5.50000 -0.25000 -7.87500
v 6.00000 -0.25000 -7.87500
v 6.00000 0.25000 -7.87500
v 5.50000 0.25000 -7.87500
v 5.50000 -0.25000 -7.37500
v 6.00000 -0.25000 -7.37500
v 6.00000 0.25000 -7.37500
v 5.50000 0.25000 -7.37500
v 5.50000 0.25000 -7.87500
v 6.00000 0.25000 -7.87500
v 6.00000 0.75000 -7.87500
v 5.50000 0.75000 -7.87500
v 5.50000 0.25000 -7.37500
v 6.00000 0.25000 -7.37500
v 6.00000 0.75000 -7.37500
v 5.50000 0.75000 -7.37500
v 5.50000 0.75000 -7.87500
v 6.00000 0.75000 -7.87500
v 6.00000 1.25000 -7.87500
v 5.50000 1.25000 -7.87500
v 5.50000 0.75000 -7.37500
v 6.00000 0.75000 -7.37500
v 6.00000 1.25000 -7.37500
v 5.50000 1.25000 -7.37500
v 5.50000 1.25000 -7.87500
v 6.00000 1.25000 -7.87500
v 6.00000 1.75000 -7.87500
v 5.50000 1.75000 -7.87500
v 5.50000 1.25000 -7.37500
v 6.00000 1.25000 -7.37500
v 6.00000 1.75000 -7.37500
v 5.50000 1.75000 -7.37500
v 5.50000 1.75000 -7.87500
v 6.00000 1.75000 -7.87500
v 6.00000 2.25000 -7.87500
v 5.50000 2.25000 -7.87500
v 5.50000 1.75000 -7.37500
v 6.00000 1.75000 -7.37500
v 6.00000 2.25000 -7.37500
v 5.50000 2.25000 -7.37500
v 5.50000 2.25000 -7.87500
v 6.00000 2.25000 -7.87500
v 6.00000 2.75000 -7.87500
v 5.50000 2.75000 -7.87500
v 5.50000 2.25000 -7.37500
v 6.00000 2.25000 -7.37500
v 6.00000 2.75000 -7.37500
v 5.50000 2.75000 -7.37500
v 5.50000 2.75000 -7.87500
v 6.00000 2.75000 -7.87500
v 6.00000 3.25000 -7.87500
v 5.50000 3.25000 -7.87500
v 5.50000 2.75000 -7.37500
v 6.00000 2.75000 -7.37500
v 6.00000 3.25000 -7.37500
v 5.50000 3.25000 -7.37500
v 5.50000 3.25000 -7.87500
v 6.00000 3.25000 -7.87500
v 6.00000 3.75000 -7.87500
v 5.50000 3.75000 -7.87500
v 5.50000 3.25000 -7.37500
v 6.00000 3.25000 -7.37500
v 6.00000 3.75000 -7.37500
v 5.50000 3.75000 -7.37500
v 5.50000 3.75000 -7.87500
v 6.00000 3.75000 -7.87500
v 6.00000 4.25000 -7.87500
v 5.50000 4.25000 -7.87500
v 5.50000 3.75000 -7.37500
v 6.00000 3.75000 -7.37500
v 6.00000 4.25000 -7.37500
v 5.50000 4.25000 -7.37500
v 5.50000 4.25000 -7.87500
v 6.00000 4.25000 -7.87500
v 6.00000 4.75000 -7.87500
v 5.50000 4.75000 -7.87500
v 5.50000 4.25000 -7.37500
v 6.00000 4.25000 -7.37500
v 6.00000 4.75000 -7.37500
v 5.50000 4.75000 -7.37500
v 5.50000 4.75000 -7.87500
v 6.00000 4.75000 -7.87500
v 6.00000 5.25000 -7.87500
v 5.50000 5.25000 -7.87500
v 5.50000 4.75000 -7.37500
v 6.00000 4.75000 -7.37500
v 6.00000 5.25000 -7.37500
v 5.50000 5.25000 -7.37500
v 5.50000 5.25000 -7.87500
v 6.00000 5.25000 -7.87500
v 6.00000 5.75000 -7.87500
v 5.50000 5.75000 -7.87500
v 5.50000 5.25000 -7.37500
v 6.00000 5.25000 -7.37500
v 6.00000 5.75000 -7.37500
v 5.50000 5.75000 -7.37500
v 5.50000 5.75000 -7.87500
v 6.00000 5.75000 -7.87500
v 6.00000 6.25000 -7.87500
v 5.50000 6.25000 -7.87500
v 5.50000 5.75000 -7.37500
v 6.00000 5.75000 -7.37500
v 6.00000 6.25000 -7.37500
v 5.50000 6.25000 -7.37500
v 5.50000 6.25000 -7.87500
v 6.00000 6.25000 -7.87500
v 6.00000 6.75000 -7.87500
v 5.50000 6.75000 -7.87500
v 5.50000 6.25000 -7.37500
v 6.00000 6.25000 -7.37500
v 6.00000 6.75000 -7.37500
v 5.50000 6.75000 -7.37500
v 5.50000 6.75000 -7.87500
v 6.00000 6.75000 -7.87500
v 6.00000 7.25000 -7.87500
v 5.50000 7.25000 -7.87500
v 5.50000 6.75000 -7.37500
v 6.00000 6.75000 -7.37500
v 6.00000 7.25000 -7.37500
v 5.50000 7.25000 -7.37500
v 5.50000 7.25000 -7.87500
v 6.00000 7.25000 -7.87500
v 6.00000 7.75000 -7.87500
v 5.50000 7.75000 -7.87500
v 5.50000 7.25000 -7.37500
v 6.00000 7.25000 -7.37500
v 6.00000 7.75000 -7.37500
v 5.50000 7.75000 -7.37500
v 5.50000 7.75000 -7.87500
v 6.00000 7.75000 -7.87500
v 6.00000 8.25000 -7.87500
v 5.50000 8.25000 -7.87500
v 5.50000 7.75000 -7.37500
v 6.00000 7.75000 -7.37500
v 6.00000 8.25000 -7.37500
v 5.50000 8.25000 -7.37500
v 5.50000 8.25000 -7.87500
v 6.00000 8.25000 -7.87500
v 6.00000 8.75000 -7.87500
v 5.50000 8.75000 -7.87500
v 5.50000 8.25000 -7.37500
v 6.00000 8.25000 -7.37500
v 6.00000 8.75000 -7.37500
v 5.50000 8.75000 -7.37500
v 5.50000 8.75000 -7.87500
v 6.00000 8.75000 -7.87500
v 6.00000 9.25000 -7.87500
v 5.50000 9.25000 -7.87500
v 5.50000 8.75000 -7.37500
v 6.00000 8.75000 -7.37500
v 6.00000 9.25000 -7.37500
v 5.50000 9.25000 -7.37500
v -5.87500 0.75000 -6.37500
v -5.50000 0.75000 -6.37500
v -5.50000 3.25000 -6.37500
v -5.87500 3.25000 -6.37500
v -5.87500 0.75000 6.87500
v -5.50000 0.75000 6.87500
v -5.50000 3.25000 6.87500
v -5.87500 3.25000 6.87500
v -6.12500 1.12500 -6.37500
v -5.87500 1.12500 -6.37500
v -5.87500 2.87500 -6.37500
v -6.12500 2.87500 -6.37500
v -6.12500 1.12500 6.87500
v -5.87500 1.12500 6.87500
v -5.87500 2.87500 6.87500
v -6.12500 2.87500 6.87500
v -6.12500 0.75000 -7.12500
v -5.75000 0.75000 -7.12500
v -5.75000 3.25000 -7.12500
v -6.12500 3.25000 -7.12500
v -6.12500 0.75000 -6.37500
v -5.75000 0.75000 -6.37500
v -5.75000 3.25000 -6.37500
v -6.12500 3.25000 -6.37500
v -6.12500 0.75000 6.87500
v -5.75000 0.75000 6.87500
v -5.75000 3.25000 6.87500
v -6.12500 3.25000 6.87500
v -6.12500 0.75000 7.62500
v -5.75000 0.75000 7.62500
v -5.75000 3.25000 7.62500
v -6.12500 3.25000 7.62500
v -6.13000 1.24750 -5.83500
v -6.08000 1.24750 -5.83500
v -6.08000 2.75250 -5.83500
v -6.13000 2.75250 -5.83500
v -6.13000 1.24750 -5.79000
v -6.08000 1.24750 -5.79000
v -6.08000 2.75250 -5.79000
v -6.13000 2.75250 -5.79000
v -6.13000 1.24750 -5.71000
v -6.08000 1.24750 -5.71000
v -6.08000 2.75250 -5.71000
v -6.13000 2.75250 -5.71000
v -6.13000 1.24750 -5.66500
v -6.08000 1.24750 -5.66500
v -6.08000 2.75250 -5.66500
v -6.13000 2.75250 -5.66500
v -6.13000 1.24750 -5.58500
v -6.08000 1.24750 -5.58500
v -6.08000 2.75250 -5.58500
v -6.13000 2.75250 -5.58500
v -6.13000 1.24750 -5.54000
v -6.08000 1.24750 -5.54000
v -6.08000 2.75250 -5.54000
v -6.13000 2.75250 -5.54000
v -6.13000 1.24750 -5.46000
v -6.08000 1.24750 -5.46000
v -6.08000 2.75250 -5.46000
v -6.13000 2.75250 -5.46000
v -6.13000 1.24750 -5.41500
v -6.08000 1.24750 -5.41500
v -6.08000 2.75250 -5.41500
v -6.13000 2.75250 -5.41500
v -6.13000 1.24750 -5.33500
v -6.08000 1.24750 -5.33500
v -6.08000 2.75250 -5.33500
v -6.13000 2.75250 -5.33500
v -6.13000 1.24750 -5.29000
v -6.08000 1.24750 -5.29000
v -6.08000 2.75250 -5.29000
v -6.13000 2.75250 -5.29000
v -6.13000 1.24750 -5.21000
v -6.08000 1.24750 -5.21000
v -6.08000 2.75250 -5.21000
v -6.13000 2.75250 -5.21000
v -6.13000 1.24750 -5.16500
v -6.08000 1.24750 -5.16500
v -6.08000 2.75250 -5.16500
v -6.13000 2.75250 -5.16500
v -6.13000 1.24750 -5.08500
v -6.08000 1.24750 -5.08500
v -6.08000 2.75250 -5.08500
v -6.13000 2.75250 -5.08500
v -6.13000 1.24750 -5.04000
v -6.08000 1.24750 -5.04000
v -6.08000 2.75250 -5.04000
v -6.13000 2.75250 -5.04000
v -6.13000 1.24750 -4.96000
v -6.08000 1.24750 -4.96000
v -6.08000 2.75250 -4.96000
v -6.13000 2.75250 -4.96000
v -6.13000 1.24750 -4.91500
v -6.08000 1.24750 -4.91500
v -6.08000 2.75250 -4.91500
v -6.13000 2.75250 -4.91500
v -6.13000 1.24750 -4.83500
v -6.08000 1.24750 -4.83500
v -6.08000 2.75250 -4.83500
v -6.13000 2.75250 -4.83500
v -6.13000 1.24750 -4.79000
v -6.08000 1.24750 -4.79000
v -6.08000 2.75250 -4.79000
v -6.13000 2.75250 -4.79000
v -6.13000 1.24750 -4.71000
v -6.08000 1.24750 -4.71000
v -6.08000 2.75250 -4.71000
v -6.13000 2.75250 -4.71000
v -6.13000 1.24750 -4.66500
v -6.08000 1.24750 -4.66500
v -6.08000 2.75250 -4.66500
v -6.13000 2.75250 -4.66500
v -6.13000 1.24750 -4.58500
v -6.08000 1.24750 -4.58500
v -6.08000 2.75250 -4.58500
v -6.13000 2.75250 -4.58500
v -6.13000 1.24750 -4.54000
v -6.08000 1.24750 -4.54000
v -6.08000 2.75250 -4.54000
v -6.13000 2.75250 -4.54000
v -6.13000 1.24750 -4.46000
v -6.08000 1.24750 -4.46000
v -6.08000 2.75250 -4.46000
v -6.13000 2.75250 -4.46000
v -6.13000 1.24750 -4.41500
v -6.08000 1.24750 -4.41500
v -6.08000 2.75250 -4.41500
v -6.13000 2.75250 -4.41500
v -6.13000 1.24750 -4.33500
v -6.08000 1.24750 -4.33500
v -6.08000 2.75250 -4.33500
v -6.13000 2.75250 -4.33500
v -6.13000 1.24750 -4.29000
v -6.08000 1.24750 -4.29000
v -6.08000 2.75250 -4.29000
v -6.13000 2.75250 -4.29000
v -6.13000 1.24750 -4.21000
v -6.08000 1.24750 -4.21000
v -6.08000 2.75250 -4.21000
v -6.13000 2.75250 -4.21000
v -6.13000 1.24750 -4.16500
v -6.08000 1.24750 -4.16500
v -6.08000 2.75250 -4.16500
v -6.13000 2.75250 -4.16500
v -6.13000 1.24750 -4.08500
v -6.08000 1.24750 -4.08500
v -6.08000 2.75250 -4.08500
v -6.13000 2.75250 -4.08500
v -6.13000 1.24750 -4.04000
v -6.08000 1.24750 -4.04000
v -6.08000 2.75250 -4.04000
v -6.13000 2.75250 -4.04000
v -6.13000 1.24750 -3.96000
v -6.08000 1.24750 -3.96000
v -6.08000 2.75250 -3.96000
v -6.13000 2.75250 -3.96000
v -6.13000 1.24750 -3.91500
v -6.08000 1.24750 -3.91500
v -6.08000 2.75250 -3.91500
v -6.13000 2.75250 -3.91500
v -6.13000 1.24750 -3.83500
v -6.08000 1.24750 -3.83500
v -6.08000 2.75250 -3.83500
v -6.13000 2.75250 -3.83500
v -6.13000 1.24750 -3.79000
v -6.08000 1.24750 -3.79000
v -6.08000 2.75250 -3.79000
v -6.13000 2.75250 -3.79000
v -6.13000 1.24750 -3.71000
v -6.08000 1.24750 -3.71000
v -6.08000 2.75250 -3.71000
v -6.13000 2.75250 -3.71000
v -6.13000 1.24750 -3.66500
v -6.08000 1.24750 -3.66500
v -6.08000 2.75250 -3.66500
v -6.13000 2.75250 -3.66500
v -6.13000 1.24750 -3.58500
v -6.08000 1.24750 -3.58500
v -6.08000 2.75250 -3.58500
v -6.13000 2.75250 -3.58500
v -6.13000 1.24750 -3.54000
v -6.08000 1.24750 -3.54000
v -6.08000 2.75250 -3.54000
v -6.13000 2.75250 -3.54000
v -6.13000 1.24750 -3.46000
v -6.08000 1.24750 -3.46000
v -6.08000 2.75250 -3.46000
v -6.13000 2.75250 -3.46000
v -6.13000 1.24750 -3.41500
v -6.08000 1.24750 -3.41500
v -6.08000 2.75250 -3.41500
v -6.13000 2.75250 -3.41500
v -6.13000 1.24750 -3.33500
v -6.08000 1.24750 -3.33500
v -6.08000 2.75250 -3.33500
v -6.13000 2.75250 -3.33500
v -6.13000 1.24750 -3.29000
v -6.08000 1.24750 -3.29000
v -6.08000 2.75250 -3.29000
v -6.13000 2.75250 -3.29000
v -6.13000 1.24750 -3.21000
v -6.08000 1.24750 -3.21000
v -6.08000 2.75250 -3.21000
v -6.13000 2.75250 -3.21000
v -6.13000 1.24750 -3.16500
v -6.08000 1.24750 -3.16500
v -6.08000 2.75250 -3.16500
v -6.13000 2.75250 -3.16500
v -6.13000 1.24750 -3.08500
v -6.08000 1.24750 -3.08500
v -6.08000 2.75250 -3.08500
v -6.13000 2.75250 -3.08500
v -6.13000 1.24750 -3.04000
v -6.08000 1.24750 -3.04000
v -6.08000 2.75250 -3.04000
v -6.13000 2.75250 -3.04000
v -6.13000 1.24750 -2.96000
v -6.08000 1.24750 -2.96000
v -6.08000 2.75250 -2.96000
v -6.13000 2.75250 -2.96000
v -6.13000 1.24750 -2.91500
v -6.08000 1.24750 -2.91500
v -6.08000 2.75250 -2.91500
v -6.13000 2.75250 -2.91500
v -6.13000 1.24750 -2.83500
v -6.08000 1.24750 -2.83500
v -6.08000 2.75250 -2.83500
v -6.13000 2.75250 -2.83500
v -6.13000 1.24750 -2.79000
v -6.08000 1.24750 -2.79000
v -6.08000 2.75250 -2.79000
v -6.13000 2.75250 -2.79000
v -6.13000 1.24750 -2.71000
v -6.08000 1.24750 -2.71000
v -6.08000 2.75250 -2.71000
v -6.13000 2.75250 -2.71000
v -6.13000 1.24750 -2.66500
v -6.08000 1.24750 -2.66500
v -6.08000 2.75250 -2.66500
v -6.13000 2.75250 -2.66500
v -6.13000 1.24750 -2.58500
v -6.08000 1.24750 -2.58500
v -6.08000 2.75250 -2.58500
v -6.13000 2.75250 -2.58500
v -6.13000 1.24750 -2.54000
v -6.08000 1.24750 -2.54000
v -6.08000 2.75250 -2.54000
v -6.13000 2.75250 -2.54000
v -6.13000 1.24750 -2.46000
v -6.08000 1.24750 -2.46000
v -6.08000 2.75250 -2.46000
v -6.13000 2.75250 -2.46000
v -6.13000 1.24750 -2.41500
v -6.08000 1.24750 -2.41500
v -6.08000 2.75250 -2.41500
v -6.13000 2.75250 -2.41500
v -6.13000 1.24750 -2.33500
v -6.08000 1.24750 -2.33500
v -6.08000 2.75250 -2.33500
v -6.13000 2.75250 -2.33500
v -6.13000 1.24750 -2.29000
v -6.08000 1.24750 -2.29000
v -6.08000 2.75250 -2.29000
v -6.13000 2.75250 -2.29000
v -6.13000 1.24750 -2.21000
v -6.08000 1.24750 -2.21000
v -6.08000 2.75250 -2.21000
v -6.13000 2.75250 -2.21000
v -6.13000 1.24750 -2.16500
v -6.08000 1.24750 -2.16500
v -6.08000 2.75250 -2.16500
v -6.13000 2.75250 -2.16500
v -6.13000 1.24750 -2.08500
v -6.08000 1.24750 -2.08500
v -6.08000 2.75250 -2.08500
v -6.13000 2.75250 -2.08500
v -6.13000 1.24750 -2.04000
v -6.08000 1.24750 -2.04000
v -6.08000 2.75250 -2.04000
v -6.13000 2.75250 -2.04000
v -6.13000 1.24750 -1.96000
v -6.08000 1.24750 -1.96000
v -6.08000 2.75250 -1.96000
v -6.13000 2.75250 -1.96000
v -6.13000 1.24750 -1.91500
v -6.08000 1.24750 -1.91500
v -6.08000 2.75250 -1.91500
v -6.13000 2.75250 -1.91500
v -6.13000 1.24750 -1.83500
v -6.08000 1.24750 -1.83500
v -6.08000 2.75250 -1.83500
v -6.13000 2.75250 -1.83500
v -6.13000 1.24750 -1.79000
v -6.08000 1.24750 -1.79000
v -6.08000 2.75250 -1.79000
v -6.13000 2.75250 -1.79000
v -6.13000 1.24750 -1.71000
v -6.08000 1.24750 -1.71000
v -6.08000 2.75250 -1.71000
v -6.13000 2.75250 -1.71000
v -6.13000 1.24750 -1.66500
v -6.08000 1.24750 -1.66500
v -6.08000 2.75250 -1.66500
v -6.13000 2.75250 -1.66500
v -6.13000 1.24750 -1.58500
v -6.08000 1.24750 -1.58500
v -6.08000 2.75250 -1.58500
v -6.13000 2.75250 -1.58500
v -6.13000 1.24750 -1.54000
v -6.08000 1.24750 -1.54000
v -6.08000 2.75250 -1.54000
v -6.13000 2.75250 -1.54000
v -6.13000 1.24750 -1.46000
v -6.08000 1.24750 -1.46000
v -6.08000 2.75250 -1.46000
v -6.13000 2.75250 -1.46000
v -6.13000 1.24750 -1.41500
v -6.08000 1.24750 -1.41500
v -6.08000 2.75250 -1.41500
v -6.13000 2.75250 -1.41500
v -6.13000 1.24750 -1.33500
v -6.08000 1.24750 -1.33500
v -6.08000 2.75250 -1.33500
v -6.13000 2.75250 -1.33500
v -6.13000 1.24750 -1.29000
v -6.08000 1.24750 -1.29000
v -6.08000 2.75250 -1.29000
v -6.13000 2.75250 -1.29000
v -6.13000 1.24750 -1.21000
v -6.08000 1.24750 -1.21000
v -6.08000 2.75250 -1.21000
v -6.13000 2.75250 -1.21000
v -6.13000 1.24750 -1.16500
v -6.08000 1.24750 -1.16500
v -6.08000 2.75250 -1.16500
v -6.13000 2.75250 -1.16500
v -6.13000 1.24750 -1.08500
v -6.08000 1.24750 -1.08500
v -6.08000 2.75250 -1.08500
v -6.13000 2.75250 -1.08500
v -6.13000 1.24750 -1.04000
v -6.08000 1.24750 -1.04000
v -6.08000 2.75250 -1.04000
v -6.13000 2.75250 -1.04000
v -6.13000 1.24750 -0.96000
v -6.08000 1.24750 -0.96000
v -6.08000 2.75250 -0.96000
v -6.13000 2.75250 -0.96000
v -6.13000 1.24750 -0.91500
v -6.08000 1.24750 -0.91500
v -6.08000 2.75250 -0.91500
v -6.13000 2.75250 -0.91500
v -6.13000 1.24750 -0.83500
v -6.08000 1.24750 -0.83500
v -6.08000 2.75250 -0.83500
v -6.13000 2.75250 -0.83500
v -6.13000 1.24750 -0.79000
v -6.08000 1.24750 -0.79000
v -6.08000 2.75250 -0.79000
v -6.13000 2.75250 -0.79000
v -6.13000 1.24750 -0.71000
v -6.08000 1.24750 -0.71000
v -6.08000 2.75250 -0.71000
v -6.13000 2.75250 -0.71000
v -6.13000 1.24750 -0.66500
v -6.08000 1.24750 -0.66500
v -6.08000 2.75250 -0.66500
v -6.13000 2.75250 -0.66500
v -6.13000 1.24750 -0.58500
v -6.08000 1.24750 -0.58500
v -6.08000 2.75250 -0.58500
v -6.13000 2.75250 -0.58500
v -6.13000 1.24750 -0.54000
v -6.08000 1.24750 -0.54000
v -6.08000 2.75250 -0.54000
v -6.13000 2.75250 -0.54000
v -6.13000 1.24750 -0.46000
v -6.08000 1.24750 -0.46000
v -6.08000 2.75250 -0.46000
v -6.13000 2.75250 -0.46000
v -6.13000 1.24750 -0.41500
v -6.08000 1.24750 -0.41500
v -6.08000 2.75250 -0.41500
v -6.13000 2.75250 -0.41500
v -6.13000 1.24750 -0.33500
v -6.08000 1.24750 -0.33500
v -6.08000 2.75250 -0.33500
v -6.13000 2.75250 -0.33500
v -6.13000 1.24750 -0.29000
v -6.08000 1.24750 -0.29000
v -6.08000 2.75250 -0.29000
v -6.13000 2.75250 -0.29000
v -6.13000 1.24750 -0.21000
v -6.08000 1.24750 -0.21000
v -6.08000 2.75250 -0.21000
v -6.13000 2.75250 -0.21000
v -6.13000 1.24750 -0.16500
v -6.08000 1.24750 -0.16500
v -6.08000 2.75250 -0.16500
v -6.13000 2.75250 -0.16500
v -6.13000 1.24750 -0.08500
v -6.08000 1.24750 -0.08500
v -6.08000 2.75250 -0.08500
v -6.13000 2.75250 -0.08500
v -6.13000 1.24750 -0.04000
v -6.08000 1.24750 -0.04000
v -6.08000 2.75250 -0.04000
v -6.13000 2.75250 -0.04000
v -6.13000 1.24750 0.04000
v -6.08000 1.24750 0.04000
v -6.08000 2.75250 0.04000
v -6.13000 2.75250 0.04000
v -6.13000 1.24750 0.08500
v -6.08000 1.24750 0.08500
v -6.08000 2.75250 0.08500
v -6.13000 2.75250 0.08500
v -6.13000 1.24750 0.16500
v -6.08000 1.24750 0.16500
v -6.08000 2.75250 0.16500
v -6.13000 2.75250 0.16500
v -6.13000 1.24750 0.21000
v -6.08000 1.24750 0.21000
v -6.08000 2.75250 0.21000
v -6.13000 2.75250 0.21000
v -6.13000 1.24750 0.29000
v -6.08000 1.24750 0.29000
v -6.08000 2.75250 0.29000
v -6.13000 2.75250 0.29000
v -6.13000 1.24750 0.33500
v -6.08000 1.24750 0.33500
v -6.08000 2.75250 0.33500
v -6.13000 2.75250 0.33500
v -6.13000 1.24750 0.41500
v -6.08000 1.24750 0.41500
v -6.08000 2.75250 0.41500
v -6.13000 2.75250 0.41500
v -6.13000 1.24750 0.46000
v -6.08000 1.24750 0.46000
v -6.08000 2.75250 0.46000
v -6.13000 2.75250 0.46000
v -6.13000 1.24750 0.54000
v -6.08000 1.24750 0.54000
v -6.08000 2.75250 0.54000
v -6.13000 2.75250 0.54000
v -6.13000 1.24750 0.58500
v -6.08000 1.24750 0.58500
v -6.08000 2.75250 0.58500
v -6.13000 2.75250 0.58500
v -6.13000 1.24750 0.66500
v -6.08000 1.24750 0.66500
v -6.08000 2.75250 0.66500
v -6.13000 2.75250 0.66500
v -6.13000 1.24750 0.71000
v -6.08000 1.24750 0.71000
v -6.08000 2.75250 0.71000
v -6.13000 2.75250 0.71000
v -6.13000 1.24750 0.79000
v -6.08000 1.24750 0.79000
v -6.08000 2.75250 0.79000
v -6.13000 2.75250 0.79000
v -6.13000 1.24750 0.83500
v -6.08000 1.24750 0.83500
v -6.08000 2.75250 0.83500
v -6.13000 2.75250 0.83500
v -6.13000 1.24750 0.91500
v -6.08000 1.24750 0.91500
v -6.08000 2.75250 0.91500
v -6.13000 2.75250 0.91500
v -6.13000 1.24750 0.96000
v -6.08000 1.24750 0.96000
v -6.08000 2.75250 0.96000
v -6.13000 2.75250 0.96000
v -6.13000 1.24750 1.04000
v -6.08000 1.24750 1.04000
v -6.08000 2.75250 1.04000
v -6.13000 2.75250 1.04000
v -6.13000 1.24750 1.08500
v -6.08000 1.24750 1.08500
v -6.08000 2.75250 1.08500
v -6.13000 2.75250 1.08500
v -6.13000 1.24750 1.16500
v -6.08000 1.24750 1.16500
v -6.08000 2.75250 1.16500
v -6.13000 2.75250 1.16500
v -6.13000 1.24750 1.21000
v -6.08000 1.24750 1.21000
v -6.08000 2.75250 1.21000
v -6.13000 2.75250 1.21000
v -6.13000 1.24750 1.29000
v -6.08000 1.24750 1.29000
v -6.08000 2.75250 1.29000
v -6.13000 2.75250 1.29000
v -6.13000 1.24750 1.33500
v -6.08000 1.24750 1.33500
v -6.08000 2.75250 1.33500
v -6.13000 2.75250 1.33500
v -6.13000 1.24750 1.41500
v -6.08000 1.24750 1.41500
v -6.08000 2.75250 1.41500
v -6.13000 2.75250 1.41500
v -6.13000 1.24750 1.46000
v -6.08000 1.24750 1.46000
v -6.08000 2.75250 1.46000
v -6.13000 2.75250 1.46000
v -6.13000 1.24750 1.54000
v -6.08000 1.24750 1.54000
v -6.08000 2.75250 1.54000
v -6.13000 2.75250 1.54000
v -6.13000 1.24750 1.58500
v -6.08000 1.24750 1.58500
v -6.08000 2.75250 1.58500
v -6.13000 2.75250 1.58500
v -6.13000 1.24750 1.66500
v -6.08000 1.24750 1.66500
v -6.08000 2.75250 1.66500
v -6.13000 2.75250 1.66500
v -6.13000 1.24750 1.71000
v -6.08000 1.24750 1.71000
v -6.08000 2.75250 1.71000
v -6.13000 2.75250 1.71000
v -6.13000 1.24750 1.79000
v -6.08000 1.24750 1.79000
v -6.08000 2.75250 1.79000
v -6.13000 2.75250 1.79000
v -6.13000 1.24750 1.83500
v -6.08000 1.24750 1.83500
v -6.08000 2.75250 1.83500
v -6.13000 2.75250 1.83500
v -6.13000 1.24750 1.91500
v -6.08000 1.24750 1.91500
v -6.08000 2.75250 1.91500
v -6.13000 2.75250 1.91500
v -6.13000 1.24750 1.96000
v -6.08000 1.24750 1.96000
v -6.08000 2.75250 1.96000
v -6.13000 2.75250 1.96000
v -6.13000 1.24750 2.04000
v -6.08000 1.24750 2.04000
v -6.08000 2.75250 2.04000
v -6.13000 2.75250 2.04000
v -6.13000 1.24750 2.08500
v -6.08000 1.24750 2.08500
v -6.08000 2.75250 2.08500
v -6.13000 2.75250 2.08500
v -6.13000 1.24750 2.16500
v -6.08000 1.24750 2.16500
v -6.08000 2.75250 2.16500
v -6.13000 2.75250 2.16500
v -6.13000 1.24750 2.21000
v -6.08000 1.24750 2.21000
v -6.08000 2.75250 2.21000
v -6.13000 2.75250 2.21000
v -6.13000 1.24750 2.29000
v -6.08000 1.24750 2.29000
v -6.08000 2.75250 2.29000
v -6.13000 2.75250 2.29000
v -6.13000 1.24750 2.33500
v -6.08000 1.24750 2.33500
v -6.08000 2.75250 2.33500
v -6.13000 2.75250 2.33500
v -6.13000 1.24750 2.41500
v -6.08000 1.24750 2.41500
v -6.08000 2.75250 2.41500
v -6.13000 2.75250 2.41500
v -6.13000 1.24750 2.46000
v -6.08000 1.24750 2.46000
v -6.08000 2.75250 2.46000
v -6.13000 2.75250 2.46000
v -6.13000 1.24750 2.54000
v -6.08000 1.24750 2.54000
v -6.08000 2.75250 2.54000
v -6.13000 2.75250 2.54000
v -6.13000 1.24750 2.58500
v -6.08000 1.24750 2.58500
v -6.08000 2.75250 2.58500
v -6.13000 2.75250 2.58500
v -6.13000 1.24750 2.66500
v -6.08000 1.24750 2.66500
v -6.08000 2.75250 2.66500
v -6.13000 2.75250 2.66500
v -6.13000 1.24750 2.71000
v -6.08000 1.24750 2.71000
v -6.08000 2.75250 2.71000
v -6.13000 2.75250 2.71000
v -6.13000 1.24750 2.79000
v -6.08000 1.24750 2.79000
v -6.08000 2.75250 2.79000
v -6.13000 2.75250 2.79000
v -6.13000 1.24750 2.83500
v -6.08000 1.24750 2.83500
v -6.08000 2.75250 2.83500
v -6.13000 2.75250 2.83500
v -6.13000 1.24750 2.91500
v -6.08000 1.24750 2.91500
v -6.08000 2.75250 2.91500
v -6.13000 2.75250 2.91500
v -6.13000 1.24750 2.96000
v -6.08000 1.24750 2.96000
v -6.08000 2.75250 2.96000
v -6.13000 2.75250 2.96000
v -6.13000 1.24750 3.04000
v -6.08000 1.24750 3.04000
v -6.08000 2.75250 3.04000
v -6.13000 2.75250 3.04000
v -6.13000 1.24750 3.08500
v -6.08000 1.24750 3.08500
v -6.08000 2.75250 3.08500
v -6.13000 2.75250 3.08500
v -6.13000 1.24750 3.16500
v -6.08000 1.24750 3.16500
v -6.08000 2.75250 3.16500
v -6.13000 2.75250 3.16500
v -6.13000 1.24750 3.21000
v -6.08000 1.24750 3.21000
v -6.08000 2.75250 3.21000
v -6.13000 2.75250 3.21000
v -6.13000 1.24750 3.29000
v -6.08000 1.24750 3.29000
v -6.08000 2.75250 3.29000
v -6.13000 2.75250 3.29000
v -6.13000 1.24750 3.33500
v -6.08000 1.24750 3.33500
v -6.08000 2.75250 3.33500
v -6.13000 2.75250 3.33500
v -6.13000 1.24750 3.41500
v -6.08000 1.24750 3.41500
v -6.08000 2.75250 3.41500
v -6.13000 2.75250 3.41500
v -6.13000 1.24750 3.46000
v -6.08000 1.24750 3.46000
v -6.08000 2.75250 3.46000
v -6.13000 2.75250 3.46000
v -6.13000 1.24750 3.54000
v -6.08000 1.24750 3.54000
v -6.08000 2.75250 3.54000
v -6.13000 2.75250 3.54000
v -6.13000 1.24750 3.58500
v -6.08000 1.24750 3.58500
v -6.08000 2.75250 3.58500
v -6.13000 2.75250 3.58500
v -6.13000 1.24750 3.66500
v -6.08000 1.24750 3.66500
v -6.08000 2.75250 3.66500
v -6.13000 2.75250 3.66500
v -6.13000 1.24750 3.71000
v -6.08000 1.24750 3.71000
v -6.08000 2.75250 3.71000
v -6.13000 2.75250 3.71000
v -6.13000 1.24750 3.79000
v -6.08000 1.24750 3.79000
v -6.08000 2.75250 3.79000
v -6.13000 2.75250 3.79000
v -6.13000 1.24750 3.83500
v -6.08000 1.24750 3.83500
v -6.08000 2.75250 3.83500
v -6.13000 2.75250 3.83500
v -6.13000 1.24750 3.91500
v -6.08000 1.24750 3.91500
v -6.08000 2.75250 3.91500
v -6.13000 2.75250 3.91500
v -6.13000 1.24750 3.96000
v -6.08000 1.24750 3.96000
v -6.08000 2.75250 3.96000
v -6.13000 2.75250 3.96000
v -6.13000 1.24750 4.04000
v -6.08000 1.24750 4.04000
v -6.08000 2.75250 4.04000
v -6.13000 2.75250 4.04000
v -6.13000 1.24750 4.08500
v -6.08000 1.24750 4.08500
v -6.08000 2.75250 4.08500
v -6.13000 2.75250 4.08500
v -6.13000 1.24750 4.16500
v -6.08000 1.24750 4.16500
v -6.08000 2.75250 4.16500
v -6.13000 2.75250 4.16500
v -6.13000 1.24750 4.21000
v -6.08000 1.24750 4.21000
v -6.08000 2.75250 4.21000
v -6.13000 2.75250 4.21000
v -6.13000 1.24750 4.29000
v -6.08000 1.24750 4.29000
v -6.08000 2.75250 4.29000
v -6.13000 2.75250 4.29000
v -6.13000 1.24750 4.33500
v -6.08000 1.24750 4.33500
v -6.08000 2.75250 4.33500
v -6.13000 2.75250 4.33500
v -6.13000 1.24750 4.41500
v -6.08000 1.24750 4.41500
v -6.08000 2.75250 4.41500
v -6.13000 2.75250 4.41500
v -6.13000 1.24750 4.46000
v -6.08000 1.24750 4.46000
v -6.08000 2.75250 4.46000
v -6.13000 2.75250 4.46000
v -6.13000 1.24750 4.54000
v -6.08000 1.24750 4.54000
v -6.08000 2.75250 4.54000
v -6.13000 2.75250 4.54000
v -6.13000 1.24750 4.58500
v -6.08000 1.24750 4.58500
v -6.08000 2.75250 4.58500
v -6.13000 2.75250 4.58500
v -6.13000 1.24750 4.66500
v -6.08000 1.24750 4.66500
v -6.08000 2.75250 4.66500
v -6.13000 2.75250 4.66500
v -6.13000 1.24750 4.71000
v -6.08000 1.24750 4.71000
v -6.08000 2.75250 4.71000
v -6.13000 2.75250 4.71000
v -6.13000 1.24750 4.79000
v -6.08000 1.24750 4.79000
v -6.08000 2.75250 4.79000
v -6.13000 2.75250 4.79000
v -6.13000 1.24750 4.83500
v -6.08000 1.24750 4.83500
v -6.08000 2.75250 4.83500
v -6.13000 2.75250 4.83500
v -6.13000 1.24750 4.91500
v -6.08000 1.24750 4.91500
v -6.08000 2.75250 4.91500
v -6.13000 2.75250 4.91500
v -6.13000 1.24750 4.96000
v -6.08000 1.24750 4.96000
v -6.08000 2.75250 4.96000
v -6.13000 2.75250 4.96000
v -6.13000 1.24750 5.04000
v -6.08000 1.24750 5.04000
v -6.08000 2.75250 5.04000
v -6.13000 2.75250 5.04000
v -6.13000 1.24750 5.08500
v -6.08000 1.24750 5.08500
v -6.08000 2.75250 5.08500
v -6.13000 2.75250 5.08500
v -6.13000 1.24750 5.16500
v -6.08000 1.24750 5.16500
v -6.08000 2.75250 5.16500
v -6.13000 2.75250 5.16500
v -6.13000 1.24750 5.21000
v -6.08000 1.24750 5.21000
v -6.08000 2.75250 5.21000
v -6.13000 2.75250 5.21000
v -6.13000 1.24750 5.29000
v -6.08000 1.24750 5.29000
v -6.08000 2.75250 5.29000
v -6.13000 2.75250 5.29000
v -6.13000 1.24750 5.33500
v -6.08000 1.24750 5.33500
v -6.08000 2.75250 5.33500
v -6.13000 2.75250 5.33500
v -6.13000 1.24750 5.41500
v -6.08000 1.24750 5.41500
v -6.08000 2.75250 5.41500
v -6.13000 2.75250 5.41500
v -6.13000 1.24750 5.46000
v -6.08000 1.24750 5.46000
v -6.08000 2.75250 5.46000
v -6.13000 2.75250 5.46000
v -6.13000 1.24750 5.54000
v -6.08000 1.24750 5.54000
v -6.08000 2.75250 5.54000
v -6.13000 2.75250 5.54000
v -6.13000 1.24750 5.58500
v -6.08000 1.24750 5.58500
v -6.08000 2.75250 5.58500
v -6.13000 2.75250 5.58500
v -6.13000 1.24750 5.66500
v -6.08000 1.24750 5.66500
v -6.08000 2.75250 5.66500
v -6.13000 2.75250 5.66500
v -6.13000 1.24750 5.71000
v -6.08000 1.24750 5.71000
v -6.08000 2.75250 5.71000
v -6.13000 2.75250 5.71000
v -6.13000 1.24750 5.79000
v -6.08000 1.24750 5.79000
v -6.08000 2.75250 5.79000
v -6.13000 2.75250 5.79000
v -6.13000 1.24750 5.83500
v -6.08000 1.24750 5.83500
v -6.08000 2.75250 5.83500
v -6.13000 2.75250 5.83500
v -6.13000 1.24750 5.91500
v -6.08000 1.24750 5.91500
v -6.08000 2.75250 5.91500
v -6.13000 2.75250 5.91500
v -6.13000 1.24750 5.96000
v -6.08000 1.24750 5.96000
v -6.08000 2.75250 5.96000
v -6.13000 2.75250 5.96000
v -6.13000 1.24750 6.04000
v -6.08000 1.24750 6.04000
v -6.08000 2.75250 6.04000
v -6.13000 2.75250 6.04000
v -6.13000 1.24750 6.08500
v -6.08000 1.24750 6.08500
v -6.08000 2.75250 6.08500
v -6.13000 2.75250 6.08500
v -6.13000 1.24750 6.16500
v -6.08000 1.24750 6.16500
v -6.08000 2.75250 6.16500
v -6.13000 2.75250 6.16500
v -6.13000 1.24750 6.21000
v -6.08000 1.24750 6.21000
v -6.08000 2.75250 6.21000
v -6.13000 2.75250 6.21000
v -6.13000 1.24750 6.29000
v -6.08000 1.24750 6.29000
v -6.08000 2.75250 6.29000
v -6.13000 2.75250 6.29000
v -6.13000 1.24750 6.33500
v -6.08000 1.24750 6.33500
v -6.08000 2.75250 6.33500
v -6.13000 2.75250 6.33500
v -5.50000 1.45000 -6.97500
v -5.12500 1.45000 -6.97500
v -5.12500 2.55000 -6.97500
v -5.50000 2.55000 -6.97500
v -5.50000 1.45000 -5.37500
v -5.12500 1.45000 -5.37500
v -5.12500 2.55000 -5.37500
v -5.50000 2.55000 -5.37500
v -5.50000 1.45000 5.87500
v -5.12500 1.45000 5.87500
v -5.12500 2.55000 5.87500
v -5.50000 2.55000 5.87500
v -5.50000 1.45000 7.47500
v -5.12500 1.45000 7.47500
v -5.12500 2.55000 7.47500
v -5.50000 2.55000 7.47500
v 5.50000 0.75000 -6.37500
v 5.87500 0.75000 -6.37500
v 5.87500 3.25000 -6.37500
v 5.50000 3.25000 -6.37500
v 5.50000 0.75000 6.87500
v 5.87500 0.75000 6.87500
v 5.87500 3.25000 6.87500
v 5.50000 3.25000 6.87500
v 5.87500 1.12500 -6.37500
v 6.12500 1.12500 -6.37500
v 6.12500 2.87500 -6.37500
v 5.87500 2.87500 -6.37500
v 5.87500 1.12500 6.87500
v 6.12500 1.12500 6.87500
v 6.12500 2.87500 6.87500
v 5.87500 2.87500 6.87500
v 5.75000 0.75000 -7.12500
v 6.12500 0.75000 -7.12500
v 6.12500 3.25000 -7.12500
v 5.75000 3.25000 -7.12500
v 5.75000 0.75000 -6.37500
v 6.12500 0.75000 -6.37500
v 6.12500 3.25000 -6.37500
v 5.75000 3.25000 -6.37500
v 5.75000 0.75000 6.87500
v 6.12500 0.75000 6.87500
v 6.12500 3.25000 6.87500
v 5.75000 3.25000 6.87500
v 5.75000 0.75000 7.62500
v 6.12500 0.75000 7.62500
v 6.12500 3.25000 7.62500
v 5.75000 3.25000 7.62500
v 6.08000 1.24750 -5.83500
v 6.13000 1.24750 -5.83500
v 6.13000 2.75250 -5.83500
v 6.08000 2.75250 -5.83500
v 6.08000 1.24750 -5.79000
v 6.13000 1.24750 -5.79000
v 6.13000 2.75250 -5.79000
v 6.08000 2.75250 -5.79000
v 6.08000 1.24750 -5.71000
v 6.13000 1.24750 -5.71000
v 6.13000 2.75250 -5.71000
v 6.08000 2.75250 -5.71000
v 6.08000 1.24750 -5.66500
v 6.13000 1.24750 -5.66500
v 6.13000 2.75250 -5.66500
v 6.08000 2.75250 -5.66500
v 6.08000 1.24750 -5.58500
v 6.13000 1.24750 -5.58500
v 6.13000 2.75250 -5.58500
v 6.08000 2.75250 -5.58500
v 6.08000 1.24750 -5.54000
v 6.13000 1.24750 -5.54000
v 6.13000 2.75250 -5.54000
v 6.08000 2.75250 -5.54000
v 6.08000 1.24750 -5.46000
v 6.13000 1.24750 -5.46000
v 6.13000 2.75250 -5.46000
v 6.08000 2.75250 -5.46000
v 6.08000 1.24750 -5.41500
v 6.13000 1.24750 -5.41500
v 6.13000 2.75250 -5.41500
v 6.08000 2.75250 -5.41500
v 6.08000 1.24750 -5.33500
v 6.13000 1.24750 -5.33500
v 6.13000 2.75250 -5.33500
v 6.08000 2.75250 -5.33500
v 6.08000 1.24750 -5.29000
v 6.13000 1.24750 -5.29000
v 6.13000 2.75250 -5.29000
v 6.08000 2.75250 -5.29000
v 6.08000 1.24750 -5.21000
v 6.13000 1.24750 -5.21000
v 6.13000 2.75250 -5.21000
v 6.08000 2.75250 -5.21000
v 6.08000 1.24750 -5.16500
v 6.13000 1.24750 -5.16500
v 6.13000 2.75250 -5.16500
v 6.08000 2.75250 -5.16500
v 6.08000 1.24750 -5.08500
v 6.13000 1.24750 -5.08500
v 6.13000 2.75250 -5.08500
v 6.08000 2.75250 -5.08500
v 6.08000 1.24750 -5.04000
v 6.13000 1.24750 -5.04000
v 6.13000 2.75250 -5.04000
v 6.08000 2.75250 -5.04000
v 6.08000 1.24750 -4.96000
v 6.13000 1.24750 -4.96000
v 6.13000 2.75250 -4.96000
v 6.08000 2.75250 -4.96000
v 6.08000 1.24750 -4.91500
v 6.13000 1.24750 -4.91500
v 6.13000 2.75250 -4.91500
v 6.08000 2.75250 -4.91500
v 6.08000 1.24750 -4.83500
v 6.13000 1.24750 -4.83500
v 6.13000 2.75250 -4.83500
v 6.08000 2.75250 -4.83500
v 6.08000 1.24750 -4.79000
v 6.13000 1.24750 -4.79000
v 6.13000 2.75250 -4.79000
v 6.08000 2.75250 -4.79000
v 6.08000 1.24750 -4.71000
v 6.13000 1.24750 -4.71000
v 6.13000 2.75250 -4.71000
v 6.08000 2.75250 -4.71000
v 6.08000 1.24750 -4.66500
v 6.13000 1.24750 -4.66500
v 6.13000 2.75250 -4.66500
v 6.08000 2.75250 -4.66500
v 6.08000 1.24750 -4.58500
v 6.13000 1.24750 -4.58500
v 6.13000 2.75250 -4.58500
v 6.08000 2.75250 -4.58500
v 6.08000 1.24750 -4.54000
v 6.13000 1.24750 -4.54000
v 6.13000 2.75250 -4.54000
v 6.08000 2.75250 -4.54000
v 6.08000 1.24750 -4.46000
v 6.13000 1.24750 -4.46000
v 6.13000 2.75250 -4.46000
v 6.08000 2.75250 -4.46000
v 6.08000 1.24750 -4.41500
v 6.13000 1.24750 -4.41500
v 6.13000 2.75250 -4.41500
v 6.08000 2.75250 -4.41500
v 6.08000 1.24750 -4.33500
v 6.13000 1.24750 -4.33500
v 6.13000 2.75250 -4.33500
v 6.08000 2.75250 -4.33500
v 6.08000 1.24750 -4.29000
v 6.13000 1.24750 -4.29000
v 6.13000 2.75250 -4.29000
v 6.08000 2.75250 -4.29000
v 6.08000 1.24750 -4.21000
v 6.13000 1.24750 -4.21000
v 6.13000 2.75250 -4.21000
v 6.08000 2.75250 -4.21000
v 6.08000 1.24750 -4.16500
v 6.13000 1.24750 -4.16500
v 6.13000 2.75250 -4.16500
v 6.08000 2.75250 -4.16500
v 6.08000 1.24750 -4.08500
v 6.13000 1.24750 -4.08500
v 6.13000 2.75250 -4.08500
v 6.08000 2.75250 -4.08500
v 6.08000 1.24750 -4.04000
v 6.13000 1.24750 -4.04000
v 6.13000 2.75250 -4.04000
v 6.08000 2.75250 -4.04000
v 6.08000 1.24750 -3.96000
v 6.13000 1.24750 -3.96000
v 6.13000 2.75250 -3.96000
v 6.08000 2.75250 -3.96000
v 6.08000 1.24750 -3.91500
v 6.13000 1.24750 -3.91500
v 6.13000 2.75250 -3.91500
v 6.08000 2.75250 -3.91500
v 6.08000 1.24750 -3.83500
v 6.13000 1.24750 -3.83500
v 6.13000 2.75250 -3.83500
v 6.08000 2.75250 -3.83500
v 6.08000 1.24750 -3.79000
v 6.13000 1.24750 -3.79000
v 6.13000 2.75250 -3.79000
v 6.08000 2.75250 -3.79000
v 6.08000 1.24750 -3.71000
v 6.13000 1.24750 -3.71000
v 6.13000 2.75250 -3.71000
v 6.08000 2.75250 -3.71000
v 6.08000 1.24750 -3.66500
v 6.13000 1.24750 -3.66500
v 6.13000 2.75250 -3.66500
v 6.08000 2.75250 -3.66500
v 6.08000 1.24750 -3.58500
v 6.13000 1.24750 -3.58500
v 6.13000 2.75250 -3.58500
v 6.08000 2.75250 -3.58500
v 6.08000 1.24750 -3.54000
v 6.13000 1.24750 -3.54000
v 6.13000 2.75250 -3.54000
v 6.08000 2.75250 -3.54000
v 6.08000 1.24750 -3.46000
v 6.13000 1.24750 -3.46000
v 6.13000 2.75250 -3.46000
v 6.08000 2.75250 -3.46000
v 6.08000 1.24750 -3.41500
v 6.13000 1.24750 -3.41500
v 6.13000 2.75250 -3.41500
v 6.08000 2.75250 -3.41500
v 6.08000 1.24750 -3.33500
v 6.13000 1.24750 -3.33500
v 6.13000 2.75250 -3.33500
v 6.08000 2.75250 -3.33500
v 6.08000 1.24750 -3.29000
v 6.13000 1.24750 -3.29000
v 6.13000 2.75250 -3.29000
v 6.08000 2.75250 -3.29000
v 6.08000 1.24750 -3.21000
v 6.13000 1.24750 -3.21000
v 6.13000 2.75250 -3.21000
v 6.08000 2.75250 -3.21000
v 6.08000 1.24750 -3.16500
v 6.13000 1.24750 -3.16500
v 6.13000 2.75250 -3.16500
v 6.08000 2.75250 -3.16500
v 6.08000 1.24750 -3.08500
v 6.13000 1.24750 -3.08500
v 6.13000 2.75250 -3.08500
v 6.08000 2.75250 -3.08500
v 6.08000 1.24750 -3.04000
v 6.13000 1.24750 -3.04000
v 6.13000 2.75250 -3.04000
v 6.08000 2.75250 -3.04000
v 6.08000 1.24750 -2.96000
v 6.13000 1.24750 -2.96000
v 6.13000 2.75250 -2.96000
v 6.08000 2.75250 -2.96000
v 6.08000 1.24750 -2.91500
v 6.13000 1.24750 -2.91500
v 6.13000 2.75250 -2.91500
v 6.08000 2.75250 -2.91500
v 6.08000 1.24750 -2.83500
v 6.13000 1.24750 -2.83500
v 6.13000 2.75250 -2.83500
v 6.08000 2.75250 -2.83500
v 6.08000 1.24750 -2.79000
v 6.13000 1.24750 -2.79000
v 6.13000 2.75250 -2.79000
v 6.08000 2.75250 -2.79000
v 6.08000 1.24750 -2.71000
v 6.13000 1.24750 -2.71000
v 6.13000 2.75250 -2.71000
v 6.08000 2.75250 -2.71000
v 6.08000 1.24750 -2.66500
v 6.13000 1.24750 -2.66500
v 6.13000 2.75250 -2.66500
v 6.08000 2.75250 -2.66500
v 6.08000 1.24750 -2.58500
v 6.13000 1.24750 -2.58500
v 6.13000 2.75250 -2.58500
v 6.08000 2.75250 -2.58500
v 6.08000 1.24750 -2.54000
v 6.13000 1.24750 -2.54000
v 6.13000 2.75250 -2.54000
v 6.08000 2.75250 -2.54000
v 6.08000 1.24750 -2.46000
v 6.13000 1.24750 -2.46000
v 6.13000 2.75250 -2.46000
v 6.08000 2.75250 -2.46000
v 6.08000 1.24750 -2.41500
v 6.13000 1.24750 -2.41500
v 6.13000 2.75250 -2.41500
v 6.08000 2.75250 -2.41500
v 6.08000 1.24750 -2.33500
v 6.13000 1.24750 -2.33500
v 6.13000 2.75250 -2.33500
v 6.08000 2.75250 -2.33500
v 6.08000 1.24750 -2.29000
v 6.13000 1.24750 -2.29000
v 6.13000 2.75250 -2.29000
v 6.08000 2.75250 -2.29000
v 6.08000 1.24750 -2.21000
v 6.13000 1.24750 -2.21000
v 6.13000 2.75250 -2.21000
v 6.08000 2.75250 -2.21000
v 6.08000 1.24750 -2.16500
v 6.13000 1.24750 -2.16500
v 6.13000 2.75250 -2.16500
v 6.08000 2.75250 -2.16500
v 6.08000 1.24750 -2.08500
v 6.13000 1.24750 -2.08500
v 6.13000 2.75250 -2.08500
v 6.08000 2.75250 -2.08500
v 6.08000 1.24750 -2.04000
v 6.13000 1.24750 -2.04000
v 6.13000 2.75250 -2.04000
v 6.08000 2.75250 -2.04000
v 6.08000 1.24750 -1.96000
v 6.13000 1.24750 -1.96000
v 6.13000 2.75250 -1.96000
v 6.08000 2.75250 -1.96000
v 6.08000 1.24750 -1.91500
v 6.13000 1.24750 -1.91500
v 6.13000 2.75250 -1.91500
v 6.08000 2.75250 -1.91500
v 6.08000 1.24750 -1.83500
v 6.13000 1.24750 -1.83500
v 6.13000 2.75250 -1.83500
v 6.08000 2.75250 -1.83500
v 6.08000 1.24750 -1.79000
v 6.13000 1.24750 -1.79000
v 6.13000 2.75250 -1.79000
v 6.08000 2.75250 -1.79000
v 6.08000 1.24750 -1.71000
v 6.13000 1.24750 -1.71000
v 6.13000 2.75250 -1.71000
v 6.08000 2.75250 -1.71000
v 6.08000 1.24750 -1.66500
v 6.13000 1.24750 -1.66500
v 6.13000 2.75250 -1.66500
v 6.08000 2.75250 -1.66500
v 6.08000 1.24750 -1.58500
v 6.13000 1.24750 -1.58500
v 6.13000 2.75250 -1.58500
v 6.08000 2.75250 -1.58500
v 6.08000 1.24750 -1.54000
v 6.13000 1.24750 -1.54000
v 6.13000 2.75250 -1.54000
v 6.08000 2.75250 -1.54000
v 6.08000 1.24750 -1.46000
v 6.13000 1.24750 -1.46000
v 6.13000 2.75250 -1.46000
v 6.08000 2.75250 -1.46000
v 6.08000 1.24750 -1.41500
v 6.13000 1.24750 -1.41500
v 6.13000 2.75250 -1.41500
v 6.08000 2.75250 -1.41500
v 6.08000 1.24750 -1.33500
v 6.13000 1.24750 -1.33500
v 6.13000 2.75250 -1.33500
v 6.08000 2.75250 -1.33500
v 6.08000 1.24750 -1.29000
v 6.13000 1.24750 -1.29000
v 6.13000 2.75250 -1.29000
v 6.08000 2.75250 -1.29000
v 6.08000 1.24750 -1.21000
v 6.13000 1.24750 -1.21000
v 6.13000 2.75250 -1.21000
v 6.08000 2.75250 -1.21000
v 6.08000 1.24750 -1.16500
v 6.13000 1.24750 -1.16500
v 6.13000 2.75250 -1.16500
v 6.08000 2.75250 -1.16500
v 6.08000 1.24750 -1.08500
v 6.13000 1.24750 -1.08500
v 6.13000 2.75250 -1.08500
v 6.08000 2.75250 -1.08500
v 6.08000 1.24750 -1.04000
v 6.13000 1.24750 -1.04000
v 6.13000 2.75250 -1.04000
v 6.08000 2.75250 -1.04000
v 6.08000 1.24750 -0.96000
v 6.13000 1.24750 -0.96000
v 6.13000 2.75250 -0.96000
v 6.08000 2.75250 -0.96000
v 6.08000 1.24750 -0.91500
v 6.13000 1.24750 -0.91500
v 6.13000 2.75250 -0.91500
v 6.08000 2.75250 -0.91500
v 6.08000 1.24750 -0.83500
v 6.13000 1.24750 -0.83500
v 6.13000 2.75250 -0.83500
v 6.08000 2.75250 -0.83500
v 6.08000 1.24750 -0.79000
v 6.13000 1.24750 -0.79000
v 6.13000 2.75250 -0.79000
v 6.08000 2.75250 -0.79000
v 6.08000 1.24750 -0.71000
v 6.13000 1.24750 -0.71000
v 6.13000 2.75250 -0.71000
v 6.08000 2.75250 -0.71000
v 6.08000 1.24750 -0.66500
v 6.13000 1.24750 -0.66500
v 6.13000 2.75250 -0.66500
v 6.08000 2.75250 -0.66500
v 6.08000 1.24750 -0.58500
v 6.13000 1.24750 -0.58500
v 6.13000 2.75250 -0.58500
v 6.08000 2.75250 -0.58500
v 6.08000 1.24750 -0.54000
v 6.13000 1.24750 -0.54000
v 6.13000 2.75250 -0.54000
v 6.08000 2.75250 -0.54000
v 6.08000 1.24750 -0.46000
v 6.13000 1.24750 -0.46000
v 6.13000 2.75250 -0.46000
v 6.08000 2.75250 -0.46000
v 6.08000 1.24750 -0.41500
v 6.13000 1.24750 -0.41500
v 6.13000 2.75250 -0.41500
v 6.08000 2.75250 -0.41500
v 6.08000 1.24750 -0.33500
v 6.13000 1.24750 -0.33500
v 6.13000 2.75250 -0.33500
v 6.08000 2.75250 -0.33500
v 6.08000 1.24750 -0.29000
v 6.13000 1.24750 -0.29000
v 6.13000 2.75250 -0.29000
v 6.08000 2.75250 -0.29000
v 6.08000 1.24750 -0.21000
v 6.13000 1.24750 -0.21000
v 6.13000 2.75250 -0.21000
v 6.08000 2.75250 -0.21000
v 6.08000 1.24750 -0.16500
v 6.13000 1.24750 -0.16500
v 6.13000 2.75250 -0.16500
v 6.08000 2.75250 -0.16500
v 6.08000 1.24750 -0.08500
v 6.13000 1.24750 -0.08500
v 6.13000 2.75250 -0.08500
v 6.08000 2.75250 -0.08500
v 6.08000 1.24750 -0.04000
v 6.13000 1.24750 -0.04000
v 6.13000 2.75250 -0.04000
v 6.08000 2.75250 -0.04000
v 6.08000 1.24750 0.04000
v 6.13000 1.24750 0.04000
v 6.13000 2.75250 0.04000
v 6.08000 2.75250 0.04000
v 6.08000 1.24750 0.08500
v 6.13000 1.24750 0.08500
v 6.13000 2.75250 0.08500
v 6.08000 2.75250 0.08500
v 6.08000 1.24750 0.16500
v 6.13000 1.24750 0.16500
v 6.13000 2.75250 0.16500
v 6.08000 2.75250 0.16500
v 6.08000 1.24750 0.21000
v 6.13000 1.24750 0.21000
v 6.13000 2.75250 0.21000
v 6.08000 2.75250 0.21000
v 6.08000 1.24750 0.29000
v 6.13000 1.24750 0.29000
v 6.13000 2.75250 0.29000
v 6.08000 2.75250 0.29000
v 6.08000 1.24750 0.33500
v 6.13000 1.24750 0.33500
v 6.13000 2.75250 0.33500
v 6.08000 2.75250 0.33500
v 6.08000 1.24750 0.41500
v 6.13000 1.24750 0.41500
v 6.13000 2.75250 0.41500
v 6.08000 2.75250 0.41500
v 6.08000 1.24750 0.46000
v 6.13000 1.24750 0.46000
v 6.13000 2.75250 0.46000
v 6.08000 2.75250 0.46000
v 6.08000 1.24750 0.54000
v 6.13000 1.24750 0.54000
v 6.13000 2.75250 0.54000
v 6.08000 2.75250 0.54000
v 6.08000 1.24750 0.58500
v 6.13000 1.24750 0.58500
v 6.13000 2.75250 0.58500
v 6.08000 2.75250 0.58500
v 6.08000 1.24750 0.66500
v 6.13000 1.24750 0.66500
v 6.13000 2.75250 0.66500
v 6.08000 2.75250 0.66500
v 6.08000 1.24750 0.71000
v 6.13000 1.24750 0.71000
v 6.13000 2.75250 0.71000
v 6.08000 2.75250 0.71000
v 6.08000 1.24750 0.79000
v 6.13000 1.24750 0.79000
v 6.13000 2.75250 0.79000
v 6.08000 2.75250 0.79000
v 6.08000 1.24750 0.83500
v 6.13000 1.24750 0.83500
v 6.13000 2.75250 0.83500
v 6.08000 2.75250 0.83500
v 6.08000 1.24750 0.91500
v 6.13000 1.24750 0.91500
v 6.13000 2.75250 0.91500
v 6.08000 2.75250 0.91500
v 6.08000 1.24750 0.96000
v 6.13000 1.24750 0.96000
v 6.13000 2.75250 0.96000
v 6.08000 2.75250 0.96000
v 6.08000 1.24750 1.04000
v 6.13000 1.24750 1.04000
v 6.13000 2.75250 1.04000
v 6.08000 2.75250 1.04000
v 6.08000 1.24750 1.08500
v 6.13000 1.24750 1.08500
v 6.13000 2.75250 1.08500
v 6.08000 2.75250 1.08500
v 6.08000 1.24750 1.16500
v 6.13000 1.24750 1.16500
v 6.13000 2.75250 1.16500
v 6.08000 2.75250 1.16500
v 6.08000 1.24750 1.21000
v 6.13000 1.24750 1.21000
v 6.13000 2.75250 1.21000
v 6.08000 2.75250 1.21000
v 6.08000 1.24750 1.29000
v 6.13000 1.24750 1.29000
v 6.13000 2.75250 1.29000
v 6.08000 2.75250 1.29000
v 6.08000 1.24750 1.33500
v 6.13000 1.24750 1.33500
v 6.13000 2.75250 1.33500
v 6.08000 2.75250 1.33500
v 6.08000 1.24750 1.41500
v 6.13000 1.24750 1.41500
v 6.13000 2.75250 1.41500
v 6.08000 2.75250 1.41500
v 6.08000 1.24750 1.46000
v 6.13000 1.24750 1.46000
v 6.13000 2.75250 1.46000
v 6.08000 2.75250 1.46000
v 6.08000 1.24750 1.54000
v 6.13000 1.24750 1.54000
v 6.13000 2.75250 1.54000
v 6.08000 2.75250 1.54000
v 6.08000 1.24750 1.58500
v 6.13000 1.24750 1.58500
v 6.13000 2.75250 1.58500
v 6.08000 2.75250 1.58500
v 6.08000 1.24750 1.66500
v 6.13000 1.24750 1.66500
v 6.13000 2.75250 1.66500
v 6.08000 2.75250 1.66500
v 6.08000 1.24750 1.71000
v 6.13000 1.24750 1.71000
v 6.13000 2.75250 1.71000
v 6.08000 2.75250 1.71000
v 6.08000 1.24750 1.79000
v 6.13000 1.24750 1.79000
v 6.13000 2.75250 1.79000
v 6.08000 2.75250 1.79000
v 6.08000 1.24750 1.83500
v 6.13000 1.24750 1.83500
v 6.13000 2.75250 1.83500
v 6.08000 2.75250 1.83500
v 6.08000 1.24750 1.91500
v 6.13000 1.24750 1.91500
v 6.13000 2.75250 1.91500
v 6.08000 2.75250 1.91500
v 6.08000 1.24750 1.96000
v 6.13000 1.24750 1.96000
v 6.13000 2.75250 1.96000
v 6.08000 2.75250 1.96000
v 6.08000 1.24750 2.04000
v 6.13000 1.24750 2.04000
v 6.13000 2.75250 2.04000
v 6.08000 2.75250 2.04000
v 6.08000 1.24750 2.08500
v 6.13000 1.24750 2.08500
v 6.13000 2.75250 2.08500
v 6.08000 2.75250 2.08500
v 6.08000 1.24750 2.16500
v 6.13000 1.24750 2.16500
v 6.13000 2.75250 2.16500
v 6.08000 2.75250 2.16500
v 6.08000 1.24750 2.21000
v 6.13000 1.24750 2.21000
v 6.13000 2.75250 2.21000
v 6.08000 2.75250 2.21000
v 6.08000 1.24750 2.29000
v 6.13000 1.24750 2.29000
v 6.13000 2.75250 2.29000
v 6.08000 2.75250 2.29000
v 6.08000 1.24750 2.33500
v 6.13000 1.24750 2.33500
v 6.13000 2.75250 2.33500
v 6.08000 2.75250 2.33500
v 6.08000 1.24750 2.41500
v 6.13000 1.24750 2.41500
v 6.13000 2.75250 2.41500
v 6.08000 2.75250 2.41500
v 6.08000 1.24750 2.46000
v 6.13000 1.24750 2.46000
v 6.13000 2.75250 2.46000
v 6.08000 2.75250 2.46000
v 6.08000 1.24750 2.54000
v 6.13000 1.24750 2.54000
v 6.13000 2.75250 2.54000
v 6.08000 2.75250 2.54000
v 6.08000 1.24750 2.58500
v 6.13000 1.24750 2.58500
v 6.13000 2.75250 2.58500
v 6.08000 2.75250 2.58500
v 6.08000 1.24750 2.66500
v 6.13000 1.24750 2.66500
v 6.13000 2.75250 2.66500
v 6.08000 2.75250 2.66500
v 6.08000 1.24750 2.71000
v 6.13000 1.24750 2.71000
v 6.13000 2.75250 2.71000
v 6.08000 2.75250 2.71000
v 6.08000 1.24750 2.79000
v 6.13000 1.24750 2.79000
v 6.13000 2.75250 2.79000
v 6.08000 2.75250 2.79000
v 6.08000 1.24750 2.83500
v 6.13000 1.24750 2.83500
v 6.13000 2.75250 2.83500
v 6.08000 2.75250 2.83500
v 6.08000 1.24750 2.91500
v 6.13000 1.24750 2.91500
v 6.13000 2.75250 2.91500
v 6.08000 2.75250 2.91500
v 6.08000 1.24750 2.96000
v 6.13000 1.24750 2.96000
v 6.13000 2.75250 2.96000
v 6.08000 2.75250 2.96000
v 6.08000 1.24750 3.04000
v 6.13000 1.24750 3.04000
v 6.13000 2.75250 3.04000
v 6.08000 2.75250 3.04000
v 6.08000 1.24750 3.08500
v 6.13000 1.24750 3.08500
v 6.13000 2.75250 3.08500
v 6.08000 2.75250 3.08500
v 6.08000 1.24750 3.16500
v 6.13000 1.24750 3.16500
v 6.13000 2.75250 3.16500
v 6.08000 2.75250 3.16500
v 6.08000 1.24750 3.21000
v 6.13000 1.24750 3.21000
v 6.13000 2.75250 3.21000
v 6.08000 2.75250 3.21000
v 6.08000 1.24750 3.29000
v 6.13000 1.24750 3.29000
v 6.13000 2.75250 3.29000
v 6.08000 2.75250 3.29000
v 6.08000 1.24750 3.33500
v 6.13000 1.24750 3.33500
v 6.13000 2.75250 3.33500
v 6.08000 2.75250 3.33500
v 6.08000 1.24750 3.41500
v 6.13000 1.24750 3.41500
v 6.13000 2.75250 3.41500
v 6.08000 2.75250 3.41500
v 6.08000 1.24750 3.46000
v 6.13000 1.24750 3.46000
v 6.13000 2.75250 3.46000
v 6.08000 2.75250 3.46000
v 6.08000 1.24750 3.54000
v 6.13000 1.24750 3.54000
v 6.13000 2.75250 3.54000
v 6.08000 2.75250 3.54000
v 6.08000 1.24750 3.58500
v 6.13000 1.24750 3.58500
v 6.13000 2.75250 3.58500
v 6.08000 2.75250 3.58500
v 6.08000 1.24750 3.66500
v 6.13000 1.24750 3.66500
v 6.13000 2.75250 3.66500
v 6.08000 2.75250 3.66500
v 6.08000 1.24750 3.71000
v 6.13000 1.24750 3.71000
v 6.13000 2.75250 3.71000
v 6.08000 2.75250 3.71000
v 6.08000 1.24750 3.79000
v 6.13000 1.24750 3.79000
v 6.13000 2.75250 3.79000
v 6.08000 2.75250 3.79000
v 6.08000 1.24750 3.83500
v 6.13000 1.24750 3.83500
v 6.13000 2.75250 3.83500
v 6.08000 2.75250 3.83500
v 6.08000 1.24750 3.91500
v 6.13000 1.24750 3.91500
v 6.13000 2.75250 3.91500
v 6.08000 2.75250 3.91500
v 6.08000 1.24750 3.96000
v 6.13000 1.24750 3.96000
v 6.13000 2.75250 3.96000
v 6.08000 2.75250 3.96000
v 6.08000 1.24750 4.04000
v 6.13000 1.24750 4.04000
v 6.13000 2.75250 4.04000
v 6.08000 2.75250 4.04000
v 6.08000 1.24750 4.08500
v 6.13000 1.24750 4.08500
v 6.13000 2.75250 4.08500
v 6.08000 2.75250 4.08500
v 6.08000 1.24750 4.16500
v 6.13000 1.24750 4.16500
v 6.13000 2.75250 4.16500
v 6.08000 2.75250 4.16500
v 6.08000 1.24750 4.21000
v 6.13000 1.24750 4.21000
v 6.13000 2.75250 4.21000
v 6.08000 2.75250 4.21000
v 6.08000 1.24750 4.29000
v 6.13000 1.24750 4.29000
v 6.13000 2.75250 4.29000
v 6.08000 2.75250 4.29000
v 6.08000 1.24750 4.33500
v 6.13000 1.24750 4.33500
v 6.13000 2.75250 4.33500
v 6.08000 2.75250 4.33500
v 6.08000 1.24750 4.41500
v 6.13000 1.24750 4.41500
v 6.13000 2.75250 4.41500
v 6.08000 2.75250 4.41500
v 6.08000 1.24750 4.46000
v 6.13000 1.24750 4.46000
v 6.13000 2.75250 4.46000
v 6.08000 2.75250 4.46000
v 6.08000 1.24750 4.54000
v 6.13000 1.24750 4.54000
v 6.13000 2.75250 4.54000
v 6.08000 2.75250 4.54000
v 6.08000 1.24750 4.58500
v 6.13000 1.24750 4.58500
v 6.13000 2.75250 4.58500
v 6.08000 2.75250 4.58500
v 6.08000 1.24750 4.66500
v 6.13000 1.24750 4.66500
v 6.13000 2.75250 4.66500
v 6.08000 2.75250 4.66500
v 6.08000 1.24750 4.71000
v 6.13000 1.24750 4.71000
v 6.13000 2.75250 4.71000
v 6.08000 2.75250 4.71000
v 6.08000 1.24750 4.79000
v 6.13000 1.24750 4.79000
v 6.13000 2.75250 4.79000
v 6.08000 2.75250 4.79000
v 6.08000 1.24750 4.83500
v 6.13000 1.24750 4.83500
v 6.13000 2.75250 4.83500
v 6.08000 2.75250 4.83500
v 6.08000 1.24750 4.91500
v 6.13000 1.24750 4.91500
v 6.13000 2.75250 4.91500
v 6.08000 2.75250 4.91500
v 6.08000 1.24750 4.96000
v 6.13000 1.24750 4.96000
v 6.13000 2.75250 4.96000
v 6.08000 2.75250 4.96000
v 6.08000 1.24750 5.04000
v 6.13000 1.24750 5.04000
v 6.13000 2.75250 5.04000
v 6.08000 2.75250 5.04000
v 6.08000 1.24750 5.08500
v 6.13000 1.24750 5.08500
v 6.13000 2.75250 5.08500
v 6.08000 2.75250 5.08500
v 6.08000 1.24750 5.16500
v 6.13000 1.24750 5.16500
v 6.13000 2.75250 5.16500
v 6.08000 2.75250 5.16500
v 6.08000 1.24750 5.21000
v 6.13000 1.24750 5.21000
v 6.13000 2.75250 5.21000
v 6.08000 2.75250 5.21000
v 6.08000 1.24750 5.29000
v 6.13000 1.24750 5.29000
v 6.13000 2.75250 5.29000
v 6.08000 2.75250 5.29000
v 6.08000 1.24750 5.33500
v 6.13000 1.24750 5.33500
v 6.13000 2.75250 5.33500
v 6.08000 2.75250 5.33500
v 6.08000 1.24750 5.41500
v 6.13000 1.24750 5.41500
v 6.13000 2.75250 5.41500
v 6.08000 2.75250 5.41500
v 6.08000 1.24750 5.46000
v 6.13000 1.24750 5.46000
v 6.13000 2.75250 5.46000
v 6.08000 2.75250 5.46000
v 6.08000 1.24750 5.54000
v 6.13000 1.24750 5.54000
v 6.13000 2.75250 5.54000
v 6.08000 2.75250 5.54000
v 6.08000 1.24750 5.58500
v 6.13000 1.24750 5.58500
v 6.13000 2.75250 5.58500
v 6.08000 2.75250 5.58500
v 6.08000 1.24750 5.66500
v 6.13000 1.24750 5.66500
v 6.13000 2.75250 5.66500
v 6.08000 2.75250 5.66500
v 6.08000 1.24750 5.71000
v 6.13000 1.24750 5.71000
v 6.13000 2.75250 5.71000
v 6.08000 2.75250 5.71000
v 6.08000 1.24750 5.79000
v 6.13000 1.24750 5.79000
v 6.13000 2.75250 5.79000
v 6.08000 2.75250 5.79000
v 6.08000 1.24750 5.83500
v 6.13000 1.24750 5.83500
v 6.13000 2.75250 5.83500
v 6.08000 2.75250 5.83500
v 6.08000 1.24750 5.91500
v 6.13000 1.24750 5.91500
v 6.13000 2.75250 5.91500
v 6.08000 2.75250 5.91500
v 6.08000 1.24750 5.96000
v 6.13000 1.24750 5.96000
v 6.13000 2.75250 5.96000
v 6.08000 2.75250 5.96000
v 6.08000 1.24750 6.04000
v 6.13000 1.24750 6.04000
v 6.13000 2.75250 6.04000
v 6.08000 2.75250 6.04000
v 6.08000 1.24750 6.08500
v 6.13000 1.24750 6.08500
v 6.13000 2.75250 6.08500
v 6.08000 2.75250 6.08500
v 6.08000 1.24750 6.16500
v 6.13000 1.24750 6.16500
v 6.13000 2.75250 6.16500
v 6.08000 2.75250 6.16500
v 6.08000 1.24750 6.21000
v 6.13000 1.24750 6.21000
v 6.13000 2.75250 6.21000
v 6.08000 2.75250 6.21000
v 6.08000 1.24750 6.29000
v 6.13000 1.24750 6.29000
v 6.13000 2.75250 6.29000
v 6.08000 2.75250 6.29000
v 6.08000 1.24750 6.33500
v 6.13000 1.24750 6.33500
v 6.13000 2.75250 6.33500
v 6.08000 2.75250 6.33500
v 5.12500 1.45000 -6.97500
v 5.50000 1.45000 -6.97500
v 5.50000 2.55000 -6.97500
v 5.12500 2.55000 -6.97500
v 5.12500 1.45000 -5.37500
v 5.50000 1.45000 -5.37500
v 5.50000 2.55000 -5.37500
v 5.12500 2.55000 -5.37500
v 5.12500 1.45000 5.87500
v 5.50000 1.45000 5.87500
v 5.50000 2.55000 5.87500
v 5.12500 2.55000 5.87500
v 5.12500 1.45000 7.47500
v 5.50000 1.45000 7.47500
v 5.50000 2.55000 7.47500
v 5.12500 2.55000 7.47500
v -6.00000 2.87500 -6.25000
v -5.87500 2.87500 -6.25000
v -5.87500 7.12500 -6.25000
v -6.00000 7.12500 -6.25000
v -6.00000 2.87500 6.75000
v -5.87500 2.87500 6.75000
v -5.87500 7.12500 6.75000
v -6.00000 7.12500 6.75000
v -6.00000 -6.62500 -6.25000
v -5.87500 -6.62500 -6.25000
v -5.87500 1.12500 -6.25000
v -6.00000 1.12500 -6.25000
v -6.00000 -6.62500 6.75000
v -5.87500 -6.62500 6.75000
v -5.87500 1.12500 6.75000
v -6.00000 1.12500 6.75000
v 5.87500 2.87500 -6.25000
v 6.00000 2.87500 -6.25000
v 6.00000 7.12500 -6.25000
v 5.87500 7.12500 -6.25000
v 5.87500 2.87500 6.75000
v 6.00000 2.87500 6.75000
v 6.00000 7.12500 6.75000
v 5.87500 7.12500 6.75000
v 5.87500 -6.62500 -6.25000
v 6.00000 -6.62500 -6.25000
v 6.00000 1.12500 -6.25000
v 5.87500 1.12500 -6.25000
v 5.87500 -6.62500 6.75000
v 6.00000 -6.62500 6.75000
v 6.00000 1.12500 6.75000
v 5.87500 1.12500 6.75000
v -6.00000 -9.25000 7.87500
v 6.00000 -9.25000 7.87500
v 6.00000 9.25000 7.87500
v -6.00000 9.25000 7.87500
v -6.00000 -9.25000 8.00000
v 6.00000 -9.25000 8.00000
v 6.00000 9.25000 8.00000
v -6.00000 9.25000 8.00000
v -6.06000 3.71000 -5.52500
v -6.06000 3.69911 -5.47727
v -6.06000 3.66858 -5.43900
v -6.06000 3.62448 -5.41776
v -6.06000 3.57552 -5.41776
v -6.06000 3.53142 -5.43900
v -6.06000 3.50089 -5.47727
v -6.06000 3.49000 -5.52500
v -6.06000 3.50089 -5.57273
v -6.06000 3.53142 -5.61100
v -6.06000 3.57552 -5.63224
v -6.06000 3.62448 -5.63224
v -6.06000 3.66858 -5.61100
v -6.06000 3.69911 -5.57273
v -6.00000 3.71000 -5.52500
v -6.00000 3.69911 -5.47727
v -6.00000 3.66858 -5.43900
v -6.00000 3.62448 -5.41776
v -6.00000 3.57552 -5.41776
v -6.00000 3.53142 -5.43900
v -6.00000 3.50089 -5.47727
v -6.00000 3.49000 -5.52500
v -6.00000 3.50089 -5.57273
v -6.00000 3.53142 -5.61100
v -6.00000 3.57552 -5.63224
v -6.00000 3.62448 -5.63224
v -6.00000 3.66858 -5.61100
v -6.00000 3.69911 -5.57273
v -6.06000 6.51000 -4.73750
v -6.06000 6.49911 -4.68977
v -6.06000 6.46858 -4.65150
v -6.06000 6.42448 -4.63026
v -6.06000 6.37552 -4.63026
v -6.06000 6.33142 -4.65150
v -6.06000 6.30089 -4.68977
v -6.06000 6.29000 -4.73750
v -6.06000 6.30089 -4.78523
v -6.06000 6.33142 -4.82350
v -6.06000 6.37552 -4.84474
v -6.06000 6.42448 -4.84474
v -6.06000 6.46858 -4.82350
v -6.06000 6.49911 -4.78523
v -6.00000 6.51000 -4.73750
v -6.00000 6.49911 -4.68977
v -6.00000 6.46858 -4.65150
v -6.00000 6.42448 -4.63026
v -6.00000 6.37552 -4.63026
v -6.00000 6.33142 -4.65150
v -6.00000 6.30089 -4.68977
v -6.00000 6.29000 -4.73750
v -6.00000 6.30089 -4.78523
v -6.00000 6.33142 -4.82350
v -6.00000 6.37552 -4.84474
v -6.00000 6.42448 -4.84474
v -6.00000 6.46858 -4.82350
v -6.00000 6.49911 -4.78523
v -6.06000 6.51000 -1.15000
v -6.06000 6.49911 -1.10227
v -6.06000 6.46858 -1.06400
v -6.06000 6.42448 -1.04276
v -6.06000 6.37552 -1.04276
v -6.06000 6.33142 -1.06400
v -6.06000 6.30089 -1.10227
v -6.06000 6.29000 -1.15000
v -6.06000 6.30089 -1.19773
v -6.06000 6.33142 -1.23600
v -6.06000 6.37552 -1.25724
v -6.06000 6.42448 -1.25724
v -6.06000 6.46858 -1.23600
v -6.06000 6.49911 -1.19773
v -6.00000 6.51000 -1.15000
v -6.00000 6.49911 -1.10227
v -6.00000 6.46858 -1.06400
v -6.00000 6.42448 -1.04276
v -6.00000 6.37552 -1.04276
v -6.00000 6.33142 -1.06400
v -6.00000 6.30089 -1.10227
v -6.00000 6.29000 -1.15000
v -6.00000 6.30089 -1.19773
v -6.00000 6.33142 -1.23600
v -6.00000 6.37552 -1.25724
v -6.00000 6.42448 -1.25724
v -6.00000 6.46858 -1.23600
v -6.00000 6.49911 -1.19773
v -6.06000 6.51000 2.43750
v -6.06000 6.49911 2.48523
v -6.06000 6.46858 2.52350
v -6.06000 6.42448 2.54474
v -6.06000 6.37552 2.54474
v -6.06000 6.33142 2.52350
v -6.06000 6.30089 2.48523
v -6.06000 6.29000 2.43750
v -6.06000 6.30089 2.38977
v -6.06000 6.33142 2.35150
v -6.06000 6.37552 2.33026
v -6.06000 6.42448 2.33026
v -6.06000 6.46858 2.35150
v -6.06000 6.49911 2.38977
v -6.00000 6.51000 2.43750
v -6.00000 6.49911 2.48523
v -6.00000 6.46858 2.52350
v -6.00000 6.42448 2.54474
v -6.00000 6.37552 2.54474
v -6.00000 6.33142 2.52350
v -6.00000 6.30089 2.48523
v -6.00000 6.29000 2.43750
v -6.00000 6.30089 2.38977
v -6.00000 6.33142 2.35150
v -6.00000 6.37552 2.33026
v -6.00000 6.42448 2.33026
v -6.00000 6.46858 2.35150
v -6.00000 6.49911 2.38977
v -6.06000 6.51000 6.02500
v -6.06000 6.49911 6.07273
v -6.06000 6.46858 6.11100
v -6.06000 6.42448 6.13224
v -6.06000 6.37552 6.13224
v -6.06000 6.33142 6.11100
v -6.06000 6.30089 6.07273
v -6.06000 6.29000 6.02500
v -6.06000 6.30089 5.97727
v -6.06000 6.33142 5.93900
v -6.06000 6.37552 5.91776
v -6.06000 6.42448 5.91776
v -6.06000 6.46858 5.93900
v -6.06000 6.49911 5.97727
v -6.00000 6.51000 6.02500
v -6.00000 6.49911 6.07273
v -6.00000 6.46858 6.11100
v -6.00000 6.42448 6.13224
v -6.00000 6.37552 6.13224
v -6.00000 6.33142 6.11100
v -6.00000 6.30089 6.07273
v -6.00000 6.29000 6.02500
v -6.00000 6.30089 5.97727
v -6.00000 6.33142 5.93900
v -6.00000 6.37552 5.91776
v -6.00000 6.42448 5.91776
v -6.00000 6.46858 5.93900
v -6.00000 6.49911 5.97727
v -6.06000 3.71000 5.23750
v -6.06000 3.69911 5.28523
v -6.06000 3.66858 5.32350
v -6.06000 3.62448 5.34474
v -6.06000 3.57552 5.34474
v -6.06000 3.53142 5.32350
v -6.06000 3.50089 5.28523
v -6.06000 3.49000 5.23750
v -6.06000 3.50089 5.18977
v -6.06000 3.53142 5.15150
v -6.06000 3.57552 5.13026
v -6.06000 3.62448 5.13026
v -6.06000 3.66858 5.15150
v -6.06000 3.69911 5.18977
v -6.00000 3.71000 5.23750
v -6.00000 3.69911 5.28523
v -6.00000 3.66858 5.32350
v -6.00000 3.62448 5.34474
v -6.00000 3.57552 5.34474
v -6.00000 3.53142 5.32350
v -6.00000 3.50089 5.28523
v -6.00000 3.49000 5.23750
v -6.00000 3.50089 5.18977
v -6.00000 3.53142 5.15150
v -6.00000 3.57552 5.13026
v -6.00000 3.62448 5.13026
v -6.00000 3.66858 5.15150
v -6.00000 3.69911 5.18977
v -6.06000 3.71000 1.65000
v -6.06000 3.69911 1.69773
v -6.06000 3.66858 1.73600
v -6.06000 3.62448 1.75724
v -6.06000 3.57552 1.75724
v -6.06000 3.53142 1.73600
v -6.06000 3.50089 1.69773
v -6.06000 3.49000 1.65000
v -6.06000 3.50089 1.60227
v -6.06000 3.53142 1.56400
v -6.06000 3.57552 1.54276
v -6.06000 3.62448 1.54276
v -6.06000 3.66858 1.56400
v -6.06000 3.69911 1.60227
v -6.00000 3.71000 1.65000
v -6.00000 3.69911 1.69773
v -6.00000 3.66858 1.73600
v -6.00000 3.62448 1.75724
v -6.00000 3.57552 1.75724
v -6.00000 3.53142 1.73600
v -6.00000 3.50089 1.69773
v -6.00000 3.49000 1.65000
v -6.00000 3.50089 1.60227
v -6.00000 3.53142 1.56400
v -6.00000 3.57552 1.54276
v -6.00000 3.62448 1.54276
v -6.00000 3.66858 1.56400
v -6.00000 3.69911 1.60227
v -6.06000 3.71000 -1.93750
v -6.06000 3.69911 -1.88977
v -6.06000 3.66858 -1.85150
v -6.06000 3.62448 -1.83026
v -6.06000 3.57552 -1.83026
v -6.06000 3.53142 -1.85150
v -6.06000 3.50089 -1.88977
v -6.06000 3.49000 -1.93750
v -6.06000 3.50089 -1.98523
v -6.06000 3.53142 -2.02350
v -6.06000 3.57552 -2.04474
v -6.06000 3.62448 -2.04474
v -6.06000 3.66858 -2.02350
v -6.06000 3.69911 -1.98523
v -6.00000 3.71000 -1.93750
v -6.00000 3.69911 -1.88977
v -6.00000 3.66858 -1.85150
v -6.00000 3.62448 -1.83026
v -6.00000 3.57552 -1.83026
v -6.00000 3.53142 -1.85150
v -6.00000 3.50089 -1.88977
v -6.00000 3.49000 -1.93750
v -6.00000 3.50089 -1.98523
v -6.00000 3.53142 -2.02350
v -6.00000 3.57552 -2.04474
v -6.00000 3.62448 -2.04474
v -6.00000 3.66858 -2.02350
v -6.00000 3.69911 -1.98523
v -6.06000 -5.79000 -5.52500
v -6.06000 -5.80089 -5.47727
v -6.06000 -5.83142 -5.43900
v -6.06000 -5.87552 -5.41776
v -6.06000 -5.92448 -5.41776
v -6.06000 -5.96858 -5.43900
v -6.06000 -5.99911 -5.47727
v -6.06000 -6.01000 -5.52500
v -6.06000 -5.99911 -5.57273
v -6.06000 -5.96858 -5.61100
v -6.06000 -5.92448 -5.63224
v -6.06000 -5.87552 -5.63224
v -6.06000 -5.83142 -5.61100
v -6.06000 -5.80089 -5.57273
v -6.00000 -5.79000 -5.52500
v -6.00000 -5.80089 -5.47727
v -6.00000 -5.83142 -5.43900
v -6.00000 -5.87552 -5.41776
v -6.00000 -5.92448 -5.41776
v -6.00000 -5.96858 -5.43900
v -6.00000 -5.99911 -5.47727
v -6.00000 -6.01000 -5.52500
v -6.00000 -5.99911 -5.57273
v -6.00000 -5.96858 -5.61100
v -6.00000 -5.92448 -5.63224
v -6.00000 -5.87552 -5.63224
v -6.00000 -5.83142 -5.61100
v -6.00000 -5.80089 -5.57273
v -6.06000 -2.22000 -5.52500
v -6.06000 -2.23089 -5.47727
v -6.06000 -2.26142 -5.43900
v -6.06000 -2.30552 -5.41776
v -6.06000 -2.35448 -5.41776
v -6.06000 -2.39858 -5.43900
v -6.06000 -2.42911 -5.47727
v -6.06000 -2.44000 -5.52500
v -6.06000 -2.42911 -5.57273
v -6.06000 -2.39858 -5.61100
v -6.06000 -2.35448 -5.63224
v -6.06000 -2.30552 -5.63224
v -6.06000 -2.26142 -5.61100
v -6.06000 -2.23089 -5.57273
v -6.00000 -2.22000 -5.52500
v -6.00000 -2.23089 -5.47727
v -6.00000 -2.26142 -5.43900
v -6.00000 -2.30552 -5.41776
v -6.00000 -2.35448 -5.41776
v -6.00000 -2.39858 -5.43900
v -6.00000 -2.42911 -5.47727
v -6.00000 -2.44000 -5.52500
v -6.00000 -2.42911 -5.57273
v -6.00000 -2.39858 -5.61100
v -6.00000 -2.35448 -5.63224
v -6.00000 -2.30552 -5.63224
v -6.00000 -2.26142 -5.61100
v -6.00000 -2.23089 -5.57273
v -6.06000 0.51000 -4.68500
v -6.06000 0.49911 -4.63727
v -6.06000 0.46858 -4.59900
v -6.06000 0.42448 -4.57776
v -6.06000 0.37552 -4.57776
v -6.06000 0.33142 -4.59900
v -6.06000 0.30089 -4.63727
v -6.06000 0.29000 -4.68500
v -6.06000 0.30089 -4.73273
v -6.06000 0.33142 -4.77100
v -6.06000 0.37552 -4.79224
v -6.06000 0.42448 -4.79224
v -6.06000 0.46858 -4.77100
v -6.06000 0.49911 -4.73273
v -6.00000 0.51000 -4.68500
v -6.00000 0.49911 -4.63727
v -6.00000 0.46858 -4.59900
v -6.00000 0.42448 -4.57776
v -6.00000 0.37552 -4.57776
v -6.00000 0.33142 -4.59900
v -6.00000 0.30089 -4.63727
v -6.00000 0.29000 -4.68500
v -6.00000 0.30089 -4.73273
v -6.00000 0.33142 -4.77100
v -6.00000 0.37552 -4.79224
v -6.00000 0.42448 -4.79224
v -6.00000 0.46858 -4.77100
v -6.00000 0.49911 -4.73273
v -6.06000 0.51000 -1.11500
v -6.06000 0.49911 -1.06727
v -6.06000 0.46858 -1.02900
v -6.06000 0.42448 -1.00776
v -6.06000 0.37552 -1.00776
v -6.06000 0.33142 -1.02900
v -6.06000 0.30089 -1.06727
v -6.06000 0.29000 -1.11500
v -6.06000 0.30089 -1.16273
v -6.06000 0.33142 -1.20100
v -6.06000 0.37552 -1.22224
v -6.06000 0.42448 -1.22224
v -6.06000 0.46858 -1.20100
v -6.06000 0.49911 -1.16273
v -6.00000 0.51000 -1.11500
v -6.00000 0.49911 -1.06727
v -6.00000 0.46858 -1.02900
v -6.00000 0.42448 -1.00776
v -6.00000 0.37552 -1.00776
v -6.00000 0.33142 -1.02900
v -6.00000 0.30089 -1.06727
v -6.00000 0.29000 -1.11500
v -6.00000 0.30089 -1.16273
v -6.00000 0.33142 -1.20100
v -6.00000 0.37552 -1.22224
v -6.00000 0.42448 -1.22224
v -6.00000 0.46858 -1.20100
v -6.00000 0.49911 -1.16273
v -6.06000 0.51000 2.45500
v -6.06000 0.49911 2.50273
v -6.06000 0.46858 2.54100
v -6.06000 0.42448 2.56224
v -6.06000 0.37552 2.56224
v -6.06000 0.33142 2.54100
v -6.06000 0.30089 2.50273
v -6.06000 0.29000 2.45500
v -6.06000 0.30089 2.40727
v -6.06000 0.33142 2.36900
v -6.06000 0.37552 2.34776
v -6.06000 0.42448 2.34776
v -6.06000 0.46858 2.36900
v -6.06000 0.49911 2.40727
v -6.00000 0.51000 2.45500
v -6.00000 0.49911 2.50273
v -6.00000 0.46858 2.54100
v -6.00000 0.42448 2.56224
v -6.00000 0.37552 2.56224
v -6.00000 0.33142 2.54100
v -6.00000 0.30089 2.50273
v -6.00000 0.29000 2.45500
v -6.00000 0.30089 2.40727
v -6.00000 0.33142 2.36900
v -6.00000 0.37552 2.34776
v -6.00000 0.42448 2.34776
v -6.00000 0.46858 2.36900
v -6.00000 0.49911 2.40727
v -6.06000 0.51000 6.02500
v -6.06000 0.49911 6.07273
v -6.06000 0.46858 6.11100
v -6.06000 0.42448 6.13224
v -6.06000 0.37552 6.13224
v -6.06000 0.33142 6.11100
v -6.06000 0.30089 6.07273
v -6.06000 0.29000 6.02500
v -6.06000 0.30089 5.97727
v -6.06000 0.33142 5.93900
v -6.06000 0.37552 5.91776
v -6.06000 0.42448 5.91776
v -6.06000 0.46858 5.93900
v -6.06000 0.49911 5.97727
v -6.00000 0.51000 6.02500
v -6.00000 0.49911 6.07273
v -6.00000 0.46858 6.11100
v -6.00000 0.42448 6.13224
v -6.00000 0.37552 6.13224
v -6.00000 0.33142 6.11100
v -6.00000 0.30089 6.07273
v -6.00000 0.29000 6.02500
v -6.00000 0.30089 5.97727
v -6.00000 0.33142 5.93900
v -6.00000 0.37552 5.91776
v -6.00000 0.42448 5.91776
v -6.00000 0.46858 5.93900
v -6.00000 0.49911 5.97727
v -6.06000 -3.06000 6.02500
v -6.06000 -3.07089 6.07273
v -6.06000 -3.10142 6.11100
v -6.06000 -3.14552 6.13224
v -6.06000 -3.19448 6.13224
v -6.06000 -3.23858 6.11100
v -6.06000 -3.26911 6.07273
v -6.06000 -3.28000 6.02500
v -6.06000 -3.26911 5.97727
v -6.06000 -3.23858 5.93900
v -6.06000 -3.19448 5.91776
v -6.06000 -3.14552 5.91776
v -6.06000 -3.10142 5.93900
v -6.06000 -3.07089 5.97727
v -6.00000 -3.06000 6.02500
v -6.00000 -3.07089 6.07273
v -6.00000 -3.10142 6.11100
v -6.00000 -3.14552 6.13224
v -6.00000 -3.19448 6.13224
v -6.00000 -3.23858 6.11100
v -6.00000 -3.26911 6.07273
v -6.00000 -3.28000 6.02500
v -6.00000 -3.26911 5.97727
v -6.00000 -3.23858 5.93900
v -6.00000 -3.19448 5.91776
v -6.00000 -3.14552 5.91776
v -6.00000 -3.10142 5.93900
v -6.00000 -3.07089 5.97727
v -6.06000 -5.79000 5.18500
v -6.06000 -5.80089 5.23273
v -6.06000 -5.83142 5.27100
v -6.06000 -5.87552 5.29224
v -6.06000 -5.92448 5.29224
v -6.06000 -5.96858 5.27100
v -6.06000 -5.99911 5.23273
v -6.06000 -6.01000 5.18500
v -6.06000 -5.99911 5.13727
v -6.06000 -5.96858 5.09900
v -6.06000 -5.92448 5.07776
v -6.06000 -5.87552 5.07776
v -6.06000 -5.83142 5.09900
v -6.06000 -5.80089 5.13727
v -6.00000 -5.79000 5.18500
v -6.00000 -5.80089 5.23273
v -6.00000 -5.83142 5.27100
v -6.00000 -5.87552 5.29224
v -6.00000 -5.92448 5.29224
v -6.00000 -5.96858 5.27100
v -6.00000 -5.99911 5.23273
v -6.00000 -6.01000 5.18500
v -6.00000 -5.99911 5.13727
v -6.00000 -5.96858 5.09900
v -6.00000 -5.92448 5.07776
v -6.00000 -5.87552 5.07776
v -6.00000 -5.83142 5.09900
v -6.00000 -5.80089 5.13727
v -6.06000 -5.79000 1.61500
v -6.06000 -5.80089 1.66273
v -6.06000 -5.83142 1.70100
v -6.06000 -5.87552 1.72224
v -6.06000 -5.92448 1.72224
v -6.06000 -5.96858 1.70100
v -6.06000 -5.99911 1.66273
v -6.06000 -6.01000 1.61500
v -6.06000 -5.99911 1.56727
v -6.06000 -5.96858 1.52900
v -6.06000 -5.92448 1.50776
v -6.06000 -5.87552 1.50776
v -6.06000 -5.83142 1.52900
v -6.06000 -5.80089 1.56727
v -6.00000 -5.79000 1.61500
v -6.00000 -5.80089 1.66273
v -6.00000 -5.83142 1.70100
v -6.00000 -5.87552 1.72224
v -6.00000 -5.92448 1.72224
v -6.00000 -5.96858 1.70100
v -6.00000 -5.99911 1.66273
v -6.00000 -6.01000 1.61500
v -6.00000 -5.99911 1.56727
v -6.00000 -5.96858 1.52900
v -6.00000 -5.92448 1.50776
v -6.00000 -5.87552 1.50776
v -6.00000 -5.83142 1.52900
v -6.00000 -5.80089 1.56727
v -6.06000 -5.79000 -1.95500
v -6.06000 -5.80089 -1.90727
v -6.06000 -5.83142 -1.86900
v -6.06000 -5.87552 -1.84776
v -6.06000 -5.92448 -1.84776
v -6.06000 -5.96858 -1.86900
v -6.06000 -5.99911 -1.90727
v -6.06000 -6.01000 -1.95500
v -6.06000 -5.99911 -2.00273
v -6.06000 -5.96858 -2.04100
v -6.06000 -5.92448 -2.06224
v -6.06000 -5.87552 -2.06224
v -6.06000 -5.83142 -2.04100
v -6.06000 -5.80089 -2.00273
v -6.00000 -5.79000 -1.95500
v -6.00000 -5.80089 -1.90727
v -6.00000 -5.83142 -1.86900
v -6.00000 -5.87552 -1.84776
v -6.00000 -5.92448 -1.84776
v -6.00000 -5.96858 -1.86900
v -6.00000 -5.99911 -1.90727
v -6.00000 -6.01000 -1.95500
v -6.00000 -5.99911 -2.00273
v -6.00000 -5.96858 -2.04100
v -6.00000 -5.92448 -2.06224
v -6.00000 -5.87552 -2.06224
v -6.00000 -5.83142 -2.04100
v -6.00000 -5.80089 -2.00273
v 6.00000 3.71000 -5.52500
v 6.00000 3.69911 -5.47727
v 6.00000 3.66858 -5.43900
v 6.00000 3.62448 -5.41776
v 6.00000 3.57552 -5.41776
v 6.00000 3.53142 -5.43900
v 6.00000 3.50089 -5.47727
v 6.00000 3.49000 -5.52500
v 6.00000 3.50089 -5.57273
v 6.00000 3.53142 -5.61100
v 6.00000 3.57552 -5.63224
v 6.00000 3.62448 -5.63224
v 6.00000 3.66858 -5.61100
v 6.00000 3.69911 -5.57273
v 6.06000 3.71000 -5.52500
v 6.06000 3.69911 -5.47727
v 6.06000 3.66858 -5.43900
v 6.06000 3.62448 -5.41776
v 6.06000 3.57552 -5.41776
v 6.06000 3.53142 -5.43900
v 6.06000 3.50089 -5.47727
v 6.06000 3.49000 -5.52500
v 6.06000 3.50089 -5.57273
v 6.06000 3.53142 -5.61100
v 6.06000 3.57552 -5.63224
v 6.06000 3.62448 -5.63224
v 6.06000 3.66858 -5.61100
v 6.06000 3.69911 -5.57273
v 6.00000 6.51000 -4.73750
v 6.00000 6.49911 -4.68977
v 6.00000 6.46858 -4.65150
v 6.00000 6.42448 -4.63026
v 6.00000 6.37552 -4.63026
v 6.00000 6.33142 -4.65150
v 6.00000 6.30089 -4.68977
v 6.00000 6.29000 -4.73750
v 6.00000 6.30089 -4.78523
v 6.00000 6.33142 -4.82350
v 6.00000 6.37552 -4.84474
v 6.00000 6.42448 -4.84474
v 6.00000 6.46858 -4.82350
v 6.00000 6.49911 -4.78523
v 6.06000 6.51000 -4.73750
v 6.06000 6.49911 -4.68977
v 6.06000 6.46858 -4.65150
v 6.06000 6.42448 -4.63026
v 6.06000 6.37552 -4.63026
v 6.06000 6.33142 -4.65150
v 6.06000 6.30089 -4.68977
v 6.06000 6.29000 -4.73750
v 6.06000 6.30089 -4.78523
v 6.06000 6.33142 -4.82350
v 6.06000 6.37552 -4.84474
v 6.06000 6.42448 -4.84474
v 6.06000 6.46858 -4.82350
v 6.06000 6.49911 -4.78523
v 6.00000 6.51000 -1.15000
v 6.00000 6.49911 -1.10227
v 6.00000 6.46858 -1.06400
v 6.00000 6.42448 -1.04276
v 6.00000 6.37552 -1.04276
v 6.00000 6.33142 -1.06400
v 6.00000 6.30089 -1.10227
v 6.00000 6.29000 -1.15000
v 6.00000 6.30089 -1.19773
v 6.00000 6.33142 -1.23600
v 6.00000 6.37552 -1.25724
v 6.00000 6.42448 -1.25724
v 6.00000 6.46858 -1.23600
v 6.00000 6.49911 -1.19773
v 6.06000 6.51000 -1.15000
v 6.06000 6.49911 -1.10227
v 6.06000 6.46858 -1.06400
v 6.06000 6.42448 -1.04276
v 6.06000 6.37552 -1.04276
v 6.06000 6.33142 -1.06400
v 6.06000 6.30089 -1.10227
v 6.06000 6.29000 -1.15000
v 6.06000 6.30089 -1.19773
v 6.06000 6.33142 -1.23600
v 6.06000 6.37552 -1.25724
v 6.06000 6.42448 -1.25724
v 6.06000 6.46858 -1.23600
v 6.06000 6.49911 -1.19773
v 6.00000 6.51000 2.43750
v 6.00000 6.49911 2.48523
v 6.00000 6.46858 2.52350
v 6.00000 6.42448 2.54474
v 6.00000 6.37552 2.54474
v 6.00000 6.33142 2.52350
v 6.00000 6.30089 2.48523
v 6.00000 6.29000 2.43750
v 6.00000 6.30089 2.38977
v 6.00000 6.33142 2.35150
v 6.00000 6.37552 2.33026
v 6.00000 6.42448 2.33026
v 6.00000 6.46858 2.35150
v 6.00000 6.49911 2.38977
v 6.06000 6.51000 2.43750
v 6.06000 6.49911 2.48523
v 6.06000 6.46858 2.52350
v 6.06000 6.42448 2.54474
v 6.06000 6.37552 2.54474
v 6.06000 6.33142 2.52350
v 6.06000 6.30089 2.48523
v 6.06000 6.29000 2.43750
v 6.06000 6.30089 2.38977
v 6.06000 6.33142 2.35150
v 6.06000 6.37552 2.33026
v 6.06000 6.42448 2.33026
v 6.06000 6.46858 2.35150
v 6.06000 6.49911 2.38977
v 6.00000 6.51000 6.02500
v 6.00000 6.49911 6.07273
v 6.00000 6.46858 6.11100
v 6.00000 6.42448 6.13224
v 6.00000 6.37552 6.13224
v 6.00000 6.33142 6.11100
v 6.00000 6.30089 6.07273
v 6.00000 6.29000 6.02500
v 6.00000 6.30089 5.97727
v 6.00000 6.33142 5.93900
v 6.00000 6.37552 5.91776
v 6.00000 6.42448 5.91776
v 6.00000 6.46858 5.93900
v 6.00000 6.49911 5.97727
v 6.06000 6.51000 6.02500
v 6.06000 6.49911 6.07273
v 6.06000 6.46858 6.11100
v 6.06000 6.42448 6.13224
v 6.06000 6.37552 6.13224
v 6.06000 6.33142 6.11100
v 6.06000 6.30089 6.07273
v 6.06000 6.29000 6.02500
v 6.06000 6.30089 5.97727
v 6.06000 6.33142 5.93900
v 6.06000 6.37552 5.91776
v 6.06000 6.42448 5.91776
v 6.06000 6.46858 5.93900
v 6.06000 6.49911 5.97727
v 6.00000 3.71000 5.23750
v 6.00000 3.69911 5.28523
v 6.00000 3.66858 5.32350
v 6.00000 3.62448 5.34474
v 6.00000 3.57552 5.34474
v 6.00000 3.53142 5.32350
v 6.00000 3.50089 5.28523
v 6.00000 3.49000 5.23750
v 6.00000 3.50089 5.18977
v 6.00000 3.53142 5.15150
v 6.00000 3.57552 5.13026
v 6.00000 3.62448 5.13026
v 6.00000 3.66858 5.15150
v 6.00000 3.69911 5.18977
v 6.06000 3.71000 5.23750
v 6.06000 3.69911 5.28523
v 6.06000 3.66858 5.32350
v 6.06000 3.62448 5.34474
v 6.06000 3.57552 5.34474
v 6.06000 3.53142 5.32350
v 6.06000 3.50089 5.28523
v 6.06000 3.49000 5.23750
v 6.06000 3.50089 5.18977
v 6.06000 3.53142 5.15150
v 6.06000 3.57552 5.13026
v 6.06000 3.62448 5.13026
v 6.06000 3.66858 5.15150
v 6.06000 3.69911 5.18977
v 6.00000 3.71000 1.65000
v 6.00000 3.69911 1.69773
v 6.00000 3.66858 1.73600
v 6.00000 3.62448 1.75724
v 6.00000 3.57552 1.75724
v 6.00000 3.53142 1.73600
v 6.00000 3.50089 1.69773
v 6.00000 3.49000 1.65000
v 6.00000 3.50089 1.60227
v 6.00000 3.53142 1.56400
v 6.00000 3.57552 1.54276
v 6.00000 3.62448 1.54276
v 6.00000 3.66858 1.56400
v 6.00000 3.69911 1.60227
v 6.06000 3.71000 1.65000
v 6.06000 3.69911 1.69773
v 6.06000 3.66858 1.73600
v 6.06000 3.62448 1.75724
v 6.06000 3.57552 1.75724
v 6.06000 3.53142 1.73600
v 6.06000 3.50089 1.69773
v 6.06000 3.49000 1.65000
v 6.06000 3.50089 1.60227
v 6.06000 3.53142 1.56400
v 6.06000 3.57552 1.54276
v 6.06000 3.62448 1.54276
v 6.06000 3.66858 1.56400
v 6.06000 3.69911 1.60227
v 6.00000 3.71000 -1.93750
v 6.00000 3.69911 -1.88977
v 6.00000 3.66858 -1.85150
v 6.00000 3.62448 -1.83026
v 6.00000 3.57552 -1.83026
v 6.00000 3.53142 -1.85150
v 6.00000 3.50089 -1.88977
v 6.00000 3.49000 -1.93750
v 6.00000 3.50089 -1.98523
v 6.00000 3.53142 -2.02350
v 6.00000 3.57552 -2.04474
v 6.00000 3.62448 -2.04474
v 6.00000 3.66858 -2.02350
v 6.00000 3.69911 -1.98523
v 6.06000 3.71000 -1.93750
v 6.06000 3.69911 -1.88977
v 6.06000 3.66858 -1.85150
v 6.06000 3.62448 -1.83026
v 6.06000 3.57552 -1.83026
v 6.06000 3.53142 -1.85150
v 6.06000 3.50089 -1.88977
v 6.06000 3.49000 -1.93750
v 6.06000 3.50089 -1.98523
v 6.06000 3.53142 -2.02350
v 6.06000 3.57552 -2.04474
v 6.06000 3.62448 -2.04474
v 6.06000 3.66858 -2.02350
v 6.06000 3.69911 -1.98523
v 6.00000 -5.79000 -5.52500
v 6.00000 -5.80089 -5.47727
v 6.00000 -5.83142 -5.43900
v 6.00000 -5.87552 -5.41776
v 6.00000 -5.92448 -5.41776
v 6.00000 -5.96858 -5.43900
v 6.00000 -5.99911 -5.47727
v 6.00000 -6.01000 -5.52500
v 6.00000 -5.99911 -5.57273
v 6.00000 -5.96858 -5.61100
v 6.00000 -5.92448 -5.63224
v 6.00000 -5.87552 -5.63224
v 6.00000 -5.83142 -5.61100
v 6.00000 -5.80089 -5.57273
v 6.06000 -5.79000 -5.52500
v 6.06000 -5.80089 -5.47727
v 6.06000 -5.83142 -5.43900
v 6.06000 -5.87552 -5.41776
v 6.06000 -5.92448 -5.41776
v 6.06000 -5.96858 -5.43900
v 6.06000 -5.99911 -5.47727
v 6.06000 -6.01000 -5.52500
v 6.06000 -5.99911 -5.57273
v 6.06000 -5.96858 -5.61100
v 6.06000 -5.92448 -5.63224
v 6.06000 -5.87552 -5.63224
v 6.06000 -5.83142 -5.61100
v 6.06000 -5.80089 -5.57273
v 6.00000 -2.22000 -5.52500
v 6.00000 -2.23089 -5.47727
v 6.00000 -2.26142 -5.43900
v 6.00000 -2.30552 -5.41776
v 6.00000 -2.35448 -5.41776
v 6.00000 -2.39858 -5.43900
v 6.00000 -2.42911 -5.47727
v 6.00000 -2.44000 -5.52500
v 6.00000 -2.42911 -5.57273
v 6.00000 -2.39858 -5.61100
v 6.00000 -2.35448 -5.63224
v 6.00000 -2.30552 -5.63224
v 6.00000 -2.26142 -5.61100
v 6.00000 -2.23089 -5.57273
v 6.06000 -2.22000 -5.52500
v 6.06000 -2.23089 -5.47727
v 6.06000 -2.26142 -5.43900
v 6.06000 -2.30552 -5.41776
v 6.06000 -2.35448 -5.41776
v 6.06000 -2.39858 -5.43900
v 6.06000 -2.42911 -5.47727
v 6.06000 -2.44000 -5.52500
v 6.06000 -2.42911 -5.57273
v 6.06000 -2.39858 -5.61100
v 6.06000 -2.35448 -5.63224
v 6.06000 -2.30552 -5.63224
v 6.06000 -2.26142 -5.61100
v 6.06000 -2.23089 -5.57273
v 6.00000 0.51000 -4.68500
v 6.00000 0.49911 -4.63727
v 6.00000 0.46858 -4.59900
v 6.00000 0.42448 -4.57776
v 6.00000 0.37552 -4.57776
v 6.00000 0.33142 -4.59900
v 6.00000 0.30089 -4.63727
v 6.00000 0.29000 -4.68500
v 6.00000 0.30089 -4.73273
v 6.00000 0.33142 -4.77100
v 6.00000 0.37552 -4.79224
v 6.00000 0.42448 -4.79224
v 6.00000 0.46858 -4.77100
v 6.00000 0.49911 -4.73273
v 6.06000 0.51000 -4.68500
v 6.06000 0.49911 -4.63727
v 6.06000 0.46858 -4.59900
v 6.06000 0.42448 -4.57776
v 6.06000 0.37552 -4.57776
v 6.06000 0.33142 -4.59900
v 6.06000 0.30089 -4.63727
v 6.06000 0.29000 -4.68500
v 6.06000 0.30089 -4.73273
v 6.06000 0.33142 -4.77100
v 6.06000 0.37552 -4.79224
v 6.06000 0.42448 -4.79224
v 6.06000 0.46858 -4.77100
v 6.06000 0.49911 -4.73273
v 6.00000 0.51000 -1.11500
v 6.00000 0.49911 -1.06727
v 6.00000 0.46858 -1.02900
v 6.00000 0.42448 -1.00776
v 6.00000 0.37552 -1.00776
v 6.00000 0.33142 -1.02900
v 6.00000 0.30089 -1.06727
v 6.00000 0.29000 -1.11500
v 6.00000 0.30089 -1.16273
v 6.00000 0.33142 -1.20100
v 6.00000 0.37552 -1.22224
v 6.00000 0.42448 -1.22224
v 6.00000 0.46858 -1.20100
v 6.00000 0.49911 -1.16273
v 6.06000 0.51000 -1.11500
v 6.06000 0.49911 -1.06727
v 6.06000 0.46858 -1.02900
v 6.06000 0.42448 -1.00776
v 6.06000 0.37552 -1.00776
v 6.06000 0.33142 -1.02900
v 6.06000 0.30089 -1.06727
v 6.06000 0.29000 -1.11500
v 6.06000 0.30089 -1.16273
v 6.06000 0.33142 -1.20100
v 6.06000 0.37552 -1.22224
v 6.06000 0.42448 -1.22224
v 6.06000 0.46858 -1.20100
v 6.06000 0.49911 -1.16273
v 6.00000 0.51000 2.45500
v 6.00000 0.49911 2.50273
v 6.00000 0.46858 2.54100
v 6.00000 0.42448 2.56224
v 6.00000 0.37552 2.56224
v 6.00000 0.33142 2.54100
v 6.00000 0.30089 2.50273
v 6.00000 0.29000 2.45500
v 6.00000 0.30089 2.40727
v 6.00000 0.33142 2.36900
v 6.00000 0.37552 2.34776
v 6.00000 0.42448 2.34776
v 6.00000 0.46858 2.36900
v 6.00000 0.49911 2.40727
v 6.06000 0.51000 2.45500
v 6.06000 0.49911 2.50273
v 6.06000 0.46858 2.54100
v 6.06000 0.42448 2.56224
v 6.06000 0.37552 2.56224
v 6.06000 0.33142 2.54100
v 6.06000 0.30089 2.50273
v 6.06000 0.29000 2.45500
v 6.06000 0.30089 2.40727
v 6.06000 0.33142 2.36900
v 6.06000 0.37552 2.34776
v 6.06000 0.42448 2.34776
v 6.06000 0.46858 2.36900
v 6.06000 0.49911 2.40727
v 6.00000 0.51000 6.02500
v 6.00000 0.49911 6.07273
v 6.00000 0.46858 6.11100
v 6.00000 0.42448 6.13224
v 6.00000 0.37552 6.13224
v 6.00000 0.33142 6.11100
v 6.00000 0.30089 6.07273
v 6.00000 0.29000 6.02500
v 6.00000 0.30089 5.97727
v 6.00000 0.33142 5.93900
v 6.00000 0.37552 5.91776
v 6.00000 0.42448 5.91776
v 6.00000 0.46858 5.93900
v 6.00000 0.49911 5.97727
v 6.06000 0.51000 6.02500
v 6.06000 0.49911 6.07273
v 6.06000 0.46858 6.11100
v 6.06000 0.42448 6.13224
v 6.06000 0.37552 6.13224
v 6.06000 0.33142 6.11100
v 6.06000 0.30089 6.07273
v 6.06000 0.29000 6.02500
v 6.06000 0.30089 5.97727
v 6.06000 0.33142 5.93900
v 6.06000 0.37552 5.91776
v 6.06000 0.42448 5.91776
v 6.06000 0.46858 5.93900
v 6.06000 0.49911 5.97727
v 6.00000 -3.06000 6.02500
v 6.00000 -3.07089 6.07273
v 6.00000 -3.10142 6.11100
v 6.00000 -3.14552 6.13224
v 6.00000 -3.19448 6.13224
v 6.00000 -3.23858 6.11100
v 6.00000 -3.26911 6.07273
v 6.00000 -3.28000 6.02500
v 6.00000 -3.26911 5.97727
v 6.00000 -3.23858 5.93900
v 6.00000 -3.19448 5.91776
v 6.00000 -3.14552 5.91776
v 6.00000 -3.10142 5.93900
v 6.00000 -3.07089 5.97727
v 6.06000 -3.06000 6.02500
v 6.06000 -3.07089 6.07273
v 6.06000 -3.10142 6.11100
v 6.06000 -3.14552 6.13224
v 6.06000 -3.19448 6.13224
v 6.06000 -3.23858 6.11100
v 6.06000 -3.26911 6.07273
v 6.06000 -3.28000 6.02500
v 6.06000 -3.26911 5.97727
v 6.06000 -3.23858 5.93900
v 6.06000 -3.19448 5.91776
v 6.06000 -3.14552 5.91776
v 6.06000 -3.10142 5.93900
v 6.06000 -3.07089 5.97727
v 6.00000 -5.79000 5.18500
v 6.00000 -5.80089 5.23273
v 6.00000 -5.83142 5.27100
v 6.00000 -5.87552 5.29224
v 6.00000 -5.92448 5.29224
v 6.00000 -5.96858 5.27100
v 6.00000 -5.99911 5.23273
v 6.00000 -6.01000 5.18500
v 6.00000 -5.99911 5.13727
v 6.00000 -5.96858 5.09900
v 6.00000 -5.92448 5.07776
v 6.00000 -5.87552 5.07776
v 6.00000 -5.83142 5.09900
v 6.00000 -5.80089 5.13727
v 6.06000 -5.79000 5.18500
v 6.06000 -5.80089 5.23273
v 6.06000 -5.83142 5.27100
v 6.06000 -5.87552 5.29224
v 6.06000 -5.92448 5.29224
v 6.06000 -5.96858 5.27100
v 6.06000 -5.99911 5.23273
v 6.06000 -6.01000 5.18500
v 6.06000 -5.99911 5.13727
v 6.06000 -5.96858 5.09900
v 6.06000 -5.92448 5.07776
v 6.06000 -5.87552 5.07776
v 6.06000 -5.83142 5.09900
v 6.06000 -5.80089 5.13727
v 6.00000 -5.79000 1.61500
v 6.00000 -5.80089 1.66273
v 6.00000 -5.83142 1.70100
v 6.00000 -5.87552 1.72224
v 6.00000 -5.92448 1.72224
v 6.00000 -5.96858 1.70100
v 6.00000 -5.99911 1.66273
v 6.00000 -6.01000 1.61500
v 6.00000 -5.99911 1.56727
v 6.00000 -5.96858 1.52900
v 6.00000 -5.92448 1.50776
v 6.00000 -5.87552 1.50776
v 6.00000 -5.83142 1.52900
v 6.00000 -5.80089 1.56727
v 6.06000 -5.79000 1.61500
v 6.06000 -5.80089 1.66273
v 6.06000 -5.83142 1.70100
v 6.06000 -5.87552 1.72224
v 6.06000 -5.92448 1.72224
v 6.06000 -5.96858 1.70100
v 6.06000 -5.99911 1.66273
v 6.06000 -6.01000 1.61500
v 6.06000 -5.99911 1.56727
v 6.06000 -5.96858 1.52900
v 6.06000 -5.92448 1.50776
v 6.06000 -5.87552 1.50776
v 6.06000 -5.83142 1.52900
v 6.06000 -5.80089 1.56727
v 6.00000 -5.79000 -1.95500
v 6.00000 -5.80089 -1.90727
v 6.00000 -5.83142 -1.86900
v 6.00000 -5.87552 -1.84776
v 6.00000 -5.92448 -1.84776
v 6.00000 -5.96858 -1.86900
v 6.00000 -5.99911 -1.90727
v 6.00000 -6.01000 -1.95500
v 6.00000 -5.99911 -2.00273
v 6.00000 -5.96858 -2.04100
v 6.00000 -5.92448 -2.06224
v 6.00000 -5.87552 -2.06224
v 6.00000 -5.83142 -2.04100
v 6.00000 -5.80089 -2.00273
v 6.06000 -5.79000 -1.95500
v 6.06000 -5.80089 -1.90727
v 6.06000 -5.83142 -1.86900
v 6.06000 -5.87552 -1.84776
v 6.06000 -5.92448 -1.84776
v 6.06000 -5.96858 -1.86900
v 6.06000 -5.99911 -1.90727
v 6.06000 -6.01000 -1.95500
v 6.06000 -5.99911 -2.00273
v 6.06000 -5.96858 -2.04100
v 6.06000 -5.92448 -2.06224
v 6.06000 -5.87552 -2.06224
v 6.06000 -5.83142 -2.04100
v 6.06000 -5.80089 -2.00273
v -5.14000 -8.50000 8.00000
v -5.15089 -8.45227 8.00000
v -5.18142 -8.41400 8.00000
v -5.22552 -8.39276 8.00000
v -5.27448 -8.39276 8.00000
v -5.31858 -8.41400 8.00000
v -5.34911 -8.45227 8.00000
v -5.36000 -8.50000 8.00000
v -5.34911 -8.54773 8.00000
v -5.31858 -8.58600 8.00000
v -5.27448 -8.60724 8.00000
v -5.22552 -8.60724 8.00000
v -5.18142 -8.58600 8.00000
v -5.15089 -8.54773 8.00000
v -5.14000 -8.50000 8.06000
v -5.15089 -8.45227 8.06000
v -5.18142 -8.41400 8.06000
v -5.22552 -8.39276 8.06000
v -5.27448 -8.39276 8.06000
v -5.31858 -8.41400 8.06000
v -5.34911 -8.45227 8.06000
v -5.36000 -8.50000 8.06000
v -5.34911 -8.54773 8.06000
v -5.31858 -8.58600 8.06000
v -5.27448 -8.60724 8.06000
v -5.22552 -8.60724 8.06000
v -5.18142 -8.58600 8.06000
v -5.15089 -8.54773 8.06000
v -2.64000 -8.50000 8.00000
v -2.65089 -8.45227 8.00000
v -2.68142 -8.41400 8.00000
v -2.72552 -8.39276 8.00000
v -2.77448 -8.39276 8.00000
v -2.81858 -8.41400 8.00000
v -2.84911 -8.45227 8.00000
v -2.86000 -8.50000 8.00000
v -2.84911 -8.54773 8.00000
v -2.81858 -8.58600 8.00000
v -2.77448 -8.60724 8.00000
v -2.72552 -8.60724 8.00000
v -2.68142 -8.58600 8.00000
v -2.65089 -8.54773 8.00000
v -2.64000 -8.50000 8.06000
v -2.65089 -8.45227 8.06000
v -2.68142 -8.41400 8.06000
v -2.72552 -8.39276 8.06000
v -2.77448 -8.39276 8.06000
v -2.81858 -8.41400 8.06000
v -2.84911 -8.45227 8.06000
v -2.86000 -8.50000 8.06000
v -2.84911 -8.54773 8.06000
v -2.81858 -8.58600 8.06000
v -2.77448 -8.60724 8.06000
v -2.72552 -8.60724 8.06000
v -2.68142 -8.58600 8.06000
v -2.65089 -8.54773 8.06000
v -0.14000 -8.50000 8.00000
v -0.15089 -8.45227 8.00000
v -0.18142 -8.41400 8.00000
v -0.22552 -8.39276 8.00000
v -0.27448 -8.39276 8.00000
v -0.31858 -8.41400 8.00000
v -0.34911 -8.45227 8.00000
v -0.36000 -8.50000 8.00000
v -0.34911 -8.54773 8.00000
v -0.31858 -8.58600 8.00000
v -0.27448 -8.60724 8.00000
v -0.22552 -8.60724 8.00000
v -0.18142 -8.58600 8.00000
v -0.15089 -8.54773 8.00000
v -0.14000 -8.50000 8.06000
v -0.15089 -8.45227 8.06000
v -0.18142 -8.41400 8.06000
v -0.22552 -8.39276 8.06000
v -0.27448 -8.39276 8.06000
v -0.31858 -8.41400 8.06000
v -0.34911 -8.45227 8.06000
v -0.36000 -8.50000 8.06000
v -0.34911 -8.54773 8.06000
v -0.31858 -8.58600 8.06000
v -0.27448 -8.60724 8.06000
v -0.22552 -8.60724 8.06000
v -0.18142 -8.58600 8.06000
v -0.15089 -8.54773 8.06000
v 2.36000 -8.50000 8.00000
v 2.34911 -8.45227 8.00000
v 2.31858 -8.41400 8.00000
v 2.27448 -8.39276 8.00000
v 2.22552 -8.39276 8.00000
v 2.18142 -8.41400 8.00000
v 2.15089 -8.45227 8.00000
v 2.14000 -8.50000 8.00000
v 2.15089 -8.54773 8.00000
v 2.18142 -8.58600 8.00000
v 2.22552 -8.60724 8.00000
v 2.27448 -8.60724 8.00000
v 2.31858 -8.58600 8.00000
v 2.34911 -8.54773 8.00000
v 2.36000 -8.50000 8.06000
v 2.34911 -8.45227 8.06000
v 2.31858 -8.41400 8.06000
v 2.27448 -8.39276 8.06000
v 2.22552 -8.39276 8.06000
v 2.18142 -8.41400 8.06000
v 2.15089 -8.45227 8.06000
v 2.14000 -8.50000 8.06000
v 2.15089 -8.54773 8.06000
v 2.18142 -8.58600 8.06000
v 2.22552 -8.60724 8.06000
v 2.27448 -8.60724 8.06000
v 2.31858 -8.58600 8.06000
v 2.34911 -8.54773 8.06000
v 4.86000 -8.50000 8.00000
v 4.84911 -8.45227 8.00000
v 4.81858 -8.41400 8.00000
v 4.77448 -8.39276 8.00000
v 4.72552 -8.39276 8.00000
v 4.68142 -8.41400 8.00000
v 4.65089 -8.45227 8.00000
v 4.64000 -8.50000 8.00000
v 4.65089 -8.54773 8.00000
v 4.68142 -8.58600 8.00000
v 4.72552 -8.60724 8.00000
v 4.77448 -8.60724 8.00000
v 4.81858 -8.58600 8.00000
v 4.84911 -8.54773 8.00000
v 4.86000 -8.50000 8.06000
v 4.84911 -8.45227 8.06000
v 4.81858 -8.41400 8.06000
v 4.77448 -8.39276 8.06000
v 4.72552 -8.39276 8.06000
v 4.68142 -8.41400 8.06000
v 4.65089 -8.45227 8.06000
v 4.64000 -8.50000 8.06000
v 4.65089 -8.54773 8.06000
v 4.68142 -8.58600 8.06000
v 4.72552 -8.60724 8.06000
v 4.77448 -8.60724 8.06000
v 4.81858 -8.58600 8.06000
v 4.84911 -8.54773 8.06000
v 5.36000 -6.50000 8.00000
v 5.34911 -6.45227 8.00000
v 5.31858 -6.41400 8.00000
v 5.27448 -6.39276 8.00000
v 5.22552 -6.39276 8.00000
v 5.18142 -6.41400 8.00000
v 5.15089 -6.45227 8.00000
v 5.14000 -6.50000 8.00000
v 5.15089 -6.54773 8.00000
v 5.18142 -6.58600 8.00000
v 5.22552 -6.60724 8.00000
v 5.27448 -6.60724 8.00000
v 5.31858 -6.58600 8.00000
v 5.34911 -6.54773 8.00000
v 5.36000 -6.50000 8.06000
v 5.34911 -6.45227 8.06000
v 5.31858 -6.41400 8.06000
v 5.27448 -6.39276 8.06000
v 5.22552 -6.39276 8.06000
v 5.18142 -6.41400 8.06000
v 5.15089 -6.45227 8.06000
v 5.14000 -6.50000 8.06000
v 5.15089 -6.54773 8.06000
v 5.18142 -6.58600 8.06000
v 5.22552 -6.60724 8.06000
v 5.27448 -6.60724 8.06000
v 5.31858 -6.58600 8.06000
v 5.34911 -6.54773 8.06000
v 5.36000 -4.00000 8.00000
v 5.34911 -3.95227 8.00000
v 5.31858 -3.91400 8.00000
v 5.27448 -3.89276 8.00000
v 5.22552 -3.89276 8.00000
v 5.18142 -3.91400 8.00000
v 5.15089 -3.95227 8.00000
v 5.14000 -4.00000 8.00000
v 5.15089 -4.04773 8.00000
v 5.18142 -4.08600 8.00000
v 5.22552 -4.10724 8.00000
v 5.27448 -4.10724 8.00000
v 5.31858 -4.08600 8.00000
v 5.34911 -4.04773 8.00000
v 5.36000 -4.00000 8.06000
v 5.34911 -3.95227 8.06000
v 5.31858 -3.91400 8.06000
v 5.27448 -3.89276 8.06000
v 5.22552 -3.89276 8.06000
v 5.18142 -3.91400 8.06000
v 5.15089 -3.95227 8.06000
v 5.14000 -4.00000 8.06000
v 5.15089 -4.04773 8.06000
v 5.18142 -4.08600 8.06000
v 5.22552 -4.10724 8.06000
v 5.27448 -4.10724 8.06000
v 5.31858 -4.08600 8.06000
v 5.34911 -4.04773 8.06000
v 5.36000 -1.50000 8.00000
v 5.34911 -1.45227 8.00000
v 5.31858 -1.41400 8.00000
v 5.27448 -1.39276 8.00000
v 5.22552 -1.39276 8.00000
v 5.18142 -1.41400 8.00000
v 5.15089 -1.45227 8.00000
v 5.14000 -1.50000 8.00000
v 5.15089 -1.54773 8.00000
v 5.18142 -1.58600 8.00000
v 5.22552 -1.60724 8.00000
v 5.27448 -1.60724 8.00000
v 5.31858 -1.58600 8.00000
v 5.34911 -1.54773 8.00000
v 5.36000 -1.50000 8.06000
v 5.34911 -1.45227 8.06000
v 5.31858 -1.41400 8.06000
v 5.27448 -1.39276 8.06000
v 5.22552 -1.39276 8.06000
v 5.18142 -1.41400 8.06000
v 5.15089 -1.45227 8.06000
v 5.14000 -1.50000 8.06000
v 5.15089 -1.54773 8.06000
v 5.18142 -1.58600 8.06000
v 5.22552 -1.60724 8.06000
v 5.27448 -1.60724 8.06000
v 5.31858 -1.58600 8.06000
v 5.34911 -1.54773 8.06000
v 5.36000 1.00000 8.00000
v 5.34911 1.04773 8.00000
v 5.31858 1.08600 8.00000
v 5.27448 1.10724 8.00000
v 5.22552 1.10724 8.00000
v 5.18142 1.08600 8.00000
v 5.15089 1.04773 8.00000
v 5.14000 1.00000 8.00000
v 5.15089 0.95227 8.00000
v 5.18142 0.91400 8.00000
v 5.22552 0.89276 8.00000
v 5.27448 0.89276 8.00000
v 5.31858 0.91400 8.00000
v 5.34911 0.95227 8.00000
v 5.36000 1.00000 8.06000
v 5.34911 1.04773 8.06000
v 5.31858 1.08600 8.06000
v 5.27448 1.10724 8.06000
v 5.22552 1.10724 8.06000
v 5.18142 1.08600 8.06000
v 5.15089 1.04773 8.06000
v 5.14000 1.00000 8.06000
v 5.15089 0.95227 8.06000
v 5.18142 0.91400 8.06000
v 5.22552 0.89276 8.06000
v 5.27448 0.89276 8.06000
v 5.31858 0.91400 8.06000
v 5.34911 0.95227 8.06000
v 5.36000 3.50000 8.00000
v 5.34911 3.54773 8.00000
v 5.31858 3.58600 8.00000
v 5.27448 3.60724 8.00000
v 5.22552 3.60724 8.00000
v 5.18142 3.58600 8.00000
v 5.15089 3.54773 8.00000
v 5.14000 3.50000 8.00000
v 5.15089 3.45227 8.00000
v 5.18142 3.41400 8.00000
v 5.22552 3.39276 8.00000
v 5.27448 3.39276 8.00000
v 5.31858 3.41400 8.00000
v 5.34911 3.45227 8.00000
v 5.36000 3.50000 8.06000
v 5.34911 3.54773 8.06000
v 5.31858 3.58600 8.06000
v 5.27448 3.60724 8.06000
v 5.22552 3.60724 8.06000
v 5.18142 3.58600 8.06000
v 5.15089 3.54773 8.06000
v 5.14000 3.50000 8.06000
v 5.15089 3.45227 8.06000
v 5.18142 3.41400 8.06000
v 5.22552 3.39276 8.06000
v 5.27448 3.39276 8.06000
v 5.31858 3.41400 8.06000
v 5.34911 3.45227 8.06000
v 5.36000 6.00000 8.00000
v 5.34911 6.04773 8.00000
v 5.31858 6.08600 8.00000
v 5.27448 6.10724 8.00000
v 5.22552 6.10724 8.00000
v 5.18142 6.08600 8.00000
v 5.15089 6.04773 8.00000
v 5.14000 6.00000 8.00000
v 5.15089 5.95227 8.00000
v 5.18142 5.91400 8.00000
v 5.22552 5.89276 8.00000
v 5.27448 5.89276 8.00000
v 5.31858 5.91400 8.00000
v 5.34911 5.95227 8.00000
v 5.36000 6.00000 8.06000
v 5.34911 6.04773 8.06000
v 5.31858 6.08600 8.06000
v 5.27448 6.10724 8.06000
v 5.22552 6.10724 8.06000
v 5.18142 6.08600 8.06000
v 5.15089 6.04773 8.06000
v 5.14000 6.00000 8.06000
v 5.15089 5.95227 8.06000
v 5.18142 5.91400 8.06000
v 5.22552 5.89276 8.06000
v 5.27448 5.89276 8.06000
v 5.31858 5.91400 8.06000
v 5.34911 5.95227 8.06000
v 5.36000 8.50000 8.00000
v 5.34911 8.54773 8.00000
v 5.31858 8.58600 8.00000
v 5.27448 8.60724 8.00000
v 5.22552 8.60724 8.00000
v 5.18142 8.58600 8.00000
v 5.15089 8.54773 8.00000
v 5.14000 8.50000 8.00000
v 5.15089 8.45227 8.00000
v 5.18142 8.41400 8.00000
v 5.22552 8.39276 8.00000
v 5.27448 8.39276 8.00000
v 5.31858 8.41400 8.00000
v 5.34911 8.45227 8.00000
v 5.36000 8.50000 8.06000
v 5.34911 8.54773 8.06000
v 5.31858 8.58600 8.06000
v 5.27448 8.60724 8.06000
v 5.22552 8.60724 8.06000
v 5.18142 8.58600 8.06000
v 5.15089 8.54773 8.06000
v 5.14000 8.50000 8.06000
v 5.15089 8.45227 8.06000
v 5.18142 8.41400 8.06000
v 5.22552 8.39276 8.06000
v 5.27448 8.39276 8.06000
v 5.31858 8.41400 8.06000
v 5.34911 8.45227 8.06000
v 2.86000 8.50000 8.00000
v 2.84911 8.54773 8.00000
v 2.81858 8.58600 8.00000
v 2.77448 8.60724 8.00000
v 2.72552 8.60724 8.00000
v 2.68142 8.58600 8.00000
v 2.65089 8.54773 8.00000
v 2.64000 8.50000 8.00000
v 2.65089 8.45227 8.00000
v 2.68142 8.41400 8.00000
v 2.72552 8.39276 8.00000
v 2.77448 8.39276 8.00000
v 2.81858 8.41400 8.00000
v 2.84911 8.45227 8.00000
v 2.86000 8.50000 8.06000
v 2.84911 8.54773 8.06000
v 2.81858 8.58600 8.06000
v 2.77448 8.60724 8.06000
v 2.72552 8.60724 8.06000
v 2.68142 8.58600 8.06000
v 2.65089 8.54773 8.06000
v 2.64000 8.50000 8.06000
v 2.65089 8.45227 8.06000
v 2.68142 8.41400 8.06000
v 2.72552 8.39276 8.06000
v 2.77448 8.39276 8.06000
v 2.81858 8.41400 8.06000
v 2.84911 8.45227 8.06000
v 0.36000 8.50000 8.00000
v 0.34911 8.54773 8.00000
v 0.31858 8.58600 8.00000
v 0.27448 8.60724 8.00000
v 0.22552 8.60724 8.00000
v 0.18142 8.58600 8.00000
v 0.15089 8.54773 8.00000
v 0.14000 8.50000 8.00000
v 0.15089 8.45227 8.00000
v 0.18142 8.41400 8.00000
v 0.22552 8.39276 8.00000
v 0.27448 8.39276 8.00000
v 0.31858 8.41400 8.00000
v 0.34911 8.45227 8.00000
v 0.36000 8.50000 8.06000
v 0.34911 8.54773 8.06000
v 0.31858 8.58600 8.06000
v 0.27448 8.60724 8.06000
v 0.22552 8.60724 8.06000
v 0.18142 8.58600 8.06000
v 0.15089 8.54773 8.06000
v 0.14000 8.50000 8.06000
v 0.15089 8.45227 8.06000
v 0.18142 8.41400 8.06000
v 0.22552 8.39276 8.06000
v 0.27448 8.39276 8.06000
v 0.31858 8.41400 8.06000
v 0.34911 8.45227 8.06000
v -2.14000 8.50000 8.00000
v -2.15089 8.54773 8.00000
v -2.18142 8.58600 8.00000
v -2.22552 8.60724 8.00000
v -2.27448 8.60724 8.00000
v -2.31858 8.58600 8.00000
v -2.34911 8.54773 8.00000
v -2.36000 8.50000 8.00000
v -2.34911 8.45227 8.00000
v -2.31858 8.41400 8.00000
v -2.27448 8.39276 8.00000
v -2.22552 8.39276 8.00000
v -2.18142 8.41400 8.00000
v -2.15089 8.45227 8.00000
v -2.14000 8.50000 8.06000
v -2.15089 8.54773 8.06000
v -2.18142 8.58600 8.06000
v -2.22552 8.60724 8.06000
v -2.27448 8.60724 8.06000
v -2.31858 8.58600 8.06000
v -2.34911 8.54773 8.06000
v -2.36000 8.50000 8.06000
v -2.34911 8.45227 8.06000
v -2.31858 8.41400 8.06000
v -2.27448 8.39276 8.06000
v -2.22552 8.39276 8.06000
v -2.18142 8.41400 8.06000
v -2.15089 8.45227 8.06000
v -4.64000 8.50000 8.00000
v -4.65089 8.54773 8.00000
v -4.68142 8.58600 8.00000
v -4.72552 8.60724 8.00000
v -4.77448 8.60724 8.00000
v -4.81858 8.58600 8.00000
v -4.84911 8.54773 8.00000
v -4.86000 8.50000 8.00000
v -4.84911 8.45227 8.00000
v -4.81858 8.41400 8.00000
v -4.77448 8.39276 8.00000
v -4.72552 8.39276 8.00000
v -4.68142 8.41400 8.00000
v -4.65089 8.45227 8.00000
v -4.64000 8.50000 8.06000
v -4.65089 8.54773 8.06000
v -4.68142 8.58600 8.06000
v -4.72552 8.60724 8.06000
v -4.77448 8.60724 8.06000
v -4.81858 8.58600 8.06000
v -4.84911 8.54773 8.06000
v -4.86000 8.50000 8.06000
v -4.84911 8.45227 8.06000
v -4.81858 8.41400 8.06000
v -4.77448 8.39276 8.06000
v -4.72552 8.39276 8.06000
v -4.68142 8.41400 8.06000
v -4.65089 8.45227 8.06000
v -5.14000 6.50000 8.00000
v -5.15089 6.54773 8.00000
v -5.18142 6.58600 8.00000
v -5.22552 6.60724 8.00000
v -5.27448 6.60724 8.00000
v -5.31858 6.58600 8.00000
v -5.34911 6.54773 8.00000
v -5.36000 6.50000 8.00000
v -5.34911 6.45227 8.00000
v -5.31858 6.41400 8.00000
v -5.27448 6.39276 8.00000
v -5.22552 6.39276 8.00000
v -5.18142 6.41400 8.00000
v -5.15089 6.45227 8.00000
v -5.14000 6.50000 8.06000
v -5.15089 6.54773 8.06000
v -5.18142 6.58600 8.06000
v -5.22552 6.60724 8.06000
v -5.27448 6.60724 8.06000
v -5.31858 6.58600 8.06000
v -5.34911 6.54773 8.06000
v -5.36000 6.50000 8.06000
v -5.34911 6.45227 8.06000
v -5.31858 6.41400 8.06000
v -5.27448 6.39276 8.06000
v -5.22552 6.39276 8.06000
v -5.18142 6.41400 8.06000
v -5.15089 6.45227 8.06000
v -5.14000 4.00000 8.00000
v -5.15089 4.04773 8.00000
v -5.18142 4.08600 8.00000
v -5.22552 4.10724 8.00000
v -5.27448 4.10724 8.00000
v -5.31858 4.08600 8.00000
v -5.34911 4.04773 8.00000
v -5.36000 4.00000 8.00000
v -5.34911 3.95227 8.00000
v -5.31858 3.91400 8.00000
v -5.27448 3.89276 8.00000
v -5.22552 3.89276 8.00000
v -5.18142 3.91400 8.00000
v -5.15089 3.95227 8.00000
v -5.14000 4.00000 8.06000
v -5.15089 4.04773 8.06000
v -5.18142 4.08600 8.06000
v -5.22552 4.10724 8.06000
v -5.27448 4.10724 8.06000
v -5.31858 4.08600 8.06000
v -5.34911 4.04773 8.06000
v -5.36000 4.00000 8.06000
v -5.34911 3.95227 8.06000
v -5.31858 3.91400 8.06000
v -5.27448 3.89276 8.06000
v -5.22552 3.89276 8.06000
v -5.18142 3.91400 8.06000
v -5.15089 3.95227 8.06000
v -5.14000 1.50000 8.00000
v -5.15089 1.54773 8.00000
v -5.18142 1.58600 8.00000
v -5.22552 1.60724 8.00000
v -5.27448 1.60724 8.00000
v -5.31858 1.58600 8.00000
v -5.34911 1.54773 8.00000
v -5.36000 1.50000 8.00000
v -5.34911 1.45227 8.00000
v -5.31858 1.41400 8.00000
v -5.27448 1.39276 8.00000
v -5.22552 1.39276 8.00000
v -5.18142 1.41400 8.00000
v -5.15089 1.45227 8.00000
v -5.14000 1.50000 8.06000
v -5.15089 1.54773 8.06000
v -5.18142 1.58600 8.06000
v -5.22552 1.60724 8.06000
v -5.27448 1.60724 8.06000
v -5.31858 1.58600 8.06000
v -5.34911 1.54773 8.06000
v -5.36000 1.50000 8.06000
v -5.34911 1.45227 8.06000
v -5.31858 1.41400 8.06000
v -5.27448 1.39276 8.06000
v -5.22552 1.39276 8.06000
v -5.18142 1.41400 8.06000
v -5.15089 1.45227 8.06000
v -5.14000 -1.00000 8.00000
v -5.15089 -0.95227 8.00000
v -5.18142 -0.91400 8.00000
v -5.22552 -0.89276 8.00000
v -5.27448 -0.89276 8.00000
v -5.31858 -0.91400 8.00000
v -5.34911 -0.95227 8.00000
v -5.36000 -1.00000 8.00000
v -5.34911 -1.04773 8.00000
v -5.31858 -1.08600 8.00000
v -5.27448 -1.10724 8.00000
v -5.22552 -1.10724 8.00000
v -5.18142 -1.08600 8.00000
v -5.15089 -1.04773 8.00000
v -5.14000 -1.00000 8.06000
v -5.15089 -0.95227 8.06000
v -5.18142 -0.91400 8.06000
v -5.22552 -0.89276 8.06000
v -5.27448 -0.89276 8.06000
v -5.31858 -0.91400 8.06000
v -5.34911 -0.95227 8.06000
v -5.36000 -1.00000 8.06000
v -5.34911 -1.04773 8.06000
v -5.31858 -1.08600 8.06000
v -5.27448 -1.10724 8.06000
v -5.22552 -1.10724 8.06000
v -5.18142 -1.08600 8.06000
v -5.15089 -1.04773 8.06000
v -5.14000 -3.50000 8.00000
v -5.15089 -3.45227 8.00000
v -5.18142 -3.41400 8.00000
v -5.22552 -3.39276 8.00000
v -5.27448 -3.39276 8.00000
v -5.31858 -3.41400 8.00000
v -5.34911 -3.45227 8.00000
v -5.36000 -3.50000 8.00000
v -5.34911 -3.54773 8.00000
v -5.31858 -3.58600 8.00000
v -5.27448 -3.60724 8.00000
v -5.22552 -3.60724 8.00000
v -5.18142 -3.58600 8.00000
v -5.15089 -3.54773 8.00000
v -5.14000 -3.50000 8.06000
v -5.15089 -3.45227 8.06000
v -5.18142 -3.41400 8.06000
v -5.22552 -3.39276 8.06000
v -5.27448 -3.39276 8.06000
v -5.31858 -3.41400 8.06000
v -5.34911 -3.45227 8.06000
v -5.36000 -3.50000 8.06000
v -5.34911 -3.54773 8.06000
v -5.31858 -3.58600 8.06000
v -5.27448 -3.60724 8.06000
v -5.22552 -3.60724 8.06000
v -5.18142 -3.58600 8.06000
v -5.15089 -3.54773 8.06000
v -5.14000 -6.00000 8.00000
v -5.15089 -5.95227 8.00000
v -5.18142 -5.91400 8.00000
v -5.22552 -5.89276 8.00000
v -5.27448 -5.89276 8.00000
v -5.31858 -5.91400 8.00000
v -5.34911 -5.95227 8.00000
v -5.36000 -6.00000 8.00000
v -5.34911 -6.04773 8.00000
v -5.31858 -6.08600 8.00000
v -5.27448 -6.10724 8.00000
v -5.22552 -6.10724 8.00000
v -5.18142 -6.08600 8.00000
v -5.15089 -6.04773 8.00000
v -5.14000 -6.00000 8.06000
v -5.15089 -5.95227 8.06000
v -5.18142 -5.91400 8.06000
v -5.22552 -5.89276 8.06000
v -5.27448 -5.89276 8.06000
v -5.31858 -5.91400 8.06000
v -5.34911 -5.95227 8.06000
v -5.36000 -6.00000 8.06000
v -5.34911 -6.04773 8.06000
v -5.31858 -6.08600 8.06000
v -5.27448 -6.10724 8.06000
v -5.22552 -6.10724 8.06000
v -5.18142 -6.08600 8.06000
v -5.15089 -6.04773 8.06000
v -7.10000 8.37500 6.37500
v -7.10000 8.35238 6.50326
v -7.10000 8.28727 6.61605
v -7.10000 8.18750 6.69976
v -7.10000 8.06512 6.74430
v -7.10000 7.93488 6.74430
v -7.10000 7.81250 6.69976
v -7.10000 7.71273 6.61605
v -7.10000 7.64762 6.50326
v -7.10000 7.62500 6.37500
v -7.10000 7.64762 6.24674
v -7.10000 7.71273 6.13395
v -7.10000 7.81250 6.05024
v -7.10000 7.93488 6.00570
v -7.10000 8.06512 6.00570
v -7.10000 8.18750 6.05024
v -7.10000 8.28727 6.13395
v -7.10000 8.35238 6.24674
v 7.10000 8.37500 6.37500
v 7.10000 8.35238 6.50326
v 7.10000 8.28727 6.61605
v 7.10000 8.18750 6.69976
v 7.10000 8.06512 6.74430
v 7.10000 7.93488 6.74430
v 7.10000 7.81250 6.69976
v 7.10000 7.71273 6.61605
v 7.10000 7.64762 6.50326
v 7.10000 7.62500 6.37500
v 7.10000 7.64762 6.24674
v 7.10000 7.71273 6.13395
v 7.10000 7.81250 6.05024
v 7.10000 7.93488 6.00570
v 7.10000 8.06512 6.00570
v 7.10000 8.18750 6.05024
v 7.10000 8.28727 6.13395
v 7.10000 8.35238 6.24674
v 7.17500 6.35000 6.07500
v 7.72500 6.35000 6.07500
v 7.72500 8.45000 6.07500
v 7.17500 8.45000 6.07500
v 7.17500 6.35000 6.67500
v 7.72500 6.35000 6.67500
v 7.72500 8.45000 6.67500
v 7.17500 8.45000 6.67500
v -5.25000 7.89000 6.37500
v 5.25000 7.89000 6.37500
v 5.25000 8.11000 6.37500
v -5.25000 8.11000 6.37500
v -5.25000 7.89000 7.57500
v 5.25000 7.89000 7.57500
v 5.25000 8.11000 7.57500
v -5.25000 8.11000 7.57500
v -5.10000 7.75000 7.68000
v -5.10000 7.73536 7.71536
v -5.10000 7.70000 7.73000
v -5.10000 7.66464 7.71536
v -5.10000 7.65000 7.68000
v -5.10000 7.66464 7.64464
v -5.10000 7.70000 7.63000
v -5.10000 7.73536 7.64464
v 5.10000 7.75000 7.68000
v 5.10000 7.73536 7.71536
v 5.10000 7.70000 7.73000
v 5.10000 7.66464 7.71536
v 5.10000 7.65000 7.68000
v 5.10000 7.66464 7.64464
v 5.10000 7.70000 7.63000
v 5.10000 7.73536 7.64464
v -5.10000 7.45000 7.68000
v -5.10000 7.43536 7.71536
v -5.10000 7.40000 7.73000
v -5.10000 7.36464 7.71536
v -5.10000 7.35000 7.68000
v -5.10000 7.36464 7.64464
v -5.10000 7.40000 7.63000
v -5.10000 7.43536 7.64464
v 5.10000 7.45000 7.68000
v 5.10000 7.43536 7.71536
v 5.10000 7.40000 7.73000
v 5.10000 7.36464 7.71536
v 5.10000 7.35000 7.68000
v 5.10000 7.36464 7.64464
v 5.10000 7.40000 7.63000
v 5.10000 7.43536 7.64464
v -5.10000 7.15000 7.68000
v -5.10000 7.13536 7.71536
v -5.10000 7.10000 7.73000
v -5.10000 7.06464 7.71536
v -5.10000 7.05000 7.68000
v -5.10000 7.06464 7.64464
v -5.10000 7.10000 7.63000
v -5.10000 7.13536 7.64464
v 5.10000 7.15000 7.68000
v 5.10000 7.13536 7.71536
v 5.10000 7.10000 7.73000
v 5.10000 7.06464 7.71536
v 5.10000 7.05000 7.68000
v 5.10000 7.06464 7.64464
v 5.10000 7.10000 7.63000
v 5.10000 7.13536 7.64464
v -5.10000 6.85000 7.68000
v -5.10000 6.83536 7.71536
v -5.10000 6.80000 7.73000
v -5.10000 6.76464 7.71536
v -5.10000 6.75000 7.68000
v -5.10000 6.76464 7.64464
v -5.10000 6.80000 7.63000
v -5.10000 6.83536 7.64464
v 5.10000 6.85000 7.68000
v 5.10000 6.83536 7.71536
v 5.10000 6.80000 7.73000
v 5.10000 6.76464 7.71536
v 5.10000 6.75000 7.68000
v 5.10000 6.76464 7.64464
v 5.10000 6.80000 7.63000
v 5.10000 6.83536 7.64464
v -5.30000 -9.85000 -6.97500
v -3.90000 -9.85000 -6.97500
v -3.90000 -9.25000 -6.97500
v -5.30000 -9.25000 -6.97500
v -5.30000 -9.85000 -5.57500
v -3.90000 -9.85000 -5.57500
v -3.90000 -9.25000 -5.57500
v -5.30000 -9.25000 -5.57500
v -5.30000 -9.85000 5.57500
v -3.90000 -9.85000 5.57500
v -3.90000 -9.25000 5.57500
v -5.30000 -9.25000 5.57500
v -5.30000 -9.85000 6.97500
v -3.90000 -9.85000 6.97500
v -3.90000 -9.25000 6.97500
v -5.30000 -9.25000 6.97500
v 3.90000 -9.85000 -6.97500
v 5.30000 -9.85000 -6.97500
v 5.30000 -9.25000 -6.97500
v 3.90000 -9.25000 -6.97500
v 3.90000 -9.85000 -5.57500
v 5.30000 -9.85000 -5.57500
v 5.30000 -9.25000 -5.57500
v 3.90000 -9.25000 -5.57500
v 3.90000 -9.85000 5.57500
v 5.30000 -9.85000 5.57500
v 5.30000 -9.25000 5.57500
v 3.90000 -9.25000 5.57500
v 3.90000 -9.85000 6.97500
v 5.30000 -9.85000 6.97500
v 5.30000 -9.25000 6.97500
v 3.90000 -9.25000 6.97500

g side_L
usemtl ply
f 1 4 3 2
f 5 6 7 8
f 1 2 6 5
f 3 4 8 7
f 1 5 8 4
f 2 3 7 6
f 9 12 11 10
f 13 14 15 16
f 9 10 14 13
f 11 12 16 15
f 9 13 16 12
f 10 11 15 14
f 17 20 19 18
f 21 22 23 24
f 17 18 22 21
f 19 20 24 23
f 17 21 24 20
f 18 19 23 22
f 25 28 27 26
f 29 30 31 32
f 25 26 30 29
f 27 28 32 31
f 25 29 32 28
f 26 27 31 30
g side_R
usemtl ply
f 33 36 35 34
f 37 38 39 40
f 33 34 38 37
f 35 36 40 39
f 33 37 40 36
f 34 35 39 38
f 41 44 43 42
f 45 46 47 48
f 41 42 46 45
f 43 44 48 47
f 41 45 48 44
f 42 43 47 46
f 49 52 51 50
f 53 54 55 56
f 49 50 54 53
f 51 52 56 55
f 49 53 56 52
f 50 51 55 54
f 57 60 59 58
f 61 62 63 64
f 57 58 62 61
f 59 60 64 63
f 57 61 64 60
f 58 59 63 62
g panel_top
usemtl ply
f 65 68 67 66
f 69 70 71 72
f 65 66 70 69
f 67 68 72 71
f 65 69 72 68
f 66 67 71 70
g panel_bottom
usemtl ply
f 73 76 75 74
f 77 78 79 80
f 73 74 78 77
f 75 76 80 79
f 73 77 80 76
f 74 75 79 78
g panel_back
usemtl ply
f 81 84 83 82
f 85 86 87 88
f 81 82 86 85
f 83 84 88 87
f 81 85 88 84
f 82 83 87 86
f 89 92 91 90
f 93 94 95 96
f 89 90 94 93
f 91 92 96 95
f 89 93 96 92
f 90 91 95 94
f 97 100 99 98
f 101 102 103 104
f 97 98 102 101
f 99 100 104 103
f 97 101 104 100
f 98 99 103 102
f 105 108 107 106
f 109 110 111 112
f 105 106 110 109
f 107 108 112 111
f 105 109 112 108
f 106 107 111 110
f 113 116 115 114
f 117 118 119 120
f 113 114 118 117
f 115 116 120 119
f 113 117 120 116
f 114 115 119 118
f 121 124 123 122
f 125 126 127 128
f 121 122 126 125
f 123 124 128 127
f 121 125 128 124
f 122 123 127 126
f 129 132 131 130
f 133 134 135 136
f 129 130 134 133
f 131 132 136 135
f 129 133 136 132
f 130 131 135 134
f 137 140 139 138
f 141 142 143 144
f 137 138 142 141
f 139 140 144 143
f 137 141 144 140
f 138 139 143 142
f 145 148 147 146
f 149 150 151 152
f 145 146 150 149
f 147 148 152 151
f 145 149 152 148
f 146 147 151 150
f 153 156 155 154
f 157 158 159 160
f 153 154 158 157
f 155 156 160 159
f 153 157 160 156
f 154 155 159 158
f 161 164 163 162
f 165 166 167 168
f 161 162 166 165
f 163 164 168 167
f 161 165 168 164
f 162 163 167 166
f 169 172 171 170
f 173 174 175 176
f 169 170 174 173
f 171 172 176 175
f 169 173 176 172
f 170 171 175 174
f 177 180 179 178
f 181 182 183 184
f 177 178 182 181
f 179 180 184 183
f 177 181 184 180
f 178 179 183 182
f 185 188 187 186
f 189 190 191 192
f 185 186 190 189
f 187 188 192 191
f 185 189 192 188
f 186 187 191 190
f 193 196 195 194
f 197 198 199 200
f 193 194 198 197
f 195 196 200 199
f 193 197 200 196
f 194 195 199 198
f 201 204 203 202
f 205 206 207 208
f 201 202 206 205
f 203 204 208 207
f 201 205 208 204
f 202 203 207 206
f 209 212 211 210
f 213 214 215 216
f 209 210 214 213
f 211 212 216 215
f 209 213 216 212
f 210 211 215 214
f 217 220 219 218
f 221 222 223 224
f 217 218 222 221
f 219 220 224 223
f 217 221 224 220
f 218 219 223 222
g boxjoint_L_side
usemtl ply
f 225 228 227 226
f 229 230 231 232
f 225 226 230 229
f 227 228 232 231
f 225 229 232 228
f 226 227 231 230
g boxjoint_L_back
usemtl ply
f 233 236 235 234
f 237 238 239 240
f 233 234 238 237
f 235 236 240 239
f 233 237 240 236
f 234 235 239 238
g boxjoint_L_side
usemtl ply
f 241 244 243 242
f 245 246 247 248
f 241 242 246 245
f 243 244 248 247
f 241 245 248 244
f 242 243 247 246
g boxjoint_L_back
usemtl ply
f 249 252 251 250
f 253 254 255 256
f 249 250 254 253
f 251 252 256 255
f 249 253 256 252
f 250 251 255 254
g boxjoint_L_side
usemtl ply
f 257 260 259 258
f 261 262 263 264
f 257 258 262 261
f 259 260 264 263
f 257 261 264 260
f 258 259 263 262
g boxjoint_L_back
usemtl ply
f 265 268 267 266
f 269 270 271 272
f 265 266 270 269
f 267 268 272 271
f 265 269 272 268
f 266 267 271 270
g boxjoint_L_side
usemtl ply
f 273 276 275 274
f 277 278 279 280
f 273 274 278 277
f 275 276 280 279
f 273 277 280 276
f 274 275 279 278
g boxjoint_L_back
usemtl ply
f 281 284 283 282
f 285 286 287 288
f 281 282 286 285
f 283 284 288 287
f 281 285 288 284
f 282 283 287 286
g boxjoint_L_side
usemtl ply
f 289 292 291 290
f 293 294 295 296
f 289 290 294 293
f 291 292 296 295
f 289 293 296 292
f 290 291 295 294
g boxjoint_L_back
usemtl ply
f 297 300 299 298
f 301 302 303 304
f 297 298 302 301
f 299 300 304 303
f 297 301 304 300
f 298 299 303 302
g boxjoint_L_side
usemtl ply
f 305 308 307 306
f 309 310 311 312
f 305 306 310 309
f 307 308 312 311
f 305 309 312 308
f 306 307 311 310
g boxjoint_L_back
usemtl ply
f 313 316 315 314
f 317 318 319 320
f 313 314 318 317
f 315 316 320 319
f 313 317 320 316
f 314 315 319 318
g boxjoint_L_side
usemtl ply
f 321 324 323 322
f 325 326 327 328
f 321 322 326 325
f 323 324 328 327
f 321 325 328 324
f 322 323 327 326
g boxjoint_L_back
usemtl ply
f 329 332 331 330
f 333 334 335 336
f 329 330 334 333
f 331 332 336 335
f 329 333 336 332
f 330 331 335 334
g boxjoint_L_side
usemtl ply
f 337 340 339 338
f 341 342 343 344
f 337 338 342 341
f 339 340 344 343
f 337 341 344 340
f 338 339 343 342
g boxjoint_L_back
usemtl ply
f 345 348 347 346
f 349 350 351 352
f 345 346 350 349
f 347 348 352 351
f 345 349 352 348
f 346 347 351 350
g boxjoint_L_side
usemtl ply
f 353 356 355 354
f 357 358 359 360
f 353 354 358 357
f 355 356 360 359
f 353 357 360 356
f 354 355 359 358
g boxjoint_L_back
usemtl ply
f 361 364 363 362
f 365 366 367 368
f 361 362 366 365
f 363 364 368 367
f 361 365 368 364
f 362 363 367 366
g boxjoint_L_side
usemtl ply
f 369 372 371 370
f 373 374 375 376
f 369 370 374 373
f 371 372 376 375
f 369 373 376 372
f 370 371 375 374
g boxjoint_L_back
usemtl ply
f 377 380 379 378
f 381 382 383 384
f 377 378 382 381
f 379 380 384 383
f 377 381 384 380
f 378 379 383 382
g boxjoint_L_side
usemtl ply
f 385 388 387 386
f 389 390 391 392
f 385 386 390 389
f 387 388 392 391
f 385 389 392 388
f 386 387 391 390
g boxjoint_L_back
usemtl ply
f 393 396 395 394
f 397 398 399 400
f 393 394 398 397
f 395 396 400 399
f 393 397 400 396
f 394 395 399 398
g boxjoint_L_side
usemtl ply
f 401 404 403 402
f 405 406 407 408
f 401 402 406 405
f 403 404 408 407
f 401 405 408 404
f 402 403 407 406
g boxjoint_L_back
usemtl ply
f 409 412 411 410
f 413 414 415 416
f 409 410 414 413
f 411 412 416 415
f 409 413 416 412
f 410 411 415 414
g boxjoint_L_side
usemtl ply
f 417 420 419 418
f 421 422 423 424
f 417 418 422 421
f 419 420 424 423
f 417 421 424 420
f 418 419 423 422
g boxjoint_L_back
usemtl ply
f 425 428 427 426
f 429 430 431 432
f 425 426 430 429
f 427 428 432 431
f 425 429 432 428
f 426 427 431 430
g boxjoint_L_side
usemtl ply
f 433 436 435 434
f 437 438 439 440
f 433 434 438 437
f 435 436 440 439
f 433 437 440 436
f 434 435 439 438
g boxjoint_L_back
usemtl ply
f 441 444 443 442
f 445 446 447 448
f 441 442 446 445
f 443 444 448 447
f 441 445 448 444
f 442 443 447 446
g boxjoint_L_side
usemtl ply
f 449 452 451 450
f 453 454 455 456
f 449 450 454 453
f 451 452 456 455
f 449 453 456 452
f 450 451 455 454
g boxjoint_L_back
usemtl ply
f 457 460 459 458
f 461 462 463 464
f 457 458 462 461
f 459 460 464 463
f 457 461 464 460
f 458 459 463 462
g boxjoint_L_side
usemtl ply
f 465 468 467 466
f 469 470 471 472
f 465 466 470 469
f 467 468 472 471
f 465 469 472 468
f 466 467 471 470
g boxjoint_L_back
usemtl ply
f 473 476 475 474
f 477 478 479 480
f 473 474 478 477
f 475 476 480 479
f 473 477 480 476
f 474 475 479 478
g boxjoint_L_side
usemtl ply
f 481 484 483 482
f 485 486 487 488
f 481 482 486 485
f 483 484 488 487
f 481 485 488 484
f 482 483 487 486
g boxjoint_L_back
usemtl ply
f 489 492 491 490
f 493 494 495 496
f 489 490 494 493
f 491 492 496 495
f 489 493 496 492
f 490 491 495 494
g boxjoint_L_side
usemtl ply
f 497 500 499 498
f 501 502 503 504
f 497 498 502 501
f 499 500 504 503
f 497 501 504 500
f 498 499 503 502
g boxjoint_L_back
usemtl ply
f 505 508 507 506
f 509 510 511 512
f 505 506 510 509
f 507 508 512 511
f 505 509 512 508
f 506 507 511 510
g boxjoint_L_side
usemtl ply
f 513 516 515 514
f 517 518 519 520
f 513 514 518 517
f 515 516 520 519
f 513 517 520 516
f 514 515 519 518
g boxjoint_R_side
usemtl ply
f 521 524 523 522
f 525 526 527 528
f 521 522 526 525
f 523 524 528 527
f 521 525 528 524
f 522 523 527 526
g boxjoint_R_back
usemtl ply
f 529 532 531 530
f 533 534 535 536
f 529 530 534 533
f 531 532 536 535
f 529 533 536 532
f 530 531 535 534
g boxjoint_R_side
usemtl ply
f 537 540 539 538
f 541 542 543 544
f 537 538 542 541
f 539 540 544 543
f 537 541 544 540
f 538 539 543 542
g boxjoint_R_back
usemtl ply
f 545 548 547 546
f 549 550 551 552
f 545 546 550 549
f 547 548 552 551
f 545 549 552 548
f 546 547 551 550
g boxjoint_R_side
usemtl ply
f 553 556 555 554
f 557 558 559 560
f 553 554 558 557
f 555 556 560 559
f 553 557 560 556
f 554 555 559 558
g boxjoint_R_back
usemtl ply
f 561 564 563 562
f 565 566 567 568
f 561 562 566 565
f 563 564 568 567
f 561 565 568 564
f 562 563 567 566
g boxjoint_R_side
usemtl ply
f 569 572 571 570
f 573 574 575 576
f 569 570 574 573
f 571 572 576 575
f 569 573 576 572
f 570 571 575 574
g boxjoint_R_back
usemtl ply
f 577 580 579 578
f 581 582 583 584
f 577 578 582 581
f 579 580 584 583
f 577 581 584 580
f 578 579 583 582
g boxjoint_R_side
usemtl ply
f 585 588 587 586
f 589 590 591 592
f 585 586 590 589
f 587 588 592 591
f 585 589 592 588
f 586 587 591 590
g boxjoint_R_back
usemtl ply
f 593 596 595 594
f 597 598 599 600
f 593 594 598 597
f 595 596 600 599
f 593 597 600 596
f 594 595 599 598
g boxjoint_R_side
usemtl ply
f 601 604 603 602
f 605 606 607 608
f 601 602 606 605
f 603 604 608 607
f 601 605 608 604
f 602 603 607 606
g boxjoint_R_back
usemtl ply
f 609 612 611 610
f 613 614 615 616
f 609 610 614 613
f 611 612 616 615
f 609 613 616 612
f 610 611 615 614
g boxjoint_R_side
usemtl ply
f 617 620 619 618
f 621 622 623 624
f 617 618 622 621
f 619 620 624 623
f 617 621 624 620
f 618 619 623 622
g boxjoint_R_back
usemtl ply
f 625 628 627 626
f 629 630 631 632
f 625 626 630 629
f 627 628 632 631
f 625 629 632 628
f 626 627 631 630
g boxjoint_R_side
usemtl ply
f 633 636 635 634
f 637 638 639 640
f 633 634 638 637
f 635 636 640 639
f 633 637 640 636
f 634 635 639 638
g boxjoint_R_back
usemtl ply
f 641 644 643 642
f 645 646 647 648
f 641 642 646 645
f 643 644 648 647
f 641 645 648 644
f 642 643 647 646
g boxjoint_R_side
usemtl ply
f 649 652 651 650
f 653 654 655 656
f 649 650 654 653
f 651 652 656 655
f 649 653 656 652
f 650 651 655 654
g boxjoint_R_back
usemtl ply
f 657 660 659 658
f 661 662 663 664
f 657 658 662 661
f 659 660 664 663
f 657 661 664 660
f 658 659 663 662
g boxjoint_R_side
usemtl ply
f 665 668 667 666
f 669 670 671 672
f 665 666 670 669
f 667 668 672 671
f 665 669 672 668
f 666 667 671 670
g boxjoint_R_back
usemtl ply
f 673 676 675 674
f 677 678 679 680
f 673 674 678 677
f 675 676 680 679
f 673 677 680 676
f 674 675 679 678
g boxjoint_R_side
usemtl ply
f 681 684 683 682
f 685 686 687 688
f 681 682 686 685
f 683 684 688 687
f 681 685 688 684
f 682 683 687 686
g boxjoint_R_back
usemtl ply
f 689 692 691 690
f 693 694 695 696
f 689 690 694 693
f 691 692 696 695
f 689 693 696 692
f 690 691 695 694
g boxjoint_R_side
usemtl ply
f 697 700 699 698
f 701 702 703 704
f 697 698 702 701
f 699 700 704 703
f 697 701 704 700
f 698 699 703 702
g boxjoint_R_back
usemtl ply
f 705 708 707 706
f 709 710 711 712
f 705 706 710 709
f 707 708 712 711
f 705 709 712 708
f 706 707 711 710
g boxjoint_R_side
usemtl ply
f 713 716 715 714
f 717 718 719 720
f 713 714 718 717
f 715 716 720 719
f 713 717 720 716
f 714 715 719 718
g boxjoint_R_back
usemtl ply
f 721 724 723 722
f 725 726 727 728
f 721 722 726 725
f 723 724 728 727
f 721 725 728 724
f 722 723 727 726
g boxjoint_R_side
usemtl ply
f 729 732 731 730
f 733 734 735 736
f 729 730 734 733
f 731 732 736 735
f 729 733 736 732
f 730 731 735 734
g boxjoint_R_back
usemtl ply
f 737 740 739 738
f 741 742 743 744
f 737 738 742 741
f 739 740 744 743
f 737 741 744 740
f 738 739 743 742
g boxjoint_R_side
usemtl ply
f 745 748 747 746
f 749 750 751 752
f 745 746 750 749
f 747 748 752 751
f 745 749 752 748
f 746 747 751 750
g boxjoint_R_back
usemtl ply
f 753 756 755 754
f 757 758 759 760
f 753 754 758 757
f 755 756 760 759
f 753 757 760 756
f 754 755 759 758
g boxjoint_R_side
usemtl ply
f 761 764 763 762
f 765 766 767 768
f 761 762 766 765
f 763 764 768 767
f 761 765 768 764
f 762 763 767 766
g boxjoint_R_back
usemtl ply
f 769 772 771 770
f 773 774 775 776
f 769 770 774 773
f 771 772 776 775
f 769 773 776 772
f 770 771 775 774
g boxjoint_R_side
usemtl ply
f 777 780 779 778
f 781 782 783 784
f 777 778 782 781
f 779 780 784 783
f 777 781 784 780
f 778 779 783 782
g boxjoint_R_back
usemtl ply
f 785 788 787 786
f 789 790 791 792
f 785 786 790 789
f 787 788 792 791
f 785 789 792 788
f 786 787 791 790
g boxjoint_R_side
usemtl ply
f 793 796 795 794
f 797 798 799 800
f 793 794 798 797
f 795 796 800 799
f 793 797 800 796
f 794 795 799 798
g boxjoint_R_back
usemtl ply
f 801 804 803 802
f 805 806 807 808
f 801 802 806 805
f 803 804 808 807
f 801 805 808 804
f 802 803 807 806
g boxjoint_R_side
usemtl ply
f 809 812 811 810
f 813 814 815 816
f 809 810 814 813
f 811 812 816 815
f 809 813 816 812
f 810 811 815 814
g guiro_rail_L
usemtl hardwood
f 817 820 819 818
f 821 822 823 824
f 817 818 822 821
f 819 820 824 823
f 817 821 824 820
f 818 819 823 822
f 825 828 827 826
f 829 830 831 832
f 825 826 830 829
f 827 828 832 831
f 825 829 832 828
f 826 827 831 830
f 833 836 835 834
f 837 838 839 840
f 833 834 838 837
f 835 836 840 839
f 833 837 840 836
f 834 835 839 838
f 841 844 843 842
f 845 846 847 848
f 841 842 846 845
f 843 844 848 847
f 841 845 848 844
f 842 843 847 846
f 849 852 851 850
f 853 854 855 856
f 849 850 854 853
f 851 852 856 855
f 849 853 856 852
f 850 851 855 854
f 857 860 859 858
f 861 862 863 864
f 857 858 862 861
f 859 860 864 863
f 857 861 864 860
f 858 859 863 862
f 865 868 867 866
f 869 870 871 872
f 865 866 870 869
f 867 868 872 871
f 865 869 872 868
f 866 867 871 870
f 873 876 875 874
f 877 878 879 880
f 873 874 878 877
f 875 876 880 879
f 873 877 880 876
f 874 875 879 878
f 881 884 883 882
f 885 886 887 888
f 881 882 886 885
f 883 884 888 887
f 881 885 888 884
f 882 883 887 886
f 889 892 891 890
f 893 894 895 896
f 889 890 894 893
f 891 892 896 895
f 889 893 896 892
f 890 891 895 894
f 897 900 899 898
f 901 902 903 904
f 897 898 902 901
f 899 900 904 903
f 897 901 904 900
f 898 899 903 902
f 905 908 907 906
f 909 910 911 912
f 905 906 910 909
f 907 908 912 911
f 905 909 912 908
f 906 907 911 910
f 913 916 915 914
f 917 918 919 920
f 913 914 918 917
f 915 916 920 919
f 913 917 920 916
f 914 915 919 918
f 921 924 923 922
f 925 926 927 928
f 921 922 926 925
f 923 924 928 927
f 921 925 928 924
f 922 923 927 926
f 929 932 931 930
f 933 934 935 936
f 929 930 934 933
f 931 932 936 935
f 929 933 936 932
f 930 931 935 934
f 937 940 939 938
f 941 942 943 944
f 937 938 942 941
f 939 940 944 943
f 937 941 944 940
f 938 939 943 942
f 945 948 947 946
f 949 950 951 952
f 945 946 950 949
f 947 948 952 951
f 945 949 952 948
f 946 947 951 950
f 953 956 955 954
f 957 958 959 960
f 953 954 958 957
f 955 956 960 959
f 953 957 960 956
f 954 955 959 958
f 961 964 963 962
f 965 966 967 968
f 961 962 966 965
f 963 964 968 967
f 961 965 968 964
f 962 963 967 966
f 969 972 971 970
f 973 974 975 976
f 969 970 974 973
f 971 972 976 975
f 969 973 976 972
f 970 971 975 974
f 977 980 979 978
f 981 982 983 984
f 977 978 982 981
f 979 980 984 983
f 977 981 984 980
f 978 979 983 982
f 985 988 987 986
f 989 990 991 992
f 985 986 990 989
f 987 988 992 991
f 985 989 992 988
f 986 987 991 990
f 993 996 995 994
f 997 998 999 1000
f 993 994 998 997
f 995 996 1000 999
f 993 997 1000 996
f 994 995 999 998
f 1001 1004 1003 1002
f 1005 1006 1007 1008
f 1001 1002 1006 1005
f 1003 1004 1008 1007
f 1001 1005 1008 1004
f 1002 1003 1007 1006
f 1009 1012 1011 1010
f 1013 1014 1015 1016
f 1009 1010 1014 1013
f 1011 1012 1016 1015
f 1009 1013 1016 1012
f 1010 1011 1015 1014
f 1017 1020 1019 1018
f 1021 1022 1023 1024
f 1017 1018 1022 1021
f 1019 1020 1024 1023
f 1017 1021 1024 1020
f 1018 1019 1023 1022
f 1025 1028 1027 1026
f 1029 1030 1031 1032
f 1025 1026 1030 1029
f 1027 1028 1032 1031
f 1025 1029 1032 1028
f 1026 1027 1031 1030
f 1033 1036 1035 1034
f 1037 1038 1039 1040
f 1033 1034 1038 1037
f 1035 1036 1040 1039
f 1033 1037 1040 1036
f 1034 1035 1039 1038
f 1041 1044 1043 1042
f 1045 1046 1047 1048
f 1041 1042 1046 1045
f 1043 1044 1048 1047
f 1041 1045 1048 1044
f 1042 1043 1047 1046
f 1049 1052 1051 1050
f 1053 1054 1055 1056
f 1049 1050 1054 1053
f 1051 1052 1056 1055
f 1049 1053 1056 1052
f 1050 1051 1055 1054
f 1057 1060 1059 1058
f 1061 1062 1063 1064
f 1057 1058 1062 1061
f 1059 1060 1064 1063
f 1057 1061 1064 1060
f 1058 1059 1063 1062
f 1065 1068 1067 1066
f 1069 1070 1071 1072
f 1065 1066 1070 1069
f 1067 1068 1072 1071
f 1065 1069 1072 1068
f 1066 1067 1071 1070
f 1073 1076 1075 1074
f 1077 1078 1079 1080
f 1073 1074 1078 1077
f 1075 1076 1080 1079
f 1073 1077 1080 1076
f 1074 1075 1079 1078
f 1081 1084 1083 1082
f 1085 1086 1087 1088
f 1081 1082 1086 1085
f 1083 1084 1088 1087
f 1081 1085 1088 1084
f 1082 1083 1087 1086
f 1089 1092 1091 1090
f 1093 1094 1095 1096
f 1089 1090 1094 1093
f 1091 1092 1096 1095
f 1089 1093 1096 1092
f 1090 1091 1095 1094
f 1097 1100 1099 1098
f 1101 1102 1103 1104
f 1097 1098 1102 1101
f 1099 1100 1104 1103
f 1097 1101 1104 1100
f 1098 1099 1103 1102
f 1105 1108 1107 1106
f 1109 1110 1111 1112
f 1105 1106 1110 1109
f 1107 1108 1112 1111
f 1105 1109 1112 1108
f 1106 1107 1111 1110
f 1113 1116 1115 1114
f 1117 1118 1119 1120
f 1113 1114 1118 1117
f 1115 1116 1120 1119
f 1113 1117 1120 1116
f 1114 1115 1119 1118
f 1121 1124 1123 1122
f 1125 1126 1127 1128
f 1121 1122 1126 1125
f 1123 1124 1128 1127
f 1121 1125 1128 1124
f 1122 1123 1127 1126
f 1129 1132 1131 1130
f 1133 1134 1135 1136
f 1129 1130 1134 1133
f 1131 1132 1136 1135
f 1129 1133 1136 1132
f 1130 1131 1135 1134
f 1137 1140 1139 1138
f 1141 1142 1143 1144
f 1137 1138 1142 1141
f 1139 1140 1144 1143
f 1137 1141 1144 1140
f 1138 1139 1143 1142
f 1145 1148 1147 1146
f 1149 1150 1151 1152
f 1145 1146 1150 1149
f 1147 1148 1152 1151
f 1145 1149 1152 1148
f 1146 1147 1151 1150
f 1153 1156 1155 1154
f 1157 1158 1159 1160
f 1153 1154 1158 1157
f 1155 1156 1160 1159
f 1153 1157 1160 1156
f 1154 1155 1159 1158
f 1161 1164 1163 1162
f 1165 1166 1167 1168
f 1161 1162 1166 1165
f 1163 1164 1168 1167
f 1161 1165 1168 1164
f 1162 1163 1167 1166
f 1169 1172 1171 1170
f 1173 1174 1175 1176
f 1169 1170 1174 1173
f 1171 1172 1176 1175
f 1169 1173 1176 1172
f 1170 1171 1175 1174
f 1177 1180 1179 1178
f 1181 1182 1183 1184
f 1177 1178 1182 1181
f 1179 1180 1184 1183
f 1177 1181 1184 1180
f 1178 1179 1183 1182
f 1185 1188 1187 1186
f 1189 1190 1191 1192
f 1185 1186 1190 1189
f 1187 1188 1192 1191
f 1185 1189 1192 1188
f 1186 1187 1191 1190
f 1193 1196 1195 1194
f 1197 1198 1199 1200
f 1193 1194 1198 1197
f 1195 1196 1200 1199
f 1193 1197 1200 1196
f 1194 1195 1199 1198
f 1201 1204 1203 1202
f 1205 1206 1207 1208
f 1201 1202 1206 1205
f 1203 1204 1208 1207
f 1201 1205 1208 1204
f 1202 1203 1207 1206
f 1209 1212 1211 1210
f 1213 1214 1215 1216
f 1209 1210 1214 1213
f 1211 1212 1216 1215
f 1209 1213 1216 1212
f 1210 1211 1215 1214
f 1217 1220 1219 1218
f 1221 1222 1223 1224
f 1217 1218 1222 1221
f 1219 1220 1224 1223
f 1217 1221 1224 1220
f 1218 1219 1223 1222
f 1225 1228 1227 1226
f 1229 1230 1231 1232
f 1225 1226 1230 1229
f 1227 1228 1232 1231
f 1225 1229 1232 1228
f 1226 1227 1231 1230
f 1233 1236 1235 1234
f 1237 1238 1239 1240
f 1233 1234 1238 1237
f 1235 1236 1240 1239
f 1233 1237 1240 1236
f 1234 1235 1239 1238
f 1241 1244 1243 1242
f 1245 1246 1247 1248
f 1241 1242 1246 1245
f 1243 1244 1248 1247
f 1241 1245 1248 1244
f 1242 1243 1247 1246
f 1249 1252 1251 1250
f 1253 1254 1255 1256
f 1249 1250 1254 1253
f 1251 1252 1256 1255
f 1249 1253 1256 1252
f 1250 1251 1255 1254
f 1257 1260 1259 1258
f 1261 1262 1263 1264
f 1257 1258 1262 1261
f 1259 1260 1264 1263
f 1257 1261 1264 1260
f 1258 1259 1263 1262
f 1265 1268 1267 1266
f 1269 1270 1271 1272
f 1265 1266 1270 1269
f 1267 1268 1272 1271
f 1265 1269 1272 1268
f 1266 1267 1271 1270
f 1273 1276 1275 1274
f 1277 1278 1279 1280
f 1273 1274 1278 1277
f 1275 1276 1280 1279
f 1273 1277 1280 1276
f 1274 1275 1279 1278
f 1281 1284 1283 1282
f 1285 1286 1287 1288
f 1281 1282 1286 1285
f 1283 1284 1288 1287
f 1281 1285 1288 1284
f 1282 1283 1287 1286
f 1289 1292 1291 1290
f 1293 1294 1295 1296
f 1289 1290 1294 1293
f 1291 1292 1296 1295
f 1289 1293 1296 1292
f 1290 1291 1295 1294
f 1297 1300 1299 1298
f 1301 1302 1303 1304
f 1297 1298 1302 1301
f 1299 1300 1304 1303
f 1297 1301 1304 1300
f 1298 1299 1303 1302
f 1305 1308 1307 1306
f 1309 1310 1311 1312
f 1305 1306 1310 1309
f 1307 1308 1312 1311
f 1305 1309 1312 1308
f 1306 1307 1311 1310
f 1313 1316 1315 1314
f 1317 1318 1319 1320
f 1313 1314 1318 1317
f 1315 1316 1320 1319
f 1313 1317 1320 1316
f 1314 1315 1319 1318
f 1321 1324 1323 1322
f 1325 1326 1327 1328
f 1321 1322 1326 1325
f 1323 1324 1328 1327
f 1321 1325 1328 1324
f 1322 1323 1327 1326
f 1329 1332 1331 1330
f 1333 1334 1335 1336
f 1329 1330 1334 1333
f 1331 1332 1336 1335
f 1329 1333 1336 1332
f 1330 1331 1335 1334
f 1337 1340 1339 1338
f 1341 1342 1343 1344
f 1337 1338 1342 1341
f 1339 1340 1344 1343
f 1337 1341 1344 1340
f 1338 1339 1343 1342
f 1345 1348 1347 1346
f 1349 1350 1351 1352
f 1345 1346 1350 1349
f 1347 1348 1352 1351
f 1345 1349 1352 1348
f 1346 1347 1351 1350
f 1353 1356 1355 1354
f 1357 1358 1359 1360
f 1353 1354 1358 1357
f 1355 1356 1360 1359
f 1353 1357 1360 1356
f 1354 1355 1359 1358
f 1361 1364 1363 1362
f 1365 1366 1367 1368
f 1361 1362 1366 1365
f 1363 1364 1368 1367
f 1361 1365 1368 1364
f 1362 1363 1367 1366
f 1369 1372 1371 1370
f 1373 1374 1375 1376
f 1369 1370 1374 1373
f 1371 1372 1376 1375
f 1369 1373 1376 1372
f 1370 1371 1375 1374
f 1377 1380 1379 1378
f 1381 1382 1383 1384
f 1377 1378 1382 1381
f 1379 1380 1384 1383
f 1377 1381 1384 1380
f 1378 1379 1383 1382
f 1385 1388 1387 1386
f 1389 1390 1391 1392
f 1385 1386 1390 1389
f 1387 1388 1392 1391
f 1385 1389 1392 1388
f 1386 1387 1391 1390
f 1393 1396 1395 1394
f 1397 1398 1399 1400
f 1393 1394 1398 1397
f 1395 1396 1400 1399
f 1393 1397 1400 1396
f 1394 1395 1399 1398
f 1401 1404 1403 1402
f 1405 1406 1407 1408
f 1401 1402 1406 1405
f 1403 1404 1408 1407
f 1401 1405 1408 1404
f 1402 1403 1407 1406
f 1409 1412 1411 1410
f 1413 1414 1415 1416
f 1409 1410 1414 1413
f 1411 1412 1416 1415
f 1409 1413 1416 1412
f 1410 1411 1415 1414
f 1417 1420 1419 1418
f 1421 1422 1423 1424
f 1417 1418 1422 1421
f 1419 1420 1424 1423
f 1417 1421 1424 1420
f 1418 1419 1423 1422
f 1425 1428 1427 1426
f 1429 1430 1431 1432
f 1425 1426 1430 1429
f 1427 1428 1432 1431
f 1425 1429 1432 1428
f 1426 1427 1431 1430
f 1433 1436 1435 1434
f 1437 1438 1439 1440
f 1433 1434 1438 1437
f 1435 1436 1440 1439
f 1433 1437 1440 1436
f 1434 1435 1439 1438
f 1441 1444 1443 1442
f 1445 1446 1447 1448
f 1441 1442 1446 1445
f 1443 1444 1448 1447
f 1441 1445 1448 1444
f 1442 1443 1447 1446
f 1449 1452 1451 1450
f 1453 1454 1455 1456
f 1449 1450 1454 1453
f 1451 1452 1456 1455
f 1449 1453 1456 1452
f 1450 1451 1455 1454
f 1457 1460 1459 1458
f 1461 1462 1463 1464
f 1457 1458 1462 1461
f 1459 1460 1464 1463
f 1457 1461 1464 1460
f 1458 1459 1463 1462
f 1465 1468 1467 1466
f 1469 1470 1471 1472
f 1465 1466 1470 1469
f 1467 1468 1472 1471
f 1465 1469 1472 1468
f 1466 1467 1471 1470
f 1473 1476 1475 1474
f 1477 1478 1479 1480
f 1473 1474 1478 1477
f 1475 1476 1480 1479
f 1473 1477 1480 1476
f 1474 1475 1479 1478
f 1481 1484 1483 1482
f 1485 1486 1487 1488
f 1481 1482 1486 1485
f 1483 1484 1488 1487
f 1481 1485 1488 1484
f 1482 1483 1487 1486
f 1489 1492 1491 1490
f 1493 1494 1495 1496
f 1489 1490 1494 1493
f 1491 1492 1496 1495
f 1489 1493 1496 1492
f 1490 1491 1495 1494
f 1497 1500 1499 1498
f 1501 1502 1503 1504
f 1497 1498 1502 1501
f 1499 1500 1504 1503
f 1497 1501 1504 1500
f 1498 1499 1503 1502
f 1505 1508 1507 1506
f 1509 1510 1511 1512
f 1505 1506 1510 1509
f 1507 1508 1512 1511
f 1505 1509 1512 1508
f 1506 1507 1511 1510
f 1513 1516 1515 1514
f 1517 1518 1519 1520
f 1513 1514 1518 1517
f 1515 1516 1520 1519
f 1513 1517 1520 1516
f 1514 1515 1519 1518
f 1521 1524 1523 1522
f 1525 1526 1527 1528
f 1521 1522 1526 1525
f 1523 1524 1528 1527
f 1521 1525 1528 1524
f 1522 1523 1527 1526
f 1529 1532 1531 1530
f 1533 1534 1535 1536
f 1529 1530 1534 1533
f 1531 1532 1536 1535
f 1529 1533 1536 1532
f 1530 1531 1535 1534
f 1537 1540 1539 1538
f 1541 1542 1543 1544
f 1537 1538 1542 1541
f 1539 1540 1544 1543
f 1537 1541 1544 1540
f 1538 1539 1543 1542
f 1545 1548 1547 1546
f 1549 1550 1551 1552
f 1545 1546 1550 1549
f 1547 1548 1552 1551
f 1545 1549 1552 1548
f 1546 1547 1551 1550
f 1553 1556 1555 1554
f 1557 1558 1559 1560
f 1553 1554 1558 1557
f 1555 1556 1560 1559
f 1553 1557 1560 1556
f 1554 1555 1559 1558
f 1561 1564 1563 1562
f 1565 1566 1567 1568
f 1561 1562 1566 1565
f 1563 1564 1568 1567
f 1561 1565 1568 1564
f 1562 1563 1567 1566
f 1569 1572 1571 1570
f 1573 1574 1575 1576
f 1569 1570 1574 1573
f 1571 1572 1576 1575
f 1569 1573 1576 1572
f 1570 1571 1575 1574
f 1577 1580 1579 1578
f 1581 1582 1583 1584
f 1577 1578 1582 1581
f 1579 1580 1584 1583
f 1577 1581 1584 1580
f 1578 1579 1583 1582
f 1585 1588 1587 1586
f 1589 1590 1591 1592
f 1585 1586 1590 1589
f 1587 1588 1592 1591
f 1585 1589 1592 1588
f 1586 1587 1591 1590
f 1593 1596 1595 1594
f 1597 1598 1599 1600
f 1593 1594 1598 1597
f 1595 1596 1600 1599
f 1593 1597 1600 1596
f 1594 1595 1599 1598
f 1601 1604 1603 1602
f 1605 1606 1607 1608
f 1601 1602 1606 1605
f 1603 1604 1608 1607
f 1601 1605 1608 1604
f 1602 1603 1607 1606
f 1609 1612 1611 1610
f 1613 1614 1615 1616
f 1609 1610 1614 1613
f 1611 1612 1616 1615
f 1609 1613 1616 1612
f 1610 1611 1615 1614
f 1617 1620 1619 1618
f 1621 1622 1623 1624
f 1617 1618 1622 1621
f 1619 1620 1624 1623
f 1617 1621 1624 1620
f 1618 1619 1623 1622
f 1625 1628 1627 1626
f 1629 1630 1631 1632
f 1625 1626 1630 1629
f 1627 1628 1632 1631
f 1625 1629 1632 1628
f 1626 1627 1631 1630
g keeper_L
usemtl ply
f 1633 1636 1635 1634
f 1637 1638 1639 1640
f 1633 1634 1638 1637
f 1635 1636 1640 1639
f 1633 1637 1640 1636
f 1634 1635 1639 1638
f 1641 1644 1643 1642
f 1645 1646 1647 1648
f 1641 1642 1646 1645
f 1643 1644 1648 1647
f 1641 1645 1648 1644
f 1642 1643 1647 1646
g guiro_rail_R
usemtl hardwood
f 1649 1652 1651 1650
f 1653 1654 1655 1656
f 1649 1650 1654 1653
f 1651 1652 1656 1655
f 1649 1653 1656 1652
f 1650 1651 1655 1654
f 1657 1660 1659 1658
f 1661 1662 1663 1664
f 1657 1658 1662 1661
f 1659 1660 1664 1663
f 1657 1661 1664 1660
f 1658 1659 1663 1662
f 1665 1668 1667 1666
f 1669 1670 1671 1672
f 1665 1666 1670 1669
f 1667 1668 1672 1671
f 1665 1669 1672 1668
f 1666 1667 1671 1670
f 1673 1676 1675 1674
f 1677 1678 1679 1680
f 1673 1674 1678 1677
f 1675 1676 1680 1679
f 1673 1677 1680 1676
f 1674 1675 1679 1678
f 1681 1684 1683 1682
f 1685 1686 1687 1688
f 1681 1682 1686 1685
f 1683 1684 1688 1687
f 1681 1685 1688 1684
f 1682 1683 1687 1686
f 1689 1692 1691 1690
f 1693 1694 1695 1696
f 1689 1690 1694 1693
f 1691 1692 1696 1695
f 1689 1693 1696 1692
f 1690 1691 1695 1694
f 1697 1700 1699 1698
f 1701 1702 1703 1704
f 1697 1698 1702 1701
f 1699 1700 1704 1703
f 1697 1701 1704 1700
f 1698 1699 1703 1702
f 1705 1708 1707 1706
f 1709 1710 1711 1712
f 1705 1706 1710 1709
f 1707 1708 1712 1711
f 1705 1709 1712 1708
f 1706 1707 1711 1710
f 1713 1716 1715 1714
f 1717 1718 1719 1720
f 1713 1714 1718 1717
f 1715 1716 1720 1719
f 1713 1717 1720 1716
f 1714 1715 1719 1718
f 1721 1724 1723 1722
f 1725 1726 1727 1728
f 1721 1722 1726 1725
f 1723 1724 1728 1727
f 1721 1725 1728 1724
f 1722 1723 1727 1726
f 1729 1732 1731 1730
f 1733 1734 1735 1736
f 1729 1730 1734 1733
f 1731 1732 1736 1735
f 1729 1733 1736 1732
f 1730 1731 1735 1734
f 1737 1740 1739 1738
f 1741 1742 1743 1744
f 1737 1738 1742 1741
f 1739 1740 1744 1743
f 1737 1741 1744 1740
f 1738 1739 1743 1742
f 1745 1748 1747 1746
f 1749 1750 1751 1752
f 1745 1746 1750 1749
f 1747 1748 1752 1751
f 1745 1749 1752 1748
f 1746 1747 1751 1750
f 1753 1756 1755 1754
f 1757 1758 1759 1760
f 1753 1754 1758 1757
f 1755 1756 1760 1759
f 1753 1757 1760 1756
f 1754 1755 1759 1758
f 1761 1764 1763 1762
f 1765 1766 1767 1768
f 1761 1762 1766 1765
f 1763 1764 1768 1767
f 1761 1765 1768 1764
f 1762 1763 1767 1766
f 1769 1772 1771 1770
f 1773 1774 1775 1776
f 1769 1770 1774 1773
f 1771 1772 1776 1775
f 1769 1773 1776 1772
f 1770 1771 1775 1774
f 1777 1780 1779 1778
f 1781 1782 1783 1784
f 1777 1778 1782 1781
f 1779 1780 1784 1783
f 1777 1781 1784 1780
f 1778 1779 1783 1782
f 1785 1788 1787 1786
f 1789 1790 1791 1792
f 1785 1786 1790 1789
f 1787 1788 1792 1791
f 1785 1789 1792 1788
f 1786 1787 1791 1790
f 1793 1796 1795 1794
f 1797 1798 1799 1800
f 1793 1794 1798 1797
f 1795 1796 1800 1799
f 1793 1797 1800 1796
f 1794 1795 1799 1798
f 1801 1804 1803 1802
f 1805 1806 1807 1808
f 1801 1802 1806 1805
f 1803 1804 1808 1807
f 1801 1805 1808 1804
f 1802 1803 1807 1806
f 1809 1812 1811 1810
f 1813 1814 1815 1816
f 1809 1810 1814 1813
f 1811 1812 1816 1815
f 1809 1813 1816 1812
f 1810 1811 1815 1814
f 1817 1820 1819 1818
f 1821 1822 1823 1824
f 1817 1818 1822 1821
f 1819 1820 1824 1823
f 1817 1821 1824 1820
f 1818 1819 1823 1822
f 1825 1828 1827 1826
f 1829 1830 1831 1832
f 1825 1826 1830 1829
f 1827 1828 1832 1831
f 1825 1829 1832 1828
f 1826 1827 1831 1830
f 1833 1836 1835 1834
f 1837 1838 1839 1840
f 1833 1834 1838 1837
f 1835 1836 1840 1839
f 1833 1837 1840 1836
f 1834 1835 1839 1838
f 1841 1844 1843 1842
f 1845 1846 1847 1848
f 1841 1842 1846 1845
f 1843 1844 1848 1847
f 1841 1845 1848 1844
f 1842 1843 1847 1846
f 1849 1852 1851 1850
f 1853 1854 1855 1856
f 1849 1850 1854 1853
f 1851 1852 1856 1855
f 1849 1853 1856 1852
f 1850 1851 1855 1854
f 1857 1860 1859 1858
f 1861 1862 1863 1864
f 1857 1858 1862 1861
f 1859 1860 1864 1863
f 1857 1861 1864 1860
f 1858 1859 1863 1862
f 1865 1868 1867 1866
f 1869 1870 1871 1872
f 1865 1866 1870 1869
f 1867 1868 1872 1871
f 1865 1869 1872 1868
f 1866 1867 1871 1870
f 1873 1876 1875 1874
f 1877 1878 1879 1880
f 1873 1874 1878 1877
f 1875 1876 1880 1879
f 1873 1877 1880 1876
f 1874 1875 1879 1878
f 1881 1884 1883 1882
f 1885 1886 1887 1888
f 1881 1882 1886 1885
f 1883 1884 1888 1887
f 1881 1885 1888 1884
f 1882 1883 1887 1886
f 1889 1892 1891 1890
f 1893 1894 1895 1896
f 1889 1890 1894 1893
f 1891 1892 1896 1895
f 1889 1893 1896 1892
f 1890 1891 1895 1894
f 1897 1900 1899 1898
f 1901 1902 1903 1904
f 1897 1898 1902 1901
f 1899 1900 1904 1903
f 1897 1901 1904 1900
f 1898 1899 1903 1902
f 1905 1908 1907 1906
f 1909 1910 1911 1912
f 1905 1906 1910 1909
f 1907 1908 1912 1911
f 1905 1909 1912 1908
f 1906 1907 1911 1910
f 1913 1916 1915 1914
f 1917 1918 1919 1920
f 1913 1914 1918 1917
f 1915 1916 1920 1919
f 1913 1917 1920 1916
f 1914 1915 1919 1918
f 1921 1924 1923 1922
f 1925 1926 1927 1928
f 1921 1922 1926 1925
f 1923 1924 1928 1927
f 1921 1925 1928 1924
f 1922 1923 1927 1926
f 1929 1932 1931 1930
f 1933 1934 1935 1936
f 1929 1930 1934 1933
f 1931 1932 1936 1935
f 1929 1933 1936 1932
f 1930 1931 1935 1934
f 1937 1940 1939 1938
f 1941 1942 1943 1944
f 1937 1938 1942 1941
f 1939 1940 1944 1943
f 1937 1941 1944 1940
f 1938 1939 1943 1942
f 1945 1948 1947 1946
f 1949 1950 1951 1952
f 1945 1946 1950 1949
f 1947 1948 1952 1951
f 1945 1949 1952 1948
f 1946 1947 1951 1950
f 1953 1956 1955 1954
f 1957 1958 1959 1960
f 1953 1954 1958 1957
f 1955 1956 1960 1959
f 1953 1957 1960 1956
f 1954 1955 1959 1958
f 1961 1964 1963 1962
f 1965 1966 1967 1968
f 1961 1962 1966 1965
f 1963 1964 1968 1967
f 1961 1965 1968 1964
f 1962 1963 1967 1966
f 1969 1972 1971 1970
f 1973 1974 1975 1976
f 1969 1970 1974 1973
f 1971 1972 1976 1975
f 1969 1973 1976 1972
f 1970 1971 1975 1974
f 1977 1980 1979 1978
f 1981 1982 1983 1984
f 1977 1978 1982 1981
f 1979 1980 1984 1983
f 1977 1981 1984 1980
f 1978 1979 1983 1982
f 1985 1988 1987 1986
f 1989 1990 1991 1992
f 1985 1986 1990 1989
f 1987 1988 1992 1991
f 1985 1989 1992 1988
f 1986 1987 1991 1990
f 1993 1996 1995 1994
f 1997 1998 1999 2000
f 1993 1994 1998 1997
f 1995 1996 2000 1999
f 1993 1997 2000 1996
f 1994 1995 1999 1998
f 2001 2004 2003 2002
f 2005 2006 2007 2008
f 2001 2002 2006 2005
f 2003 2004 2008 2007
f 2001 2005 2008 2004
f 2002 2003 2007 2006
f 2009 2012 2011 2010
f 2013 2014 2015 2016
f 2009 2010 2014 2013
f 2011 2012 2016 2015
f 2009 2013 2016 2012
f 2010 2011 2015 2014
f 2017 2020 2019 2018
f 2021 2022 2023 2024
f 2017 2018 2022 2021
f 2019 2020 2024 2023
f 2017 2021 2024 2020
f 2018 2019 2023 2022
f 2025 2028 2027 2026
f 2029 2030 2031 2032
f 2025 2026 2030 2029
f 2027 2028 2032 2031
f 2025 2029 2032 2028
f 2026 2027 2031 2030
f 2033 2036 2035 2034
f 2037 2038 2039 2040
f 2033 2034 2038 2037
f 2035 2036 2040 2039
f 2033 2037 2040 2036
f 2034 2035 2039 2038
f 2041 2044 2043 2042
f 2045 2046 2047 2048
f 2041 2042 2046 2045
f 2043 2044 2048 2047
f 2041 2045 2048 2044
f 2042 2043 2047 2046
f 2049 2052 2051 2050
f 2053 2054 2055 2056
f 2049 2050 2054 2053
f 2051 2052 2056 2055
f 2049 2053 2056 2052
f 2050 2051 2055 2054
f 2057 2060 2059 2058
f 2061 2062 2063 2064
f 2057 2058 2062 2061
f 2059 2060 2064 2063
f 2057 2061 2064 2060
f 2058 2059 2063 2062
f 2065 2068 2067 2066
f 2069 2070 2071 2072
f 2065 2066 2070 2069
f 2067 2068 2072 2071
f 2065 2069 2072 2068
f 2066 2067 2071 2070
f 2073 2076 2075 2074
f 2077 2078 2079 2080
f 2073 2074 2078 2077
f 2075 2076 2080 2079
f 2073 2077 2080 2076
f 2074 2075 2079 2078
f 2081 2084 2083 2082
f 2085 2086 2087 2088
f 2081 2082 2086 2085
f 2083 2084 2088 2087
f 2081 2085 2088 2084
f 2082 2083 2087 2086
f 2089 2092 2091 2090
f 2093 2094 2095 2096
f 2089 2090 2094 2093
f 2091 2092 2096 2095
f 2089 2093 2096 2092
f 2090 2091 2095 2094
f 2097 2100 2099 2098
f 2101 2102 2103 2104
f 2097 2098 2102 2101
f 2099 2100 2104 2103
f 2097 2101 2104 2100
f 2098 2099 2103 2102
f 2105 2108 2107 2106
f 2109 2110 2111 2112
f 2105 2106 2110 2109
f 2107 2108 2112 2111
f 2105 2109 2112 2108
f 2106 2107 2111 2110
f 2113 2116 2115 2114
f 2117 2118 2119 2120
f 2113 2114 2118 2117
f 2115 2116 2120 2119
f 2113 2117 2120 2116
f 2114 2115 2119 2118
f 2121 2124 2123 2122
f 2125 2126 2127 2128
f 2121 2122 2126 2125
f 2123 2124 2128 2127
f 2121 2125 2128 2124
f 2122 2123 2127 2126
f 2129 2132 2131 2130
f 2133 2134 2135 2136
f 2129 2130 2134 2133
f 2131 2132 2136 2135
f 2129 2133 2136 2132
f 2130 2131 2135 2134
f 2137 2140 2139 2138
f 2141 2142 2143 2144
f 2137 2138 2142 2141
f 2139 2140 2144 2143
f 2137 2141 2144 2140
f 2138 2139 2143 2142
f 2145 2148 2147 2146
f 2149 2150 2151 2152
f 2145 2146 2150 2149
f 2147 2148 2152 2151
f 2145 2149 2152 2148
f 2146 2147 2151 2150
f 2153 2156 2155 2154
f 2157 2158 2159 2160
f 2153 2154 2158 2157
f 2155 2156 2160 2159
f 2153 2157 2160 2156
f 2154 2155 2159 2158
f 2161 2164 2163 2162
f 2165 2166 2167 2168
f 2161 2162 2166 2165
f 2163 2164 2168 2167
f 2161 2165 2168 2164
f 2162 2163 2167 2166
f 2169 2172 2171 2170
f 2173 2174 2175 2176
f 2169 2170 2174 2173
f 2171 2172 2176 2175
f 2169 2173 2176 2172
f 2170 2171 2175 2174
f 2177 2180 2179 2178
f 2181 2182 2183 2184
f 2177 2178 2182 2181
f 2179 2180 2184 2183
f 2177 2181 2184 2180
f 2178 2179 2183 2182
f 2185 2188 2187 2186
f 2189 2190 2191 2192
f 2185 2186 2190 2189
f 2187 2188 2192 2191
f 2185 2189 2192 2188
f 2186 2187 2191 2190
f 2193 2196 2195 2194
f 2197 2198 2199 2200
f 2193 2194 2198 2197
f 2195 2196 2200 2199
f 2193 2197 2200 2196
f 2194 2195 2199 2198
f 2201 2204 2203 2202
f 2205 2206 2207 2208
f 2201 2202 2206 2205
f 2203 2204 2208 2207
f 2201 2205 2208 2204
f 2202 2203 2207 2206
f 2209 2212 2211 2210
f 2213 2214 2215 2216
f 2209 2210 2214 2213
f 2211 2212 2216 2215
f 2209 2213 2216 2212
f 2210 2211 2215 2214
f 2217 2220 2219 2218
f 2221 2222 2223 2224
f 2217 2218 2222 2221
f 2219 2220 2224 2223
f 2217 2221 2224 2220
f 2218 2219 2223 2222
f 2225 2228 2227 2226
f 2229 2230 2231 2232
f 2225 2226 2230 2229
f 2227 2228 2232 2231
f 2225 2229 2232 2228
f 2226 2227 2231 2230
f 2233 2236 2235 2234
f 2237 2238 2239 2240
f 2233 2234 2238 2237
f 2235 2236 2240 2239
f 2233 2237 2240 2236
f 2234 2235 2239 2238
f 2241 2244 2243 2242
f 2245 2246 2247 2248
f 2241 2242 2246 2245
f 2243 2244 2248 2247
f 2241 2245 2248 2244
f 2242 2243 2247 2246
f 2249 2252 2251 2250
f 2253 2254 2255 2256
f 2249 2250 2254 2253
f 2251 2252 2256 2255
f 2249 2253 2256 2252
f 2250 2251 2255 2254
f 2257 2260 2259 2258
f 2261 2262 2263 2264
f 2257 2258 2262 2261
f 2259 2260 2264 2263
f 2257 2261 2264 2260
f 2258 2259 2263 2262
f 2265 2268 2267 2266
f 2269 2270 2271 2272
f 2265 2266 2270 2269
f 2267 2268 2272 2271
f 2265 2269 2272 2268
f 2266 2267 2271 2270
f 2273 2276 2275 2274
f 2277 2278 2279 2280
f 2273 2274 2278 2277
f 2275 2276 2280 2279
f 2273 2277 2280 2276
f 2274 2275 2279 2278
f 2281 2284 2283 2282
f 2285 2286 2287 2288
f 2281 2282 2286 2285
f 2283 2284 2288 2287
f 2281 2285 2288 2284
f 2282 2283 2287 2286
f 2289 2292 2291 2290
f 2293 2294 2295 2296
f 2289 2290 2294 2293
f 2291 2292 2296 2295
f 2289 2293 2296 2292
f 2290 2291 2295 2294
f 2297 2300 2299 2298
f 2301 2302 2303 2304
f 2297 2298 2302 2301
f 2299 2300 2304 2303
f 2297 2301 2304 2300
f 2298 2299 2303 2302
f 2305 2308 2307 2306
f 2309 2310 2311 2312
f 2305 2306 2310 2309
f 2307 2308 2312 2311
f 2305 2309 2312 2308
f 2306 2307 2311 2310
f 2313 2316 2315 2314
f 2317 2318 2319 2320
f 2313 2314 2318 2317
f 2315 2316 2320 2319
f 2313 2317 2320 2316
f 2314 2315 2319 2318
f 2321 2324 2323 2322
f 2325 2326 2327 2328
f 2321 2322 2326 2325
f 2323 2324 2328 2327
f 2321 2325 2328 2324
f 2322 2323 2327 2326
f 2329 2332 2331 2330
f 2333 2334 2335 2336
f 2329 2330 2334 2333
f 2331 2332 2336 2335
f 2329 2333 2336 2332
f 2330 2331 2335 2334
f 2337 2340 2339 2338
f 2341 2342 2343 2344
f 2337 2338 2342 2341
f 2339 2340 2344 2343
f 2337 2341 2344 2340
f 2338 2339 2343 2342
f 2345 2348 2347 2346
f 2349 2350 2351 2352
f 2345 2346 2350 2349
f 2347 2348 2352 2351
f 2345 2349 2352 2348
f 2346 2347 2351 2350
f 2353 2356 2355 2354
f 2357 2358 2359 2360
f 2353 2354 2358 2357
f 2355 2356 2360 2359
f 2353 2357 2360 2356
f 2354 2355 2359 2358
f 2361 2364 2363 2362
f 2365 2366 2367 2368
f 2361 2362 2366 2365
f 2363 2364 2368 2367
f 2361 2365 2368 2364
f 2362 2363 2367 2366
f 2369 2372 2371 2370
f 2373 2374 2375 2376
f 2369 2370 2374 2373
f 2371 2372 2376 2375
f 2369 2373 2376 2372
f 2370 2371 2375 2374
f 2377 2380 2379 2378
f 2381 2382 2383 2384
f 2377 2378 2382 2381
f 2379 2380 2384 2383
f 2377 2381 2384 2380
f 2378 2379 2383 2382
f 2385 2388 2387 2386
f 2389 2390 2391 2392
f 2385 2386 2390 2389
f 2387 2388 2392 2391
f 2385 2389 2392 2388
f 2386 2387 2391 2390
f 2393 2396 2395 2394
f 2397 2398 2399 2400
f 2393 2394 2398 2397
f 2395 2396 2400 2399
f 2393 2397 2400 2396
f 2394 2395 2399 2398
f 2401 2404 2403 2402
f 2405 2406 2407 2408
f 2401 2402 2406 2405
f 2403 2404 2408 2407
f 2401 2405 2408 2404
f 2402 2403 2407 2406
f 2409 2412 2411 2410
f 2413 2414 2415 2416
f 2409 2410 2414 2413
f 2411 2412 2416 2415
f 2409 2413 2416 2412
f 2410 2411 2415 2414
f 2417 2420 2419 2418
f 2421 2422 2423 2424
f 2417 2418 2422 2421
f 2419 2420 2424 2423
f 2417 2421 2424 2420
f 2418 2419 2423 2422
f 2425 2428 2427 2426
f 2429 2430 2431 2432
f 2425 2426 2430 2429
f 2427 2428 2432 2431
f 2425 2429 2432 2428
f 2426 2427 2431 2430
f 2433 2436 2435 2434
f 2437 2438 2439 2440
f 2433 2434 2438 2437
f 2435 2436 2440 2439
f 2433 2437 2440 2436
f 2434 2435 2439 2438
f 2441 2444 2443 2442
f 2445 2446 2447 2448
f 2441 2442 2446 2445
f 2443 2444 2448 2447
f 2441 2445 2448 2444
f 2442 2443 2447 2446
f 2449 2452 2451 2450
f 2453 2454 2455 2456
f 2449 2450 2454 2453
f 2451 2452 2456 2455
f 2449 2453 2456 2452
f 2450 2451 2455 2454
f 2457 2460 2459 2458
f 2461 2462 2463 2464
f 2457 2458 2462 2461
f 2459 2460 2464 2463
f 2457 2461 2464 2460
f 2458 2459 2463 2462
g keeper_R
usemtl ply
f 2465 2468 2467 2466
f 2469 2470 2471 2472
f 2465 2466 2470 2469
f 2467 2468 2472 2471
f 2465 2469 2472 2468
f 2466 2467 2471 2470
f 2473 2476 2475 2474
f 2477 2478 2479 2480
f 2473 2474 2478 2477
f 2475 2476 2480 2479
f 2473 2477 2480 2476
f 2474 2475 2479 2478
g tapa_side_high_L
usemtl tapa
f 2481 2484 2483 2482
f 2485 2486 2487 2488
f 2481 2482 2486 2485
f 2483 2484 2488 2487
f 2481 2485 2488 2484
f 2482 2483 2487 2486
g tapa_side_low_L
usemtl tapa
f 2489 2492 2491 2490
f 2493 2494 2495 2496
f 2489 2490 2494 2493
f 2491 2492 2496 2495
f 2489 2493 2496 2492
f 2490 2491 2495 2494
g tapa_side_high_R
usemtl tapa
f 2497 2500 2499 2498
f 2501 2502 2503 2504
f 2497 2498 2502 2501
f 2499 2500 2504 2503
f 2497 2501 2504 2500
f 2498 2499 2503 2502
g tapa_side_low_R
usemtl tapa
f 2505 2508 2507 2506
f 2509 2510 2511 2512
f 2505 2506 2510 2509
f 2507 2508 2512 2511
f 2505 2509 2512 2508
f 2506 2507 2511 2510
g tapa_front
usemtl tapa
f 2513 2516 2515 2514
f 2517 2518 2519 2520
f 2513 2514 2518 2517
f 2515 2516 2520 2519
f 2513 2517 2520 2516
f 2514 2515 2519 2518
g screws
usemtl steel
f 2521 2522 2536 2535
f 2522 2523 2537 2536
f 2523 2524 2538 2537
f 2524 2525 2539 2538
f 2525 2526 2540 2539
f 2526 2527 2541 2540
f 2527 2528 2542 2541
f 2528 2529 2543 2542
f 2529 2530 2544 2543
f 2530 2531 2545 2544
f 2531 2532 2546 2545
f 2532 2533 2547 2546
f 2533 2534 2548 2547
f 2534 2521 2535 2548
f 2521 2522 2523 2524 2525 2526 2527 2528 2529 2530 2531 2532 2533 2534
f 2548 2547 2546 2545 2544 2543 2542 2541 2540 2539 2538 2537 2536 2535
f 2549 2550 2564 2563
f 2550 2551 2565 2564
f 2551 2552 2566 2565
f 2552 2553 2567 2566
f 2553 2554 2568 2567
f 2554 2555 2569 2568
f 2555 2556 2570 2569
f 2556 2557 2571 2570
f 2557 2558 2572 2571
f 2558 2559 2573 2572
f 2559 2560 2574 2573
f 2560 2561 2575 2574
f 2561 2562 2576 2575
f 2562 2549 2563 2576
f 2549 2550 2551 2552 2553 2554 2555 2556 2557 2558 2559 2560 2561 2562
f 2576 2575 2574 2573 2572 2571 2570 2569 2568 2567 2566 2565 2564 2563
f 2577 2578 2592 2591
f 2578 2579 2593 2592
f 2579 2580 2594 2593
f 2580 2581 2595 2594
f 2581 2582 2596 2595
f 2582 2583 2597 2596
f 2583 2584 2598 2597
f 2584 2585 2599 2598
f 2585 2586 2600 2599
f 2586 2587 2601 2600
f 2587 2588 2602 2601
f 2588 2589 2603 2602
f 2589 2590 2604 2603
f 2590 2577 2591 2604
f 2577 2578 2579 2580 2581 2582 2583 2584 2585 2586 2587 2588 2589 2590
f 2604 2603 2602 2601 2600 2599 2598 2597 2596 2595 2594 2593 2592 2591
f 2605 2606 2620 2619
f 2606 2607 2621 2620
f 2607 2608 2622 2621
f 2608 2609 2623 2622
f 2609 2610 2624 2623
f 2610 2611 2625 2624
f 2611 2612 2626 2625
f 2612 2613 2627 2626
f 2613 2614 2628 2627
f 2614 2615 2629 2628
f 2615 2616 2630 2629
f 2616 2617 2631 2630
f 2617 2618 2632 2631
f 2618 2605 2619 2632
f 2605 2606 2607 2608 2609 2610 2611 2612 2613 2614 2615 2616 2617 2618
f 2632 2631 2630 2629 2628 2627 2626 2625 2624 2623 2622 2621 2620 2619
f 2633 2634 2648 2647
f 2634 2635 2649 2648
f 2635 2636 2650 2649
f 2636 2637 2651 2650
f 2637 2638 2652 2651
f 2638 2639 2653 2652
f 2639 2640 2654 2653
f 2640 2641 2655 2654
f 2641 2642 2656 2655
f 2642 2643 2657 2656
f 2643 2644 2658 2657
f 2644 2645 2659 2658
f 2645 2646 2660 2659
f 2646 2633 2647 2660
f 2633 2634 2635 2636 2637 2638 2639 2640 2641 2642 2643 2644 2645 2646
f 2660 2659 2658 2657 2656 2655 2654 2653 2652 2651 2650 2649 2648 2647
f 2661 2662 2676 2675
f 2662 2663 2677 2676
f 2663 2664 2678 2677
f 2664 2665 2679 2678
f 2665 2666 2680 2679
f 2666 2667 2681 2680
f 2667 2668 2682 2681
f 2668 2669 2683 2682
f 2669 2670 2684 2683
f 2670 2671 2685 2684
f 2671 2672 2686 2685
f 2672 2673 2687 2686
f 2673 2674 2688 2687
f 2674 2661 2675 2688
f 2661 2662 2663 2664 2665 2666 2667 2668 2669 2670 2671 2672 2673 2674
f 2688 2687 2686 2685 2684 2683 2682 2681 2680 2679 2678 2677 2676 2675
f 2689 2690 2704 2703
f 2690 2691 2705 2704
f 2691 2692 2706 2705
f 2692 2693 2707 2706
f 2693 2694 2708 2707
f 2694 2695 2709 2708
f 2695 2696 2710 2709
f 2696 2697 2711 2710
f 2697 2698 2712 2711
f 2698 2699 2713 2712
f 2699 2700 2714 2713
f 2700 2701 2715 2714
f 2701 2702 2716 2715
f 2702 2689 2703 2716
f 2689 2690 2691 2692 2693 2694 2695 2696 2697 2698 2699 2700 2701 2702
f 2716 2715 2714 2713 2712 2711 2710 2709 2708 2707 2706 2705 2704 2703
f 2717 2718 2732 2731
f 2718 2719 2733 2732
f 2719 2720 2734 2733
f 2720 2721 2735 2734
f 2721 2722 2736 2735
f 2722 2723 2737 2736
f 2723 2724 2738 2737
f 2724 2725 2739 2738
f 2725 2726 2740 2739
f 2726 2727 2741 2740
f 2727 2728 2742 2741
f 2728 2729 2743 2742
f 2729 2730 2744 2743
f 2730 2717 2731 2744
f 2717 2718 2719 2720 2721 2722 2723 2724 2725 2726 2727 2728 2729 2730
f 2744 2743 2742 2741 2740 2739 2738 2737 2736 2735 2734 2733 2732 2731
f 2745 2746 2760 2759
f 2746 2747 2761 2760
f 2747 2748 2762 2761
f 2748 2749 2763 2762
f 2749 2750 2764 2763
f 2750 2751 2765 2764
f 2751 2752 2766 2765
f 2752 2753 2767 2766
f 2753 2754 2768 2767
f 2754 2755 2769 2768
f 2755 2756 2770 2769
f 2756 2757 2771 2770
f 2757 2758 2772 2771
f 2758 2745 2759 2772
f 2745 2746 2747 2748 2749 2750 2751 2752 2753 2754 2755 2756 2757 2758
f 2772 2771 2770 2769 2768 2767 2766 2765 2764 2763 2762 2761 2760 2759
f 2773 2774 2788 2787
f 2774 2775 2789 2788
f 2775 2776 2790 2789
f 2776 2777 2791 2790
f 2777 2778 2792 2791
f 2778 2779 2793 2792
f 2779 2780 2794 2793
f 2780 2781 2795 2794
f 2781 2782 2796 2795
f 2782 2783 2797 2796
f 2783 2784 2798 2797
f 2784 2785 2799 2798
f 2785 2786 2800 2799
f 2786 2773 2787 2800
f 2773 2774 2775 2776 2777 2778 2779 2780 2781 2782 2783 2784 2785 2786
f 2800 2799 2798 2797 2796 2795 2794 2793 2792 2791 2790 2789 2788 2787
f 2801 2802 2816 2815
f 2802 2803 2817 2816
f 2803 2804 2818 2817
f 2804 2805 2819 2818
f 2805 2806 2820 2819
f 2806 2807 2821 2820
f 2807 2808 2822 2821
f 2808 2809 2823 2822
f 2809 2810 2824 2823
f 2810 2811 2825 2824
f 2811 2812 2826 2825
f 2812 2813 2827 2826
f 2813 2814 2828 2827
f 2814 2801 2815 2828
f 2801 2802 2803 2804 2805 2806 2807 2808 2809 2810 2811 2812 2813 2814
f 2828 2827 2826 2825 2824 2823 2822 2821 2820 2819 2818 2817 2816 2815
f 2829 2830 2844 2843
f 2830 2831 2845 2844
f 2831 2832 2846 2845
f 2832 2833 2847 2846
f 2833 2834 2848 2847
f 2834 2835 2849 2848
f 2835 2836 2850 2849
f 2836 2837 2851 2850
f 2837 2838 2852 2851
f 2838 2839 2853 2852
f 2839 2840 2854 2853
f 2840 2841 2855 2854
f 2841 2842 2856 2855
f 2842 2829 2843 2856
f 2829 2830 2831 2832 2833 2834 2835 2836 2837 2838 2839 2840 2841 2842
f 2856 2855 2854 2853 2852 2851 2850 2849 2848 2847 2846 2845 2844 2843
f 2857 2858 2872 2871
f 2858 2859 2873 2872
f 2859 2860 2874 2873
f 2860 2861 2875 2874
f 2861 2862 2876 2875
f 2862 2863 2877 2876
f 2863 2864 2878 2877
f 2864 2865 2879 2878
f 2865 2866 2880 2879
f 2866 2867 2881 2880
f 2867 2868 2882 2881
f 2868 2869 2883 2882
f 2869 2870 2884 2883
f 2870 2857 2871 2884
f 2857 2858 2859 2860 2861 2862 2863 2864 2865 2866 2867 2868 2869 2870
f 2884 2883 2882 2881 2880 2879 2878 2877 2876 2875 2874 2873 2872 2871
f 2885 2886 2900 2899
f 2886 2887 2901 2900
f 2887 2888 2902 2901
f 2888 2889 2903 2902
f 2889 2890 2904 2903
f 2890 2891 2905 2904
f 2891 2892 2906 2905
f 2892 2893 2907 2906
f 2893 2894 2908 2907
f 2894 2895 2909 2908
f 2895 2896 2910 2909
f 2896 2897 2911 2910
f 2897 2898 2912 2911
f 2898 2885 2899 2912
f 2885 2886 2887 2888 2889 2890 2891 2892 2893 2894 2895 2896 2897 2898
f 2912 2911 2910 2909 2908 2907 2906 2905 2904 2903 2902 2901 2900 2899
f 2913 2914 2928 2927
f 2914 2915 2929 2928
f 2915 2916 2930 2929
f 2916 2917 2931 2930
f 2917 2918 2932 2931
f 2918 2919 2933 2932
f 2919 2920 2934 2933
f 2920 2921 2935 2934
f 2921 2922 2936 2935
f 2922 2923 2937 2936
f 2923 2924 2938 2937
f 2924 2925 2939 2938
f 2925 2926 2940 2939
f 2926 2913 2927 2940
f 2913 2914 2915 2916 2917 2918 2919 2920 2921 2922 2923 2924 2925 2926
f 2940 2939 2938 2937 2936 2935 2934 2933 2932 2931 2930 2929 2928 2927
f 2941 2942 2956 2955
f 2942 2943 2957 2956
f 2943 2944 2958 2957
f 2944 2945 2959 2958
f 2945 2946 2960 2959
f 2946 2947 2961 2960
f 2947 2948 2962 2961
f 2948 2949 2963 2962
f 2949 2950 2964 2963
f 2950 2951 2965 2964
f 2951 2952 2966 2965
f 2952 2953 2967 2966
f 2953 2954 2968 2967
f 2954 2941 2955 2968
f 2941 2942 2943 2944 2945 2946 2947 2948 2949 2950 2951 2952 2953 2954
f 2968 2967 2966 2965 2964 2963 2962 2961 2960 2959 2958 2957 2956 2955
f 2969 2970 2984 2983
f 2970 2971 2985 2984
f 2971 2972 2986 2985
f 2972 2973 2987 2986
f 2973 2974 2988 2987
f 2974 2975 2989 2988
f 2975 2976 2990 2989
f 2976 2977 2991 2990
f 2977 2978 2992 2991
f 2978 2979 2993 2992
f 2979 2980 2994 2993
f 2980 2981 2995 2994
f 2981 2982 2996 2995
f 2982 2969 2983 2996
f 2969 2970 2971 2972 2973 2974 2975 2976 2977 2978 2979 2980 2981 2982
f 2996 2995 2994 2993 2992 2991 2990 2989 2988 2987 2986 2985 2984 2983
f 2997 2998 3012 3011
f 2998 2999 3013 3012
f 2999 3000 3014 3013
f 3000 3001 3015 3014
f 3001 3002 3016 3015
f 3002 3003 3017 3016
f 3003 3004 3018 3017
f 3004 3005 3019 3018
f 3005 3006 3020 3019
f 3006 3007 3021 3020
f 3007 3008 3022 3021
f 3008 3009 3023 3022
f 3009 3010 3024 3023
f 3010 2997 3011 3024
f 2997 2998 2999 3000 3001 3002 3003 3004 3005 3006 3007 3008 3009 3010
f 3024 3023 3022 3021 3020 3019 3018 3017 3016 3015 3014 3013 3012 3011
f 3025 3026 3040 3039
f 3026 3027 3041 3040
f 3027 3028 3042 3041
f 3028 3029 3043 3042
f 3029 3030 3044 3043
f 3030 3031 3045 3044
f 3031 3032 3046 3045
f 3032 3033 3047 3046
f 3033 3034 3048 3047
f 3034 3035 3049 3048
f 3035 3036 3050 3049
f 3036 3037 3051 3050
f 3037 3038 3052 3051
f 3038 3025 3039 3052
f 3025 3026 3027 3028 3029 3030 3031 3032 3033 3034 3035 3036 3037 3038
f 3052 3051 3050 3049 3048 3047 3046 3045 3044 3043 3042 3041 3040 3039
f 3053 3054 3068 3067
f 3054 3055 3069 3068
f 3055 3056 3070 3069
f 3056 3057 3071 3070
f 3057 3058 3072 3071
f 3058 3059 3073 3072
f 3059 3060 3074 3073
f 3060 3061 3075 3074
f 3061 3062 3076 3075
f 3062 3063 3077 3076
f 3063 3064 3078 3077
f 3064 3065 3079 3078
f 3065 3066 3080 3079
f 3066 3053 3067 3080
f 3053 3054 3055 3056 3057 3058 3059 3060 3061 3062 3063 3064 3065 3066
f 3080 3079 3078 3077 3076 3075 3074 3073 3072 3071 3070 3069 3068 3067
f 3081 3082 3096 3095
f 3082 3083 3097 3096
f 3083 3084 3098 3097
f 3084 3085 3099 3098
f 3085 3086 3100 3099
f 3086 3087 3101 3100
f 3087 3088 3102 3101
f 3088 3089 3103 3102
f 3089 3090 3104 3103
f 3090 3091 3105 3104
f 3091 3092 3106 3105
f 3092 3093 3107 3106
f 3093 3094 3108 3107
f 3094 3081 3095 3108
f 3081 3082 3083 3084 3085 3086 3087 3088 3089 3090 3091 3092 3093 3094
f 3108 3107 3106 3105 3104 3103 3102 3101 3100 3099 3098 3097 3096 3095
f 3109 3110 3124 3123
f 3110 3111 3125 3124
f 3111 3112 3126 3125
f 3112 3113 3127 3126
f 3113 3114 3128 3127
f 3114 3115 3129 3128
f 3115 3116 3130 3129
f 3116 3117 3131 3130
f 3117 3118 3132 3131
f 3118 3119 3133 3132
f 3119 3120 3134 3133
f 3120 3121 3135 3134
f 3121 3122 3136 3135
f 3122 3109 3123 3136
f 3109 3110 3111 3112 3113 3114 3115 3116 3117 3118 3119 3120 3121 3122
f 3136 3135 3134 3133 3132 3131 3130 3129 3128 3127 3126 3125 3124 3123
f 3137 3138 3152 3151
f 3138 3139 3153 3152
f 3139 3140 3154 3153
f 3140 3141 3155 3154
f 3141 3142 3156 3155
f 3142 3143 3157 3156
f 3143 3144 3158 3157
f 3144 3145 3159 3158
f 3145 3146 3160 3159
f 3146 3147 3161 3160
f 3147 3148 3162 3161
f 3148 3149 3163 3162
f 3149 3150 3164 3163
f 3150 3137 3151 3164
f 3137 3138 3139 3140 3141 3142 3143 3144 3145 3146 3147 3148 3149 3150
f 3164 3163 3162 3161 3160 3159 3158 3157 3156 3155 3154 3153 3152 3151
f 3165 3166 3180 3179
f 3166 3167 3181 3180
f 3167 3168 3182 3181
f 3168 3169 3183 3182
f 3169 3170 3184 3183
f 3170 3171 3185 3184
f 3171 3172 3186 3185
f 3172 3173 3187 3186
f 3173 3174 3188 3187
f 3174 3175 3189 3188
f 3175 3176 3190 3189
f 3176 3177 3191 3190
f 3177 3178 3192 3191
f 3178 3165 3179 3192
f 3165 3166 3167 3168 3169 3170 3171 3172 3173 3174 3175 3176 3177 3178
f 3192 3191 3190 3189 3188 3187 3186 3185 3184 3183 3182 3181 3180 3179
f 3193 3194 3208 3207
f 3194 3195 3209 3208
f 3195 3196 3210 3209
f 3196 3197 3211 3210
f 3197 3198 3212 3211
f 3198 3199 3213 3212
f 3199 3200 3214 3213
f 3200 3201 3215 3214
f 3201 3202 3216 3215
f 3202 3203 3217 3216
f 3203 3204 3218 3217
f 3204 3205 3219 3218
f 3205 3206 3220 3219
f 3206 3193 3207 3220
f 3193 3194 3195 3196 3197 3198 3199 3200 3201 3202 3203 3204 3205 3206
f 3220 3219 3218 3217 3216 3215 3214 3213 3212 3211 3210 3209 3208 3207
f 3221 3222 3236 3235
f 3222 3223 3237 3236
f 3223 3224 3238 3237
f 3224 3225 3239 3238
f 3225 3226 3240 3239
f 3226 3227 3241 3240
f 3227 3228 3242 3241
f 3228 3229 3243 3242
f 3229 3230 3244 3243
f 3230 3231 3245 3244
f 3231 3232 3246 3245
f 3232 3233 3247 3246
f 3233 3234 3248 3247
f 3234 3221 3235 3248
f 3221 3222 3223 3224 3225 3226 3227 3228 3229 3230 3231 3232 3233 3234
f 3248 3247 3246 3245 3244 3243 3242 3241 3240 3239 3238 3237 3236 3235
f 3249 3250 3264 3263
f 3250 3251 3265 3264
f 3251 3252 3266 3265
f 3252 3253 3267 3266
f 3253 3254 3268 3267
f 3254 3255 3269 3268
f 3255 3256 3270 3269
f 3256 3257 3271 3270
f 3257 3258 3272 3271
f 3258 3259 3273 3272
f 3259 3260 3274 3273
f 3260 3261 3275 3274
f 3261 3262 3276 3275
f 3262 3249 3263 3276
f 3249 3250 3251 3252 3253 3254 3255 3256 3257 3258 3259 3260 3261 3262
f 3276 3275 3274 3273 3272 3271 3270 3269 3268 3267 3266 3265 3264 3263
f 3277 3278 3292 3291
f 3278 3279 3293 3292
f 3279 3280 3294 3293
f 3280 3281 3295 3294
f 3281 3282 3296 3295
f 3282 3283 3297 3296
f 3283 3284 3298 3297
f 3284 3285 3299 3298
f 3285 3286 3300 3299
f 3286 3287 3301 3300
f 3287 3288 3302 3301
f 3288 3289 3303 3302
f 3289 3290 3304 3303
f 3290 3277 3291 3304
f 3277 3278 3279 3280 3281 3282 3283 3284 3285 3286 3287 3288 3289 3290
f 3304 3303 3302 3301 3300 3299 3298 3297 3296 3295 3294 3293 3292 3291
f 3305 3306 3320 3319
f 3306 3307 3321 3320
f 3307 3308 3322 3321
f 3308 3309 3323 3322
f 3309 3310 3324 3323
f 3310 3311 3325 3324
f 3311 3312 3326 3325
f 3312 3313 3327 3326
f 3313 3314 3328 3327
f 3314 3315 3329 3328
f 3315 3316 3330 3329
f 3316 3317 3331 3330
f 3317 3318 3332 3331
f 3318 3305 3319 3332
f 3305 3306 3307 3308 3309 3310 3311 3312 3313 3314 3315 3316 3317 3318
f 3332 3331 3330 3329 3328 3327 3326 3325 3324 3323 3322 3321 3320 3319
f 3333 3334 3348 3347
f 3334 3335 3349 3348
f 3335 3336 3350 3349
f 3336 3337 3351 3350
f 3337 3338 3352 3351
f 3338 3339 3353 3352
f 3339 3340 3354 3353
f 3340 3341 3355 3354
f 3341 3342 3356 3355
f 3342 3343 3357 3356
f 3343 3344 3358 3357
f 3344 3345 3359 3358
f 3345 3346 3360 3359
f 3346 3333 3347 3360
f 3333 3334 3335 3336 3337 3338 3339 3340 3341 3342 3343 3344 3345 3346
f 3360 3359 3358 3357 3356 3355 3354 3353 3352 3351 3350 3349 3348 3347
f 3361 3362 3376 3375
f 3362 3363 3377 3376
f 3363 3364 3378 3377
f 3364 3365 3379 3378
f 3365 3366 3380 3379
f 3366 3367 3381 3380
f 3367 3368 3382 3381
f 3368 3369 3383 3382
f 3369 3370 3384 3383
f 3370 3371 3385 3384
f 3371 3372 3386 3385
f 3372 3373 3387 3386
f 3373 3374 3388 3387
f 3374 3361 3375 3388
f 3361 3362 3363 3364 3365 3366 3367 3368 3369 3370 3371 3372 3373 3374
f 3388 3387 3386 3385 3384 3383 3382 3381 3380 3379 3378 3377 3376 3375
f 3389 3390 3404 3403
f 3390 3391 3405 3404
f 3391 3392 3406 3405
f 3392 3393 3407 3406
f 3393 3394 3408 3407
f 3394 3395 3409 3408
f 3395 3396 3410 3409
f 3396 3397 3411 3410
f 3397 3398 3412 3411
f 3398 3399 3413 3412
f 3399 3400 3414 3413
f 3400 3401 3415 3414
f 3401 3402 3416 3415
f 3402 3389 3403 3416
f 3389 3390 3391 3392 3393 3394 3395 3396 3397 3398 3399 3400 3401 3402
f 3416 3415 3414 3413 3412 3411 3410 3409 3408 3407 3406 3405 3404 3403
f 3417 3418 3432 3431
f 3418 3419 3433 3432
f 3419 3420 3434 3433
f 3420 3421 3435 3434
f 3421 3422 3436 3435
f 3422 3423 3437 3436
f 3423 3424 3438 3437
f 3424 3425 3439 3438
f 3425 3426 3440 3439
f 3426 3427 3441 3440
f 3427 3428 3442 3441
f 3428 3429 3443 3442
f 3429 3430 3444 3443
f 3430 3417 3431 3444
f 3417 3418 3419 3420 3421 3422 3423 3424 3425 3426 3427 3428 3429 3430
f 3444 3443 3442 3441 3440 3439 3438 3437 3436 3435 3434 3433 3432 3431
f 3445 3446 3460 3459
f 3446 3447 3461 3460
f 3447 3448 3462 3461
f 3448 3449 3463 3462
f 3449 3450 3464 3463
f 3450 3451 3465 3464
f 3451 3452 3466 3465
f 3452 3453 3467 3466
f 3453 3454 3468 3467
f 3454 3455 3469 3468
f 3455 3456 3470 3469
f 3456 3457 3471 3470
f 3457 3458 3472 3471
f 3458 3445 3459 3472
f 3445 3446 3447 3448 3449 3450 3451 3452 3453 3454 3455 3456 3457 3458
f 3472 3471 3470 3469 3468 3467 3466 3465 3464 3463 3462 3461 3460 3459
f 3473 3474 3488 3487
f 3474 3475 3489 3488
f 3475 3476 3490 3489
f 3476 3477 3491 3490
f 3477 3478 3492 3491
f 3478 3479 3493 3492
f 3479 3480 3494 3493
f 3480 3481 3495 3494
f 3481 3482 3496 3495
f 3482 3483 3497 3496
f 3483 3484 3498 3497
f 3484 3485 3499 3498
f 3485 3486 3500 3499
f 3486 3473 3487 3500
f 3473 3474 3475 3476 3477 3478 3479 3480 3481 3482 3483 3484 3485 3486
f 3500 3499 3498 3497 3496 3495 3494 3493 3492 3491 3490 3489 3488 3487
f 3501 3502 3516 3515
f 3502 3503 3517 3516
f 3503 3504 3518 3517
f 3504 3505 3519 3518
f 3505 3506 3520 3519
f 3506 3507 3521 3520
f 3507 3508 3522 3521
f 3508 3509 3523 3522
f 3509 3510 3524 3523
f 3510 3511 3525 3524
f 3511 3512 3526 3525
f 3512 3513 3527 3526
f 3513 3514 3528 3527
f 3514 3501 3515 3528
f 3501 3502 3503 3504 3505 3506 3507 3508 3509 3510 3511 3512 3513 3514
f 3528 3527 3526 3525 3524 3523 3522 3521 3520 3519 3518 3517 3516 3515
f 3529 3530 3544 3543
f 3530 3531 3545 3544
f 3531 3532 3546 3545
f 3532 3533 3547 3546
f 3533 3534 3548 3547
f 3534 3535 3549 3548
f 3535 3536 3550 3549
f 3536 3537 3551 3550
f 3537 3538 3552 3551
f 3538 3539 3553 3552
f 3539 3540 3554 3553
f 3540 3541 3555 3554
f 3541 3542 3556 3555
f 3542 3529 3543 3556
f 3529 3530 3531 3532 3533 3534 3535 3536 3537 3538 3539 3540 3541 3542
f 3556 3555 3554 3553 3552 3551 3550 3549 3548 3547 3546 3545 3544 3543
f 3557 3558 3572 3571
f 3558 3559 3573 3572
f 3559 3560 3574 3573
f 3560 3561 3575 3574
f 3561 3562 3576 3575
f 3562 3563 3577 3576
f 3563 3564 3578 3577
f 3564 3565 3579 3578
f 3565 3566 3580 3579
f 3566 3567 3581 3580
f 3567 3568 3582 3581
f 3568 3569 3583 3582
f 3569 3570 3584 3583
f 3570 3557 3571 3584
f 3557 3558 3559 3560 3561 3562 3563 3564 3565 3566 3567 3568 3569 3570
f 3584 3583 3582 3581 3580 3579 3578 3577 3576 3575 3574 3573 3572 3571
f 3585 3586 3600 3599
f 3586 3587 3601 3600
f 3587 3588 3602 3601
f 3588 3589 3603 3602
f 3589 3590 3604 3603
f 3590 3591 3605 3604
f 3591 3592 3606 3605
f 3592 3593 3607 3606
f 3593 3594 3608 3607
f 3594 3595 3609 3608
f 3595 3596 3610 3609
f 3596 3597 3611 3610
f 3597 3598 3612 3611
f 3598 3585 3599 3612
f 3585 3586 3587 3588 3589 3590 3591 3592 3593 3594 3595 3596 3597 3598
f 3612 3611 3610 3609 3608 3607 3606 3605 3604 3603 3602 3601 3600 3599
f 3613 3614 3628 3627
f 3614 3615 3629 3628
f 3615 3616 3630 3629
f 3616 3617 3631 3630
f 3617 3618 3632 3631
f 3618 3619 3633 3632
f 3619 3620 3634 3633
f 3620 3621 3635 3634
f 3621 3622 3636 3635
f 3622 3623 3637 3636
f 3623 3624 3638 3637
f 3624 3625 3639 3638
f 3625 3626 3640 3639
f 3626 3613 3627 3640
f 3613 3614 3615 3616 3617 3618 3619 3620 3621 3622 3623 3624 3625 3626
f 3640 3639 3638 3637 3636 3635 3634 3633 3632 3631 3630 3629 3628 3627
f 3641 3642 3656 3655
f 3642 3643 3657 3656
f 3643 3644 3658 3657
f 3644 3645 3659 3658
f 3645 3646 3660 3659
f 3646 3647 3661 3660
f 3647 3648 3662 3661
f 3648 3649 3663 3662
f 3649 3650 3664 3663
f 3650 3651 3665 3664
f 3651 3652 3666 3665
f 3652 3653 3667 3666
f 3653 3654 3668 3667
f 3654 3641 3655 3668
f 3641 3642 3643 3644 3645 3646 3647 3648 3649 3650 3651 3652 3653 3654
f 3668 3667 3666 3665 3664 3663 3662 3661 3660 3659 3658 3657 3656 3655
f 3669 3670 3684 3683
f 3670 3671 3685 3684
f 3671 3672 3686 3685
f 3672 3673 3687 3686
f 3673 3674 3688 3687
f 3674 3675 3689 3688
f 3675 3676 3690 3689
f 3676 3677 3691 3690
f 3677 3678 3692 3691
f 3678 3679 3693 3692
f 3679 3680 3694 3693
f 3680 3681 3695 3694
f 3681 3682 3696 3695
f 3682 3669 3683 3696
f 3669 3670 3671 3672 3673 3674 3675 3676 3677 3678 3679 3680 3681 3682
f 3696 3695 3694 3693 3692 3691 3690 3689 3688 3687 3686 3685 3684 3683
f 3697 3698 3712 3711
f 3698 3699 3713 3712
f 3699 3700 3714 3713
f 3700 3701 3715 3714
f 3701 3702 3716 3715
f 3702 3703 3717 3716
f 3703 3704 3718 3717
f 3704 3705 3719 3718
f 3705 3706 3720 3719
f 3706 3707 3721 3720
f 3707 3708 3722 3721
f 3708 3709 3723 3722
f 3709 3710 3724 3723
f 3710 3697 3711 3724
f 3697 3698 3699 3700 3701 3702 3703 3704 3705 3706 3707 3708 3709 3710
f 3724 3723 3722 3721 3720 3719 3718 3717 3716 3715 3714 3713 3712 3711
f 3725 3726 3740 3739
f 3726 3727 3741 3740
f 3727 3728 3742 3741
f 3728 3729 3743 3742
f 3729 3730 3744 3743
f 3730 3731 3745 3744
f 3731 3732 3746 3745
f 3732 3733 3747 3746
f 3733 3734 3748 3747
f 3734 3735 3749 3748
f 3735 3736 3750 3749
f 3736 3737 3751 3750
f 3737 3738 3752 3751
f 3738 3725 3739 3752
f 3725 3726 3727 3728 3729 3730 3731 3732 3733 3734 3735 3736 3737 3738
f 3752 3751 3750 3749 3748 3747 3746 3745 3744 3743 3742 3741 3740 3739
f 3753 3754 3768 3767
f 3754 3755 3769 3768
f 3755 3756 3770 3769
f 3756 3757 3771 3770
f 3757 3758 3772 3771
f 3758 3759 3773 3772
f 3759 3760 3774 3773
f 3760 3761 3775 3774
f 3761 3762 3776 3775
f 3762 3763 3777 3776
f 3763 3764 3778 3777
f 3764 3765 3779 3778
f 3765 3766 3780 3779
f 3766 3753 3767 3780
f 3753 3754 3755 3756 3757 3758 3759 3760 3761 3762 3763 3764 3765 3766
f 3780 3779 3778 3777 3776 3775 3774 3773 3772 3771 3770 3769 3768 3767
f 3781 3782 3796 3795
f 3782 3783 3797 3796
f 3783 3784 3798 3797
f 3784 3785 3799 3798
f 3785 3786 3800 3799
f 3786 3787 3801 3800
f 3787 3788 3802 3801
f 3788 3789 3803 3802
f 3789 3790 3804 3803
f 3790 3791 3805 3804
f 3791 3792 3806 3805
f 3792 3793 3807 3806
f 3793 3794 3808 3807
f 3794 3781 3795 3808
f 3781 3782 3783 3784 3785 3786 3787 3788 3789 3790 3791 3792 3793 3794
f 3808 3807 3806 3805 3804 3803 3802 3801 3800 3799 3798 3797 3796 3795
f 3809 3810 3824 3823
f 3810 3811 3825 3824
f 3811 3812 3826 3825
f 3812 3813 3827 3826
f 3813 3814 3828 3827
f 3814 3815 3829 3828
f 3815 3816 3830 3829
f 3816 3817 3831 3830
f 3817 3818 3832 3831
f 3818 3819 3833 3832
f 3819 3820 3834 3833
f 3820 3821 3835 3834
f 3821 3822 3836 3835
f 3822 3809 3823 3836
f 3809 3810 3811 3812 3813 3814 3815 3816 3817 3818 3819 3820 3821 3822
f 3836 3835 3834 3833 3832 3831 3830 3829 3828 3827 3826 3825 3824 3823
f 3837 3838 3852 3851
f 3838 3839 3853 3852
f 3839 3840 3854 3853
f 3840 3841 3855 3854
f 3841 3842 3856 3855
f 3842 3843 3857 3856
f 3843 3844 3858 3857
f 3844 3845 3859 3858
f 3845 3846 3860 3859
f 3846 3847 3861 3860
f 3847 3848 3862 3861
f 3848 3849 3863 3862
f 3849 3850 3864 3863
f 3850 3837 3851 3864
f 3837 3838 3839 3840 3841 3842 3843 3844 3845 3846 3847 3848 3849 3850
f 3864 3863 3862 3861 3860 3859 3858 3857 3856 3855 3854 3853 3852 3851
f 3865 3866 3880 3879
f 3866 3867 3881 3880
f 3867 3868 3882 3881
f 3868 3869 3883 3882
f 3869 3870 3884 3883
f 3870 3871 3885 3884
f 3871 3872 3886 3885
f 3872 3873 3887 3886
f 3873 3874 3888 3887
f 3874 3875 3889 3888
f 3875 3876 3890 3889
f 3876 3877 3891 3890
f 3877 3878 3892 3891
f 3878 3865 3879 3892
f 3865 3866 3867 3868 3869 3870 3871 3872 3873 3874 3875 3876 3877 3878
f 3892 3891 3890 3889 3888 3887 3886 3885 3884 3883 3882 3881 3880 3879
f 3893 3894 3908 3907
f 3894 3895 3909 3908
f 3895 3896 3910 3909
f 3896 3897 3911 3910
f 3897 3898 3912 3911
f 3898 3899 3913 3912
f 3899 3900 3914 3913
f 3900 3901 3915 3914
f 3901 3902 3916 3915
f 3902 3903 3917 3916
f 3903 3904 3918 3917
f 3904 3905 3919 3918
f 3905 3906 3920 3919
f 3906 3893 3907 3920
f 3893 3894 3895 3896 3897 3898 3899 3900 3901 3902 3903 3904 3905 3906
f 3920 3919 3918 3917 3916 3915 3914 3913 3912 3911 3910 3909 3908 3907
f 3921 3922 3936 3935
f 3922 3923 3937 3936
f 3923 3924 3938 3937
f 3924 3925 3939 3938
f 3925 3926 3940 3939
f 3926 3927 3941 3940
f 3927 3928 3942 3941
f 3928 3929 3943 3942
f 3929 3930 3944 3943
f 3930 3931 3945 3944
f 3931 3932 3946 3945
f 3932 3933 3947 3946
f 3933 3934 3948 3947
f 3934 3921 3935 3948
f 3921 3922 3923 3924 3925 3926 3927 3928 3929 3930 3931 3932 3933 3934
f 3948 3947 3946 3945 3944 3943 3942 3941 3940 3939 3938 3937 3936 3935
f 3949 3950 3964 3963
f 3950 3951 3965 3964
f 3951 3952 3966 3965
f 3952 3953 3967 3966
f 3953 3954 3968 3967
f 3954 3955 3969 3968
f 3955 3956 3970 3969
f 3956 3957 3971 3970
f 3957 3958 3972 3971
f 3958 3959 3973 3972
f 3959 3960 3974 3973
f 3960 3961 3975 3974
f 3961 3962 3976 3975
f 3962 3949 3963 3976
f 3949 3950 3951 3952 3953 3954 3955 3956 3957 3958 3959 3960 3961 3962
f 3976 3975 3974 3973 3972 3971 3970 3969 3968 3967 3966 3965 3964 3963
f 3977 3978 3992 3991
f 3978 3979 3993 3992
f 3979 3980 3994 3993
f 3980 3981 3995 3994
f 3981 3982 3996 3995
f 3982 3983 3997 3996
f 3983 3984 3998 3997
f 3984 3985 3999 3998
f 3985 3986 4000 3999
f 3986 3987 4001 4000
f 3987 3988 4002 4001
f 3988 3989 4003 4002
f 3989 3990 4004 4003
f 3990 3977 3991 4004
f 3977 3978 3979 3980 3981 3982 3983 3984 3985 3986 3987 3988 3989 3990
f 4004 4003 4002 4001 4000 3999 3998 3997 3996 3995 3994 3993 3992 3991
f 4005 4006 4020 4019
f 4006 4007 4021 4020
f 4007 4008 4022 4021
f 4008 4009 4023 4022
f 4009 4010 4024 4023
f 4010 4011 4025 4024
f 4011 4012 4026 4025
f 4012 4013 4027 4026
f 4013 4014 4028 4027
f 4014 4015 4029 4028
f 4015 4016 4030 4029
f 4016 4017 4031 4030
f 4017 4018 4032 4031
f 4018 4005 4019 4032
f 4005 4006 4007 4008 4009 4010 4011 4012 4013 4014 4015 4016 4017 4018
f 4032 4031 4030 4029 4028 4027 4026 4025 4024 4023 4022 4021 4020 4019
f 4033 4034 4048 4047
f 4034 4035 4049 4048
f 4035 4036 4050 4049
f 4036 4037 4051 4050
f 4037 4038 4052 4051
f 4038 4039 4053 4052
f 4039 4040 4054 4053
f 4040 4041 4055 4054
f 4041 4042 4056 4055
f 4042 4043 4057 4056
f 4043 4044 4058 4057
f 4044 4045 4059 4058
f 4045 4046 4060 4059
f 4046 4033 4047 4060
f 4033 4034 4035 4036 4037 4038 4039 4040 4041 4042 4043 4044 4045 4046
f 4060 4059 4058 4057 4056 4055 4054 4053 4052 4051 4050 4049 4048 4047
f 4061 4062 4076 4075
f 4062 4063 4077 4076
f 4063 4064 4078 4077
f 4064 4065 4079 4078
f 4065 4066 4080 4079
f 4066 4067 4081 4080
f 4067 4068 4082 4081
f 4068 4069 4083 4082
f 4069 4070 4084 4083
f 4070 4071 4085 4084
f 4071 4072 4086 4085
f 4072 4073 4087 4086
f 4073 4074 4088 4087
f 4074 4061 4075 4088
f 4061 4062 4063 4064 4065 4066 4067 4068 4069 4070 4071 4072 4073 4074
f 4088 4087 4086 4085 4084 4083 4082 4081 4080 4079 4078 4077 4076 4075
f 4089 4090 4104 4103
f 4090 4091 4105 4104
f 4091 4092 4106 4105
f 4092 4093 4107 4106
f 4093 4094 4108 4107
f 4094 4095 4109 4108
f 4095 4096 4110 4109
f 4096 4097 4111 4110
f 4097 4098 4112 4111
f 4098 4099 4113 4112
f 4099 4100 4114 4113
f 4100 4101 4115 4114
f 4101 4102 4116 4115
f 4102 4089 4103 4116
f 4089 4090 4091 4092 4093 4094 4095 4096 4097 4098 4099 4100 4101 4102
f 4116 4115 4114 4113 4112 4111 4110 4109 4108 4107 4106 4105 4104 4103
f 4117 4118 4132 4131
f 4118 4119 4133 4132
f 4119 4120 4134 4133
f 4120 4121 4135 4134
f 4121 4122 4136 4135
f 4122 4123 4137 4136
f 4123 4124 4138 4137
f 4124 4125 4139 4138
f 4125 4126 4140 4139
f 4126 4127 4141 4140
f 4127 4128 4142 4141
f 4128 4129 4143 4142
f 4129 4130 4144 4143
f 4130 4117 4131 4144
f 4117 4118 4119 4120 4121 4122 4123 4124 4125 4126 4127 4128 4129 4130
f 4144 4143 4142 4141 4140 4139 4138 4137 4136 4135 4134 4133 4132 4131
g snare_dowel
usemtl hardwood
f 4145 4146 4164 4163
f 4146 4147 4165 4164
f 4147 4148 4166 4165
f 4148 4149 4167 4166
f 4149 4150 4168 4167
f 4150 4151 4169 4168
f 4151 4152 4170 4169
f 4152 4153 4171 4170
f 4153 4154 4172 4171
f 4154 4155 4173 4172
f 4155 4156 4174 4173
f 4156 4157 4175 4174
f 4157 4158 4176 4175
f 4158 4159 4177 4176
f 4159 4160 4178 4177
f 4160 4161 4179 4178
f 4161 4162 4180 4179
f 4162 4145 4163 4180
f 4145 4146 4147 4148 4149 4150 4151 4152 4153 4154 4155 4156 4157 4158 4159 4160 4161 4162
f 4180 4179 4178 4177 4176 4175 4174 4173 4172 4171 4170 4169 4168 4167 4166 4165 4164 4163
g snare_lever
usemtl brass
f 4181 4184 4183 4182
f 4185 4186 4187 4188
f 4181 4182 4186 4185
f 4183 4184 4188 4187
f 4181 4185 4188 4184
f 4182 4183 4187 4186
g snare_arm
usemtl hardwood
f 4189 4192 4191 4190
f 4193 4194 4195 4196
f 4189 4190 4194 4193
f 4191 4192 4196 4195
f 4189 4193 4196 4192
f 4190 4191 4195 4194
g snare_wires
usemtl steel
f 4197 4198 4206 4205
f 4198 4199 4207 4206
f 4199 4200 4208 4207
f 4200 4201 4209 4208
f 4201 4202 4210 4209
f 4202 4203 4211 4210
f 4203 4204 4212 4211
f 4204 4197 4205 4212
f 4197 4198 4199 4200 4201 4202 4203 4204
f 4212 4211 4210 4209 4208 4207 4206 4205
f 4213 4214 4222 4221
f 4214 4215 4223 4222
f 4215 4216 4224 4223
f 4216 4217 4225 4224
f 4217 4218 4226 4225
f 4218 4219 4227 4226
f 4219 4220 4228 4227
f 4220 4213 4221 4228
f 4213 4214 4215 4216 4217 4218 4219 4220
f 4228 4227 4226 4225 4224 4223 4222 4221
f 4229 4230 4238 4237
f 4230 4231 4239 4238
f 4231 4232 4240 4239
f 4232 4233 4241 4240
f 4233 4234 4242 4241
f 4234 4235 4243 4242
f 4235 4236 4244 4243
f 4236 4229 4237 4244
f 4229 4230 4231 4232 4233 4234 4235 4236
f 4244 4243 4242 4241 4240 4239 4238 4237
f 4245 4246 4254 4253
f 4246 4247 4255 4254
f 4247 4248 4256 4255
f 4248 4249 4257 4256
f 4249 4250 4258 4257
f 4250 4251 4259 4258
f 4251 4252 4260 4259
f 4252 4245 4253 4260
f 4245 4246 4247 4248 4249 4250 4251 4252
f 4260 4259 4258 4257 4256 4255 4254 4253
g feet
usemtl rubber
f 4261 4264 4263 4262
f 4265 4266 4267 4268
f 4261 4262 4266 4265
f 4263 4264 4268 4267
f 4261 4265 4268 4264
f 4262 4263 4267 4266
f 4269 4272 4271 4270
f 4273 4274 4275 4276
f 4269 4270 4274 4273
f 4271 4272 4276 4275
f 4269 4273 4276 4272
f 4270 4271 4275 4274
f 4277 4280 4279 4278
f 4281 4282 4283 4284
f 4277 4278 4282 4281
f 4279 4280 4284 4283
f 4277 4281 4284 4280
f 4278 4279 4283 4282
f 4285 4288 4287 4286
f 4289 4290 4291 4292
f 4285 4286 4290 4289
f 4287 4288 4292 4291
f 4285 4289 4292 4288
f 4286 4287 4291 4290
