# Elmore folding bucksaw: assembled, tensioned
# units: inches   +X right  +Y up  +Z front
# 3624 vertices, 3384 faces
mtllib bucksaw.mtl

g blade
usemtl steel
v -12.00000 -0.30000 -0.01750
v 12.00000 -0.30000 -0.01750
v 12.00000 0.50000 -0.01750
v -12.00000 0.50000 -0.01750
v -12.00000 -0.30000 0.01750
v 12.00000 -0.30000 0.01750
v 12.00000 0.50000 0.01750
v -12.00000 0.50000 0.01750
v -11.00000 -0.30000 -0.01750
v -10.50000 -0.30000 -0.01750
v -10.69000 -0.50000 -0.01750
v -11.00000 -0.30000 0.01750
v -10.50000 -0.30000 0.01750
v -10.69000 -0.50000 0.01750
v -10.50000 -0.30000 -0.01750
v -10.00000 -0.30000 -0.01750
v -10.19000 -0.50000 -0.01750
v -10.50000 -0.30000 0.01750
v -10.00000 -0.30000 0.01750
v -10.19000 -0.50000 0.01750
v -10.00000 -0.30000 -0.01750
v -9.50000 -0.30000 -0.01750
v -9.69000 -0.50000 -0.01750
v -10.00000 -0.30000 0.01750
v -9.50000 -0.30000 0.01750
v -9.69000 -0.50000 0.01750
v -9.50000 -0.30000 -0.01750
v -9.00000 -0.30000 -0.01750
v -9.19000 -0.50000 -0.01750
v -9.50000 -0.30000 0.01750
v -9.00000 -0.30000 0.01750
v -9.19000 -0.50000 0.01750
v -9.00000 -0.30000 -0.01750
v -8.50000 -0.30000 -0.01750
v -8.69000 -0.50000 -0.01750
v -9.00000 -0.30000 0.01750
v -8.50000 -0.30000 0.01750
v -8.69000 -0.50000 0.01750
v -8.50000 -0.30000 -0.01750
v -8.00000 -0.30000 -0.01750
v -8.19000 -0.50000 -0.01750
v -8.50000 -0.30000 0.01750
v -8.00000 -0.30000 0.01750
v -8.19000 -0.50000 0.01750
v -8.00000 -0.30000 -0.01750
v -7.50000 -0.30000 -0.01750
v -7.69000 -0.50000 -0.01750
v -8.00000 -0.30000 0.01750
v -7.50000 -0.30000 0.01750
v -7.69000 -0.50000 0.01750
v -7.50000 -0.30000 -0.01750
v -7.00000 -0.30000 -0.01750
v -7.19000 -0.50000 -0.01750
v -7.50000 -0.30000 0.01750
v -7.00000 -0.30000 0.01750
v -7.19000 -0.50000 0.01750
v -7.00000 -0.30000 -0.01750
v -6.50000 -0.30000 -0.01750
v -6.69000 -0.50000 -0.01750
v -7.00000 -0.30000 0.01750
v -6.50000 -0.30000 0.01750
v -6.69000 -0.50000 0.01750
v -6.50000 -0.30000 -0.01750
v -6.00000 -0.30000 -0.01750
v -6.19000 -0.50000 -0.01750
v -6.50000 -0.30000 0.01750
v -6.00000 -0.30000 0.01750
v -6.19000 -0.50000 0.01750
v -6.00000 -0.30000 -0.01750
v -5.50000 -0.30000 -0.01750
v -5.69000 -0.50000 -0.01750
v -6.00000 -0.30000 0.01750
v -5.50000 -0.30000 0.01750
v -5.69000 -0.50000 0.01750
v -5.50000 -0.30000 -0.01750
v -5.00000 -0.30000 -0.01750
v -5.19000 -0.50000 -0.01750
v -5.50000 -0.30000 0.01750
v -5.00000 -0.30000 0.01750
v -5.19000 -0.50000 0.01750
v -5.00000 -0.30000 -0.01750
v -4.50000 -0.30000 -0.01750
v -4.69000 -0.50000 -0.01750
v -5.00000 -0.30000 0.01750
v -4.50000 -0.30000 0.01750
v -4.69000 -0.50000 0.01750
v -4.50000 -0.30000 -0.01750
v -4.00000 -0.30000 -0.01750
v -4.19000 -0.50000 -0.01750
v -4.50000 -0.30000 0.01750
v -4.00000 -0.30000 0.01750
v -4.19000 -0.50000 0.01750
v -4.00000 -0.30000 -0.01750
v -3.50000 -0.30000 -0.01750
v -3.69000 -0.50000 -0.01750
v -4.00000 -0.30000 0.01750
v -3.50000 -0.30000 0.01750
v -3.69000 -0.50000 0.01750
v -3.50000 -0.30000 -0.01750
v -3.00000 -0.30000 -0.01750
v -3.19000 -0.50000 -0.01750
v -3.50000 -0.30000 0.01750
v -3.00000 -0.30000 0.01750
v -3.19000 -0.50000 0.01750
v -3.00000 -0.30000 -0.01750
v -2.50000 -0.30000 -0.01750
v -2.69000 -0.50000 -0.01750
v -3.00000 -0.30000 0.01750
v -2.50000 -0.30000 0.01750
v -2.69000 -0.50000 0.01750
v -2.50000 -0.30000 -0.01750
v -2.00000 -0.30000 -0.01750
v -2.19000 -0.50000 -0.01750
v -2.50000 -0.30000 0.01750
v -2.00000 -0.30000 0.01750
v -2.19000 -0.50000 0.01750
v -2.00000 -0.30000 -0.01750
v -1.50000 -0.30000 -0.01750
v -1.69000 -0.50000 -0.01750
v -2.00000 -0.30000 0.01750
v -1.50000 -0.30000 0.01750
v -1.69000 -0.50000 0.01750
v -1.50000 -0.30000 -0.01750
v -1.00000 -0.30000 -0.01750
v -1.19000 -0.50000 -0.01750
v -1.50000 -0.30000 0.01750
v -1.00000 -0.30000 0.01750
v -1.19000 -0.50000 0.01750
v -1.00000 -0.30000 -0.01750
v -0.50000 -0.30000 -0.01750
v -0.69000 -0.50000 -0.01750
v -1.00000 -0.30000 0.01750
v -0.50000 -0.30000 0.01750
v -0.69000 -0.50000 0.01750
v -0.50000 -0.30000 -0.01750
v 0.00000 -0.30000 -0.01750
v -0.19000 -0.50000 -0.01750
v -0.50000 -0.30000 0.01750
v 0.00000 -0.30000 0.01750
v -0.19000 -0.50000 0.01750
v 0.00000 -0.30000 -0.01750
v 0.50000 -0.30000 -0.01750
v 0.31000 -0.50000 -0.01750
v 0.00000 -0.30000 0.01750
v 0.50000 -0.30000 0.01750
v 0.31000 -0.50000 0.01750
v 0.50000 -0.30000 -0.01750
v 1.00000 -0.30000 -0.01750
v 0.81000 -0.50000 -0.01750
v 0.50000 -0.30000 0.01750
v 1.00000 -0.30000 0.01750
v 0.81000 -0.50000 0.01750
v 1.00000 -0.30000 -0.01750
v 1.50000 -0.30000 -0.01750
v 1.31000 -0.50000 -0.01750
v 1.00000 -0.30000 0.01750
v 1.50000 -0.30000 0.01750
v 1.31000 -0.50000 0.01750
v 1.50000 -0.30000 -0.01750
v 2.00000 -0.30000 -0.01750
v 1.81000 -0.50000 -0.01750
v 1.50000 -0.30000 0.01750
v 2.00000 -0.30000 0.01750
v 1.81000 -0.50000 0.01750
v 2.00000 -0.30000 -0.01750
v 2.50000 -0.30000 -0.01750
v 2.31000 -0.50000 -0.01750
v 2.00000 -0.30000 0.01750
v 2.50000 -0.30000 0.01750
v 2.31000 -0.50000 0.01750
v 2.50000 -0.30000 -0.01750
v 3.00000 -0.30000 -0.01750
v 2.81000 -0.50000 -0.01750
v 2.50000 -0.30000 0.01750
v 3.00000 -0.30000 0.01750
v 2.81000 -0.50000 0.01750
v 3.00000 -0.30000 -0.01750
v 3.50000 -0.30000 -0.01750
v 3.31000 -0.50000 -0.01750
v 3.00000 -0.30000 0.01750
v 3.50000 -0.30000 0.01750
v 3.31000 -0.50000 0.01750
v 3.50000 -0.30000 -0.01750
v 4.00000 -0.30000 -0.01750
v 3.81000 -0.50000 -0.01750
v 3.50000 -0.30000 0.01750
v 4.00000 -0.30000 0.01750
v 3.81000 -0.50000 0.01750
v 4.00000 -0.30000 -0.01750
v 4.50000 -0.30000 -0.01750
v 4.31000 -0.50000 -0.01750
v 4.00000 -0.30000 0.01750
v 4.50000 -0.30000 0.01750
v 4.31000 -0.50000 0.01750
v 4.50000 -0.30000 -0.01750
v 5.00000 -0.30000 -0.01750
v 4.81000 -0.50000 -0.01750
v 4.50000 -0.30000 0.01750
v 5.00000 -0.30000 0.01750
v 4.81000 -0.50000 0.01750
v 5.00000 -0.30000 -0.01750
v 5.50000 -0.30000 -0.01750
v 5.31000 -0.50000 -0.01750
v 5.00000 -0.30000 0.01750
v 5.50000 -0.30000 0.01750
v 5.31000 -0.50000 0.01750
v 5.50000 -0.30000 -0.01750
v 6.00000 -0.30000 -0.01750
v 5.81000 -0.50000 -0.01750
v 5.50000 -0.30000 0.01750
v 6.00000 -0.30000 0.01750
v 5.81000 -0.50000 0.01750
v 6.00000 -0.30000 -0.01750
v 6.50000 -0.30000 -0.01750
v 6.31000 -0.50000 -0.01750
v 6.00000 -0.30000 0.01750
v 6.50000 -0.30000 0.01750
v 6.31000 -0.50000 0.01750
v 6.50000 -0.30000 -0.01750
v 7.00000 -0.30000 -0.01750
v 6.81000 -0.50000 -0.01750
v 6.50000 -0.30000 0.01750
v 7.00000 -0.30000 0.01750
v 6.81000 -0.50000 0.01750
v 7.00000 -0.30000 -0.01750
v 7.50000 -0.30000 -0.01750
v 7.31000 -0.50000 -0.01750
v 7.00000 -0.30000 0.01750
v 7.50000 -0.30000 0.01750
v 7.31000 -0.50000 0.01750
v 7.50000 -0.30000 -0.01750
v 8.00000 -0.30000 -0.01750
v 7.81000 -0.50000 -0.01750
v 7.50000 -0.30000 0.01750
v 8.00000 -0.30000 0.01750
v 7.81000 -0.50000 0.01750
v 8.00000 -0.30000 -0.01750
v 8.50000 -0.30000 -0.01750
v 8.31000 -0.50000 -0.01750
v 8.00000 -0.30000 0.01750
v 8.50000 -0.30000 0.01750
v 8.31000 -0.50000 0.01750
v 8.50000 -0.30000 -0.01750
v 9.00000 -0.30000 -0.01750
v 8.81000 -0.50000 -0.01750
v 8.50000 -0.30000 0.01750
v 9.00000 -0.30000 0.01750
v 8.81000 -0.50000 0.01750
v 9.00000 -0.30000 -0.01750
v 9.50000 -0.30000 -0.01750
v 9.31000 -0.50000 -0.01750
v 9.00000 -0.30000 0.01750
v 9.50000 -0.30000 0.01750
v 9.31000 -0.50000 0.01750
v 9.50000 -0.30000 -0.01750
v 10.00000 -0.30000 -0.01750
v 9.81000 -0.50000 -0.01750
v 9.50000 -0.30000 0.01750
v 10.00000 -0.30000 0.01750
v 9.81000 -0.50000 0.01750
v 10.00000 -0.30000 -0.01750
v 10.50000 -0.30000 -0.01750
v 10.31000 -0.50000 -0.01750
v 10.00000 -0.30000 0.01750
v 10.50000 -0.30000 0.01750
v 10.31000 -0.50000 0.01750
v 10.50000 -0.30000 -0.01750
v 11.00000 -0.30000 -0.01750
v 10.81000 -0.50000 -0.01750
v 10.50000 -0.30000 0.01750
v 11.00000 -0.30000 0.01750
v 10.81000 -0.50000 0.01750
f 1 4 3 2
f 5 6 7 8
f 1 2 6 5
f 2 3 7 6
f 3 4 8 7
f 4 1 5 8
f 9 11 10
f 12 13 14
f 9 10 13 12
f 10 11 14 13
f 11 9 12 14
f 15 17 16
f 18 19 20
f 15 16 19 18
f 16 17 20 19
f 17 15 18 20
f 21 23 22
f 24 25 26
f 21 22 25 24
f 22 23 26 25
f 23 21 24 26
f 27 29 28
f 30 31 32
f 27 28 31 30
f 28 29 32 31
f 29 27 30 32
f 33 35 34
f 36 37 38
f 33 34 37 36
f 34 35 38 37
f 35 33 36 38
f 39 41 40
f 42 43 44
f 39 40 43 42
f 40 41 44 43
f 41 39 42 44
f 45 47 46
f 48 49 50
f 45 46 49 48
f 46 47 50 49
f 47 45 48 50
f 51 53 52
f 54 55 56
f 51 52 55 54
f 52 53 56 55
f 53 51 54 56
f 57 59 58
f 60 61 62
f 57 58 61 60
f 58 59 62 61
f 59 57 60 62
f 63 65 64
f 66 67 68
f 63 64 67 66
f 64 65 68 67
f 65 63 66 68
f 69 71 70
f 72 73 74
f 69 70 73 72
f 70 71 74 73
f 71 69 72 74
f 75 77 76
f 78 79 80
f 75 76 79 78
f 76 77 80 79
f 77 75 78 80
f 81 83 82
f 84 85 86
f 81 82 85 84
f 82 83 86 85
f 83 81 84 86
f 87 89 88
f 90 91 92
f 87 88 91 90
f 88 89 92 91
f 89 87 90 92
f 93 95 94
f 96 97 98
f 93 94 97 96
f 94 95 98 97
f 95 93 96 98
f 99 101 100
f 102 103 104
f 99 100 103 102
f 100 101 104 103
f 101 99 102 104
f 105 107 106
f 108 109 110
f 105 106 109 108
f 106 107 110 109
f 107 105 108 110
f 111 113 112
f 114 115 116
f 111 112 115 114
f 112 113 116 115
f 113 111 114 116
f 117 119 118
f 120 121 122
f 117 118 121 120
f 118 119 122 121
f 119 117 120 122
f 123 125 124
f 126 127 128
f 123 124 127 126
f 124 125 128 127
f 125 123 126 128
f 129 131 130
f 132 133 134
f 129 130 133 132
f 130 131 134 133
f 131 129 132 134
f 135 137 136
f 138 139 140
f 135 136 139 138
f 136 137 140 139
f 137 135 138 140
f 141 143 142
f 144 145 146
f 141 142 145 144
f 142 143 146 145
f 143 141 144 146
f 147 149 148
f 150 151 152
f 147 148 151 150
f 148 149 152 151
f 149 147 150 152
f 153 155 154
f 156 157 158
f 153 154 157 156
f 154 155 158 157
f 155 153 156 158
f 159 161 160
f 162 163 164
f 159 160 163 162
f 160 161 164 163
f 161 159 162 164
f 165 167 166
f 168 169 170
f 165 166 169 168
f 166 167 170 169
f 167 165 168 170
f 171 173 172
f 174 175 176
f 171 172 175 174
f 172 173 176 175
f 173 171 174 176
f 177 179 178
f 180 181 182
f 177 178 181 180
f 178 179 182 181
f 179 177 180 182
f 183 185 184
f 186 187 188
f 183 184 187 186
f 184 185 188 187
f 185 183 186 188
f 189 191 190
f 192 193 194
f 189 190 193 192
f 190 191 194 193
f 191 189 192 194
f 195 197 196
f 198 199 200
f 195 196 199 198
f 196 197 200 199
f 197 195 198 200
f 201 203 202
f 204 205 206
f 201 202 205 204
f 202 203 206 205
f 203 201 204 206
f 207 209 208
f 210 211 212
f 207 208 211 210
f 208 209 212 211
f 209 207 210 212
f 213 215 214
f 216 217 218
f 213 214 217 216
f 214 215 218 217
f 215 213 216 218
f 219 221 220
f 222 223 224
f 219 220 223 222
f 220 221 224 223
f 221 219 222 224
f 225 227 226
f 228 229 230
f 225 226 229 228
f 226 227 230 229
f 227 225 228 230
f 231 233 232
f 234 235 236
f 231 232 235 234
f 232 233 236 235
f 233 231 234 236
f 237 239 238
f 240 241 242
f 237 238 241 240
f 238 239 242 241
f 239 237 240 242
f 243 245 244
f 246 247 248
f 243 244 247 246
f 244 245 248 247
f 245 243 246 248
f 249 251 250
f 252 253 254
f 249 250 253 252
f 250 251 254 253
f 251 249 252 254
f 255 257 256
f 258 259 260
f 255 256 259 258
f 256 257 260 259
f 257 255 258 260
f 261 263 262
f 264 265 266
f 261 262 265 264
f 262 263 266 265
f 263 261 264 266
f 267 269 268
f 270 271 272
f 267 268 271 270
f 268 269 272 271
f 269 267 270 272

g pins
usemtl pin
v -11.65000 0.00000 -0.81000
v -11.63515 -0.06508 -0.81000
v -11.59352 -0.11727 -0.81000
v -11.53338 -0.14624 -0.81000
v -11.46662 -0.14624 -0.81000
v -11.40648 -0.11727 -0.81000
v -11.36485 -0.06508 -0.81000
v -11.35000 -0.00000 -0.81000
v -11.36485 0.06508 -0.81000
v -11.40648 0.11727 -0.81000
v -11.46662 0.14624 -0.81000
v -11.53338 0.14624 -0.81000
v -11.59352 0.11727 -0.81000
v -11.63515 0.06508 -0.81000
v -11.65000 0.00000 0.81000
v -11.63515 -0.06508 0.81000
v -11.59352 -0.11727 0.81000
v -11.53338 -0.14624 0.81000
v -11.46662 -0.14624 0.81000
v -11.40648 -0.11727 0.81000
v -11.36485 -0.06508 0.81000
v -11.35000 -0.00000 0.81000
v -11.36485 0.06508 0.81000
v -11.40648 0.11727 0.81000
v -11.46662 0.14624 0.81000
v -11.53338 0.14624 0.81000
v -11.59352 0.11727 0.81000
v -11.63515 0.06508 0.81000
v 11.35000 0.00000 -0.81000
v 11.36485 -0.06508 -0.81000
v 11.40648 -0.11727 -0.81000
v 11.46662 -0.14624 -0.81000
v 11.53338 -0.14624 -0.81000
v 11.59352 -0.11727 -0.81000
v 11.63515 -0.06508 -0.81000
v 11.65000 -0.00000 -0.81000
v 11.63515 0.06508 -0.81000
v 11.59352 0.11727 -0.81000
v 11.53338 0.14624 -0.81000
v 11.46662 0.14624 -0.81000
v 11.40648 0.11727 -0.81000
v 11.36485 0.06508 -0.81000
v 11.35000 0.00000 0.81000
v 11.36485 -0.06508 0.81000
v 11.40648 -0.11727 0.81000
v 11.46662 -0.14624 0.81000
v 11.53338 -0.14624 0.81000
v 11.59352 -0.11727 0.81000
v 11.63515 -0.06508 0.81000
v 11.65000 -0.00000 0.81000
v 11.63515 0.06508 0.81000
v 11.59352 0.11727 0.81000
v 11.53338 0.14624 0.81000
v 11.46662 0.14624 0.81000
v 11.40648 0.11727 0.81000
v 11.36485 0.06508 0.81000
v -11.80000 0.00000 0.75000
v -11.77029 -0.13017 0.75000
v -11.68705 -0.23455 0.75000
v -11.56676 -0.29248 0.75000
v -11.43324 -0.29248 0.75000
v -11.31295 -0.23455 0.75000
v -11.22971 -0.13017 0.75000
v -11.20000 -0.00000 0.75000
v -11.22971 0.13017 0.75000
v -11.31295 0.23455 0.75000
v -11.43324 0.29248 0.75000
v -11.56676 0.29248 0.75000
v -11.68705 0.23455 0.75000
v -11.77029 0.13017 0.75000
v -11.80000 0.00000 0.81000
v -11.77029 -0.13017 0.81000
v -11.68705 -0.23455 0.81000
v -11.56676 -0.29248 0.81000
v -11.43324 -0.29248 0.81000
v -11.31295 -0.23455 0.81000
v -11.22971 -0.13017 0.81000
v -11.20000 -0.00000 0.81000
v -11.22971 0.13017 0.81000
v -11.31295 0.23455 0.81000
v -11.43324 0.29248 0.81000
v -11.56676 0.29248 0.81000
v -11.68705 0.23455 0.81000
v -11.77029 0.13017 0.81000
v 11.20000 0.00000 -0.81000
v 11.22971 -0.13017 -0.81000
v 11.31295 -0.23455 -0.81000
v 11.43324 -0.29248 -0.81000
v 11.56676 -0.29248 -0.81000
v 11.68705 -0.23455 -0.81000
v 11.77029 -0.13017 -0.81000
v 11.80000 -0.00000 -0.81000
v 11.77029 0.13017 -0.81000
v 11.68705 0.23455 -0.81000
v 11.56676 0.29248 -0.81000
v 11.43324 0.29248 -0.81000
v 11.31295 0.23455 -0.81000
v 11.22971 0.13017 -0.81000
v 11.20000 0.00000 -0.75000
v 11.22971 -0.13017 -0.75000
v 11.31295 -0.23455 -0.75000
v 11.43324 -0.29248 -0.75000
v 11.56676 -0.29248 -0.75000
v 11.68705 -0.23455 -0.75000
v 11.77029 -0.13017 -0.75000
v 11.80000 -0.00000 -0.75000
v 11.77029 0.13017 -0.75000
v 11.68705 0.23455 -0.75000
v 11.56676 0.29248 -0.75000
v 11.43324 0.29248 -0.75000
v 11.31295 0.23455 -0.75000
v 11.22971 0.13017 -0.75000
v -11.80000 0.00000 -0.81000
v -11.77029 -0.13017 -0.81000
v -11.68705 -0.23455 -0.81000
v -11.56676 -0.29248 -0.81000
v -11.43324 -0.29248 -0.81000
v -11.31295 -0.23455 -0.81000
v -11.22971 -0.13017 -0.81000
v -11.20000 -0.00000 -0.81000
v -11.22971 0.13017 -0.81000
v -11.31295 0.23455 -0.81000
v -11.43324 0.29248 -0.81000
v -11.56676 0.29248 -0.81000
v -11.68705 0.23455 -0.81000
v -11.77029 0.13017 -0.81000
v -11.80000 0.00000 -0.75000
v -11.77029 -0.13017 -0.75000
v -11.68705 -0.23455 -0.75000
v -11.56676 -0.29248 -0.75000
v -11.43324 -0.29248 -0.75000
v -11.31295 -0.23455 -0.75000
v -11.22971 -0.13017 -0.75000
v -11.20000 -0.00000 -0.75000
v -11.22971 0.13017 -0.75000
v -11.31295 0.23455 -0.75000
v -11.43324 0.29248 -0.75000
v -11.56676 0.29248 -0.75000
v -11.68705 0.23455 -0.75000
v -11.77029 0.13017 -0.75000
v 11.20000 0.00000 0.75000
v 11.22971 -0.13017 0.75000
v 11.31295 -0.23455 0.75000
v 11.43324 -0.29248 0.75000
v 11.56676 -0.29248 0.75000
v 11.68705 -0.23455 0.75000
v 11.77029 -0.13017 0.75000
v 11.80000 -0.00000 0.75000
v 11.77029 0.13017 0.75000
v 11.68705 0.23455 0.75000
v 11.56676 0.29248 0.75000
v 11.43324 0.29248 0.75000
v 11.31295 0.23455 0.75000
v 11.22971 0.13017 0.75000
v 11.20000 0.00000 0.81000
v 11.22971 -0.13017 0.81000
v 11.31295 -0.23455 0.81000
v 11.43324 -0.29248 0.81000
v 11.56676 -0.29248 0.81000
v 11.68705 -0.23455 0.81000
v 11.77029 -0.13017 0.81000
v 11.80000 -0.00000 0.81000
v 11.77029 0.13017 0.81000
v 11.68705 0.23455 0.81000
v 11.56676 0.29248 0.81000
v 11.43324 0.29248 0.81000
v 11.31295 0.23455 0.81000
v 11.22971 0.13017 0.81000
f 273 274 288 287
f 274 275 289 288
f 275 276 290 289
f 276 277 291 290
f 277 278 292 291
f 278 279 293 292
f 279 280 294 293
f 280 281 295 294
f 281 282 296 295
f 282 283 297 296
f 283 284 298 297
f 284 285 299 298
f 285 286 300 299
f 286 273 287 300
f 286 285 284 283 282 281 280 279 278 277 276 275 274 273
f 287 288 289 290 291 292 293 294 295 296 297 298 299 300
f 301 302 316 315
f 302 303 317 316
f 303 304 318 317
f 304 305 319 318
f 305 306 320 319
f 306 307 321 320
f 307 308 322 321
f 308 309 323 322
f 309 310 324 323
f 310 311 325 324
f 311 312 326 325
f 312 313 327 326
f 313 314 328 327
f 314 301 315 328
f 314 313 312 311 310 309 308 307 306 305 304 303 302 301
f 315 316 317 318 319 320 321 322 323 324 325 326 327 328
f 329 330 344 343
f 330 331 345 344
f 331 332 346 345
f 332 333 347 346
f 333 334 348 347
f 334 335 349 348
f 335 336 350 349
f 336 337 351 350
f 337 338 352 351
f 338 339 353 352
f 339 340 354 353
f 340 341 355 354
f 341 342 356 355
f 342 329 343 356
f 342 341 340 339 338 337 336 335 334 333 332 331 330 329
f 343 344 345 346 347 348 349 350 351 352 353 354 355 356
f 357 358 372 371
f 358 359 373 372
f 359 360 374 373
f 360 361 375 374
f 361 362 376 375
f 362 363 377 376
f 363 364 378 377
f 364 365 379 378
f 365 366 380 379
f 366 367 381 380
f 367 368 382 381
f 368 369 383 382
f 369 370 384 383
f 370 357 371 384
f 370 369 368 367 366 365 364 363 362 361 360 359 358 357
f 371 372 373 374 375 376 377 378 379 380 381 382 383 384
f 385 386 400 399
f 386 387 401 400
f 387 388 402 401
f 388 389 403 402
f 389 390 404 403
f 390 391 405 404
f 391 392 406 405
f 392 393 407 406
f 393 394 408 407
f 394 395 409 408
f 395 396 410 409
f 396 397 411 410
f 397 398 412 411
f 398 385 399 412
f 398 397 396 395 394 393 392 391 390 389 388 387 386 385
f 399 400 401 402 403 404 405 406 407 408 409 410 411 412
f 413 414 428 427
f 414 415 429 428
f 415 416 430 429
f 416 417 431 430
f 417 418 432 431
f 418 419 433 432
f 419 420 434 433
f 420 421 435 434
f 421 422 436 435
f 422 423 437 436
f 423 424 438 437
f 424 425 439 438
f 425 426 440 439
f 426 413 427 440
f 426 425 424 423 422 421 420 419 418 417 416 415 414 413
f 427 428 429 430 431 432 433 434 435 436 437 438 439 440

g upright_L
usemtl oak
v -12.75000 -0.75000 -0.75000
v -12.06000 -0.75000 -0.75000
v -12.06000 11.25000 -0.75000
v -12.75000 11.25000 -0.75000
v -12.75000 -0.75000 0.75000
v -12.06000 -0.75000 0.75000
v -12.06000 11.25000 0.75000
v -12.75000 11.25000 0.75000
v -12.06000 -0.75000 -0.75000
v -11.25000 -0.75000 -0.75000
v -11.25000 11.25000 -0.75000
v -12.06000 11.25000 -0.75000
v -12.06000 -0.75000 -0.40500
v -11.25000 -0.75000 -0.40500
v -11.25000 11.25000 -0.40500
v -12.06000 11.25000 -0.40500
v -12.06000 -0.75000 -0.40500
v -11.25000 -0.75000 -0.40500
v -11.25000 4.47000 -0.40500
v -12.06000 4.47000 -0.40500
v -12.06000 -0.75000 -0.04000
v -11.25000 -0.75000 -0.04000
v -11.25000 4.47000 -0.04000
v -12.06000 4.47000 -0.04000
v -12.06000 4.47000 -0.40500
v -11.62500 4.47000 -0.40500
v -11.62500 6.03000 -0.40500
v -12.06000 6.03000 -0.40500
v -12.06000 4.47000 -0.04000
v -11.62500 4.47000 -0.04000
v -11.62500 6.03000 -0.04000
v -12.06000 6.03000 -0.04000
v -12.06000 6.03000 -0.40500
v -11.25000 6.03000 -0.40500
v -11.25000 11.25000 -0.40500
v -12.06000 11.25000 -0.40500
v -12.06000 6.03000 -0.04000
v -11.25000 6.03000 -0.04000
v -11.25000 11.25000 -0.04000
v -12.06000 11.25000 -0.04000
v -12.06000 -0.75000 0.40500
v -11.25000 -0.75000 0.40500
v -11.25000 11.25000 0.40500
v -12.06000 11.25000 0.40500
v -12.06000 -0.75000 0.75000
v -11.25000 -0.75000 0.75000
v -11.25000 11.25000 0.75000
v -12.06000 11.25000 0.75000
v -12.06000 -0.75000 0.04000
v -11.25000 -0.75000 0.04000
v -11.25000 4.47000 0.04000
v -12.06000 4.47000 0.04000
v -12.06000 -0.75000 0.40500
v -11.25000 -0.75000 0.40500
v -11.25000 4.47000 0.40500
v -12.06000 4.47000 0.40500
v -12.06000 4.47000 0.04000
v -11.62500 4.47000 0.04000
v -11.62500 6.03000 0.04000
v -12.06000 6.03000 0.04000
v -12.06000 4.47000 0.40500
v -11.62500 4.47000 0.40500
v -11.62500 6.03000 0.40500
v -12.06000 6.03000 0.40500
v -12.06000 6.03000 0.04000
v -11.25000 6.03000 0.04000
v -11.25000 11.25000 0.04000
v -12.06000 11.25000 0.04000
v -12.06000 6.03000 0.40500
v -11.25000 6.03000 0.40500
v -11.25000 11.25000 0.40500
v -12.06000 11.25000 0.40500
f 441 444 443 442
f 445 446 447 448
f 441 442 446 445
f 442 443 447 446
f 443 444 448 447
f 444 441 445 448
f 449 452 451 450
f 453 454 455 456
f 449 450 454 453
f 450 451 455 454
f 451 452 456 455
f 452 449 453 456
f 457 460 459 458
f 461 462 463 464
f 457 458 462 461
f 458 459 463 462
f 459 460 464 463
f 460 457 461 464
f 465 468 467 466
f 469 470 471 472
f 465 466 470 469
f 466 467 471 470
f 467 468 472 471
f 468 465 469 472
f 473 476 475 474
f 477 478 479 480
f 473 474 478 477
f 474 475 479 478
f 475 476 480 479
f 476 473 477 480
f 481 484 483 482
f 485 486 487 488
f 481 482 486 485
f 482 483 487 486
f 483 484 488 487
f 484 481 485 488
f 489 492 491 490
f 493 494 495 496
f 489 490 494 493
f 490 491 495 494
f 491 492 496 495
f 492 489 493 496
f 497 500 499 498
f 501 502 503 504
f 497 498 502 501
f 498 499 503 502
f 499 500 504 503
f 500 497 501 504
f 505 508 507 506
f 509 510 511 512
f 505 506 510 509
f 506 507 511 510
f 507 508 512 511
f 508 505 509 512
usemtl hole
v -12.12500 8.25000 -0.76000
v -12.10825 8.18750 -0.76000
v -12.06250 8.14175 -0.76000
v -12.00000 8.12500 -0.76000
v -11.93750 8.14175 -0.76000
v -11.89175 8.18750 -0.76000
v -11.87500 8.25000 -0.76000
v -11.89175 8.31250 -0.76000
v -11.93750 8.35825 -0.76000
v -12.00000 8.37500 -0.76000
v -12.06250 8.35825 -0.76000
v -12.10825 8.31250 -0.76000
v -12.12500 8.25000 0.76000
v -12.10825 8.18750 0.76000
v -12.06250 8.14175 0.76000
v -12.00000 8.12500 0.76000
v -11.93750 8.14175 0.76000
v -11.89175 8.18750 0.76000
v -11.87500 8.25000 0.76000
v -11.89175 8.31250 0.76000
v -11.93750 8.35825 0.76000
v -12.00000 8.37500 0.76000
v -12.06250 8.35825 0.76000
v -12.10825 8.31250 0.76000
f 513 514 526 525
f 514 515 527 526
f 515 516 528 527
f 516 517 529 528
f 517 518 530 529
f 518 519 531 530
f 519 520 532 531
f 520 521 533 532
f 521 522 534 533
f 522 523 535 534
f 523 524 536 535
f 524 513 525 536
f 524 523 522 521 520 519 518 517 516 515 514 513
f 525 526 527 528 529 530 531 532 533 534 535 536

g upright_R
usemtl oak
v 12.06000 -0.75000 -0.75000
v 12.75000 -0.75000 -0.75000
v 12.75000 11.25000 -0.75000
v 12.06000 11.25000 -0.75000
v 12.06000 -0.75000 0.75000
v 12.75000 -0.75000 0.75000
v 12.75000 11.25000 0.75000
v 12.06000 11.25000 0.75000
v 11.25000 -0.75000 -0.75000
v 12.06000 -0.75000 -0.75000
v 12.06000 11.25000 -0.75000
v 11.25000 11.25000 -0.75000
v 11.25000 -0.75000 -0.40500
v 12.06000 -0.75000 -0.40500
v 12.06000 11.25000 -0.40500
v 11.25000 11.25000 -0.40500
v 11.25000 -0.75000 -0.40500
v 12.06000 -0.75000 -0.40500
v 12.06000 4.47000 -0.40500
v 11.25000 4.47000 -0.40500
v 11.25000 -0.75000 -0.04000
v 12.06000 -0.75000 -0.04000
v 12.06000 4.47000 -0.04000
v 11.25000 4.47000 -0.04000
v 11.62500 4.47000 -0.40500
v 12.06000 4.47000 -0.40500
v 12.06000 6.03000 -0.40500
v 11.62500 6.03000 -0.40500
v 11.62500 4.47000 -0.04000
v 12.06000 4.47000 -0.04000
v 12.06000 6.03000 -0.04000
v 11.62500 6.03000 -0.04000
v 11.25000 6.03000 -0.40500
v 12.06000 6.03000 -0.40500
v 12.06000 11.25000 -0.40500
v 11.25000 11.25000 -0.40500
v 11.25000 6.03000 -0.04000
v 12.06000 6.03000 -0.04000
v 12.06000 11.25000 -0.04000
v 11.25000 11.25000 -0.04000
v 11.25000 -0.75000 0.40500
v 12.06000 -0.75000 0.40500
v 12.06000 11.25000 0.40500
v 11.25000 11.25000 0.40500
v 11.25000 -0.75000 0.75000
v 12.06000 -0.75000 0.75000
v 12.06000 11.25000 0.75000
v 11.25000 11.25000 0.75000
v 11.25000 -0.75000 0.04000
v 12.06000 -0.75000 0.04000
v 12.06000 4.47000 0.04000
v 11.25000 4.47000 0.04000
v 11.25000 -0.75000 0.40500
v 12.06000 -0.75000 0.40500
v 12.06000 4.47000 0.40500
v 11.25000 4.47000 0.40500
v 11.62500 4.47000 0.04000
v 12.06000 4.47000 0.04000
v 12.06000 6.03000 0.04000
v 11.62500 6.03000 0.04000
v 11.62500 4.47000 0.40500
v 12.06000 4.47000 0.40500
v 12.06000 6.03000 0.40500
v 11.62500 6.03000 0.40500
v 11.25000 6.03000 0.04000
v 12.06000 6.03000 0.04000
v 12.06000 11.25000 0.04000
v 11.25000 11.25000 0.04000
v 11.25000 6.03000 0.40500
v 12.06000 6.03000 0.40500
v 12.06000 11.25000 0.40500
v 11.25000 11.25000 0.40500
f 537 540 539 538
f 541 542 543 544
f 537 538 542 541
f 538 539 543 542
f 539 540 544 543
f 540 537 541 544
f 545 548 547 546
f 549 550 551 552
f 545 546 550 549
f 546 547 551 550
f 547 548 552 551
f 548 545 549 552
f 553 556 555 554
f 557 558 559 560
f 553 554 558 557
f 554 555 559 558
f 555 556 560 559
f 556 553 557 560
f 561 564 563 562
f 565 566 567 568
f 561 562 566 565
f 562 563 567 566
f 563 564 568 567
f 564 561 565 568
f 569 572 571 570
f 573 574 575 576
f 569 570 574 573
f 570 571 575 574
f 571 572 576 575
f 572 569 573 576
f 577 580 579 578
f 581 582 583 584
f 577 578 582 581
f 578 579 583 582
f 579 580 584 583
f 580 577 581 584
f 585 588 587 586
f 589 590 591 592
f 585 586 590 589
f 586 587 591 590
f 587 588 592 591
f 588 585 589 592
f 593 596 595 594
f 597 598 599 600
f 593 594 598 597
f 594 595 599 598
f 595 596 600 599
f 596 593 597 600
f 601 604 603 602
f 605 606 607 608
f 601 602 606 605
f 602 603 607 606
f 603 604 608 607
f 604 601 605 608
usemtl hole
v 11.87500 8.25000 -0.76000
v 11.89175 8.18750 -0.76000
v 11.93750 8.14175 -0.76000
v 12.00000 8.12500 -0.76000
v 12.06250 8.14175 -0.76000
v 12.10825 8.18750 -0.76000
v 12.12500 8.25000 -0.76000
v 12.10825 8.31250 -0.76000
v 12.06250 8.35825 -0.76000
v 12.00000 8.37500 -0.76000
v 11.93750 8.35825 -0.76000
v 11.89175 8.31250 -0.76000
v 11.87500 8.25000 0.76000
v 11.89175 8.18750 0.76000
v 11.93750 8.14175 0.76000
v 12.00000 8.12500 0.76000
v 12.06250 8.14175 0.76000
v 12.10825 8.18750 0.76000
v 12.12500 8.25000 0.76000
v 12.10825 8.31250 0.76000
v 12.06250 8.35825 0.76000
v 12.00000 8.37500 0.76000
v 11.93750 8.35825 0.76000
v 11.89175 8.31250 0.76000
f 609 610 622 621
f 610 611 623 622
f 611 612 624 623
f 612 613 625 624
f 613 614 626 625
f 614 615 627 626
f 615 616 628 627
f 616 617 629 628
f 617 618 630 629
f 618 619 631 630
f 619 620 632 631
f 620 609 621 632
f 620 619 618 617 616 615 614 613 612 611 610 609
f 621 622 623 624 625 626 627 628 629 630 631 632

g stretcher
usemtl oak
v -11.62500 4.50000 -0.37500
v 11.62500 4.50000 -0.37500
v 11.62500 5.50000 -0.37500
v -11.62500 5.50000 -0.37500
v -11.62500 4.50000 0.37500
v 11.62500 4.50000 0.37500
v 11.62500 5.50000 0.37500
v -11.62500 5.50000 0.37500
v -11.62500 5.50000 -0.37500
v 11.62500 5.50000 -0.37500
v 11.62500 6.00000 -0.37500
v -11.62500 6.00000 -0.37500
v -11.62500 5.50000 -0.06000
v 11.62500 5.50000 -0.06000
v 11.62500 6.00000 -0.06000
v -11.62500 6.00000 -0.06000
v -11.62500 5.50000 0.06000
v 11.62500 5.50000 0.06000
v 11.62500 6.00000 0.06000
v -11.62500 6.00000 0.06000
v -11.62500 5.50000 0.37500
v 11.62500 5.50000 0.37500
v 11.62500 6.00000 0.37500
v -11.62500 6.00000 0.37500
f 633 636 635 634
f 637 638 639 640
f 633 634 638 637
f 634 635 639 638
f 635 636 640 639
f 636 633 637 640
f 641 644 643 642
f 645 646 647 648
f 641 642 646 645
f 642 643 647 646
f 643 644 648 647
f 644 641 645 648
f 649 652 651 650
f 653 654 655 656
f 649 650 654 653
f 650 651 655 654
f 651 652 656 655
f 652 649 653 656

g toggle
usemtl oak
v -0.50000 4.25000 0.40500
v 0.50000 4.25000 0.40500
v 0.50000 12.25000 0.40500
v -0.50000 12.25000 0.40500
v -0.50000 4.25000 0.78000
v 0.50000 4.25000 0.78000
v 0.50000 12.25000 0.78000
v -0.50000 12.25000 0.78000
f 657 660 659 658
f 661 662 663 664
f 657 658 662 661
f 658 659 663 662
f 659 660 664 663
f 660 657 661 664
usemtl hole
v -0.12500 8.25000 0.39500
v -0.10825 8.18750 0.39500
v -0.06250 8.14175 0.39500
v -0.00000 8.12500 0.39500
v 0.06250 8.14175 0.39500
v 0.10825 8.18750 0.39500
v 0.12500 8.25000 0.39500
v 0.10825 8.31250 0.39500
v 0.06250 8.35825 0.39500
v 0.00000 8.37500 0.39500
v -0.06250 8.35825 0.39500
v -0.10825 8.31250 0.39500
v -0.12500 8.25000 0.79000
v -0.10825 8.18750 0.79000
v -0.06250 8.14175 0.79000
v -0.00000 8.12500 0.79000
v 0.06250 8.14175 0.79000
v 0.10825 8.18750 0.79000
v 0.12500 8.25000 0.79000
v 0.10825 8.31250 0.79000
v 0.06250 8.35825 0.79000
v 0.00000 8.37500 0.79000
v -0.06250 8.35825 0.79000
v -0.10825 8.31250 0.79000
f 665 666 678 677
f 666 667 679 678
f 667 668 680 679
f 668 669 681 680
f 669 670 682 681
f 670 671 683 682
f 671 672 684 683
f 672 673 685 684
f 673 674 686 685
f 674 675 687 686
f 675 676 688 687
f 676 665 677 688
f 676 675 674 673 672 671 670 669 668 667 666 665
f 677 678 679 680 681 682 683 684 685 686 687 688

g cord_s6
usemtl cord
v -12.88500 8.15500 0.09500
v -12.89217 8.18282 0.02821
v -12.89514 8.25000 0.00054
v -12.89217 8.31718 0.02821
v -12.88500 8.34500 0.09500
v -12.87783 8.31718 0.16179
v -12.87486 8.25000 0.18946
v -12.87783 8.18282 0.16179
v -12.00116 8.15501 0.00011
v -12.00691 8.18283 -0.06682
v -12.00861 8.25000 -0.09461
v -12.00527 8.31717 -0.06697
v -11.99884 8.34499 -0.00011
v -11.99309 8.31717 0.06682
v -11.99139 8.25000 0.09461
v -11.99473 8.18283 0.06697
v -11.85694 8.14245 0.00116
v -11.85720 8.17018 -0.06606
v -11.85415 8.23723 -0.09403
v -11.84957 8.30432 -0.06637
v -11.84614 8.33215 0.00071
v -11.84587 8.30442 0.06793
v -11.84893 8.23737 0.09590
v -11.85351 8.17029 0.06824
v -11.70089 8.13806 -0.00844
v -11.70609 8.16600 -0.07537
v -11.70924 8.23321 -0.10293
v -11.70849 8.30032 -0.07498
v -11.70427 8.32803 -0.00789
v -11.69906 8.30010 0.05904
v -11.69591 8.23289 0.08660
v -11.69667 8.16577 0.05865
v -11.54295 8.14826 -0.02079
v -11.54986 8.17604 -0.08763
v -11.55890 8.24285 -0.11486
v -11.56476 8.30955 -0.08653
v -11.56402 8.33708 -0.01923
v -11.55711 8.30930 0.04760
v -11.54807 8.24249 0.07483
v -11.54220 8.17578 0.04650
v -11.38702 8.17310 -0.02577
v -11.39118 8.20110 -0.09274
v -11.40327 8.26738 -0.12009
v -11.41622 8.33310 -0.09180
v -11.42243 8.35976 -0.02445
v -11.41827 8.33176 0.04252
v -11.40617 8.26548 0.06988
v -11.39323 8.19976 0.04159
v -11.23659 8.20608 -0.01525
v -11.23388 8.23537 -0.08175
v -11.24455 8.30189 -0.10909
v -11.26234 8.36667 -0.08128
v -11.27684 8.39176 -0.01459
v -11.27955 8.36247 0.05190
v -11.26888 8.29595 0.07925
v -11.25109 8.23117 0.05143
v -11.09341 8.23666 0.01366
v -11.08153 8.26791 -0.05090
v -11.08615 8.33568 -0.07685
v -11.10455 8.40026 -0.04898
v -11.12597 8.42383 0.01639
v -11.13784 8.39258 0.08096
v -11.13322 8.32481 0.10690
v -11.11482 8.26023 0.07903
v -10.95704 8.25414 0.05817
v -10.93622 8.28673 -0.00340
v -10.93141 8.35567 -0.02600
v -10.94543 8.42058 0.00362
v -10.97006 8.44343 0.06810
v -10.99088 8.41084 0.12967
v -10.99569 8.34190 0.15226
v -10.98168 8.27699 0.12265
v -10.82758 8.25083 0.11060
v -10.80194 8.28321 0.05075
v -10.78566 8.35162 0.03227
v -10.78828 8.41599 0.06598
v -10.80825 8.43862 0.13213
v -10.83389 8.40624 0.19197
v -10.85017 8.33783 0.21045
v -10.84756 8.27346 0.17675
v -10.69579 8.21622 0.15143
v -10.67228 8.24856 0.09070
v -10.64837 8.31512 0.07384
v -10.63806 8.37692 0.11073
v -10.64739 8.39776 0.17976
v -10.67090 8.36543 0.24050
v -10.69482 8.29886 0.25736
v -10.70513 8.23706 0.22046
v -10.55420 8.16709 0.17326
v -10.53801 8.20151 0.11130
v -10.51371 8.26786 0.09417
v -10.49555 8.32729 0.13192
v -10.49416 8.34498 0.20244
v -10.51036 8.31056 0.26440
v -10.53465 8.24421 0.28153
v -10.55281 8.18478 0.24378
v -10.40514 8.11471 0.17102
v -10.39874 8.15241 0.10918
v -10.37877 8.22021 0.09213
v -10.35692 8.27840 0.12986
v -10.34599 8.29288 0.20027
v -10.35239 8.25518 0.26211
v -10.37236 8.18738 0.27916
v -10.39421 8.12919 0.24143
v -10.24920 8.07073 0.14499
v -10.25323 8.11152 0.08494
v -10.24121 8.18154 0.06945
v -10.22019 8.23976 0.10759
v -10.20248 8.25208 0.17703
v -10.19845 8.21129 0.23708
v -10.21047 8.14127 0.25257
v -10.23149 8.08305 0.21442
v -10.08790 8.04573 0.10149
v -10.10106 8.08823 0.04398
v -10.09915 8.15982 0.03144
v -10.08329 8.21858 0.07122
v -10.06278 8.23008 0.14002
v -10.04962 8.18759 0.19754
v -10.05153 8.11599 0.21008
v -10.06739 8.05724 0.17029
v -9.92368 8.04623 0.05169
v -9.94298 8.08886 -0.00396
v -9.95150 8.16045 -0.01334
v -9.94425 8.21908 0.02905
v -9.92547 8.23040 0.09837
v -9.90617 8.18777 0.15403
v -9.89765 8.11617 0.16341
v -9.90490 8.05755 0.12102
v -9.75960 8.07246 0.00865
v -9.78080 8.11466 -0.04664
v -9.79807 8.18491 -0.05402
v -9.80130 8.24204 -0.00917
v -9.78859 8.25261 0.06164
v -9.76740 8.21041 0.11693
v -9.75012 8.14017 0.12431
v -9.74689 8.08303 0.07946
v -9.59889 8.11817 -0.01645
v -9.61727 8.16080 -0.07241
v -9.63983 8.22957 -0.07941
v -9.65335 8.28418 -0.03335
v -9.64991 8.29265 0.03878
v -9.63153 8.25002 0.09473
v -9.60898 8.18125 0.10173
v -9.59546 8.12664 0.05568
v -9.44411 8.17248 -0.01748
v -9.45557 8.21715 -0.07369
v -9.47889 8.28563 -0.08102
v -9.50041 8.33780 -0.03518
v -9.50753 8.34310 0.03699
v -9.49608 8.29843 0.09320
v -9.47276 8.22995 0.10053
v -9.45123 8.17778 0.05469
v -9.29643 8.22330 0.00562
v -9.29837 8.27105 -0.04917
v -9.31793 8.34075 -0.05595
v -9.34365 8.39157 -0.01076
v -9.36047 8.39373 0.05995
v -9.35853 8.34597 0.11474
v -9.33897 8.27627 0.12153
v -9.31325 8.22546 0.07633
v -9.15548 8.26034 0.04780
v -9.14720 8.31086 -0.00383
v -9.15938 8.38241 -0.00816
v -9.18488 8.43308 0.03733
v -9.20876 8.43317 0.10601
v -9.21704 8.38265 0.15763
v -9.20486 8.31110 0.16197
v -9.17936 8.26043 0.11647
v -9.01975 8.27700 0.10088
v -9.00239 8.32887 0.05298
v -9.00498 8.40154 0.05269
v -9.02599 8.45243 0.10018
v -9.05313 8.45173 0.16763
v -9.07049 8.39986 0.21553
v -9.06791 8.32720 0.21582
v -9.04689 8.27631 0.16833
v -8.88699 8.27091 0.15550
v -8.86326 8.32265 0.11027
v -8.85572 8.39486 0.11419
v -8.86878 8.44524 0.16497
v -8.89479 8.44427 0.23286
v -8.91852 8.39252 0.27809
v -8.92607 8.32031 0.27417
v -8.91301 8.26994 0.22339
v -8.75437 8.24368 0.20246
v -8.72823 8.29487 0.15794
v -8.71186 8.36540 0.16468
v -8.71485 8.41394 0.21873
v -8.73546 8.41206 0.28844
v -8.76160 8.36086 0.33296
v -8.77797 8.29034 0.32622
v -8.77497 8.24180 0.27217
v -8.61882 8.20048 0.23373
v -8.59484 8.25206 0.18844
v -8.57274 8.32091 0.19602
v -8.56547 8.36670 0.25203
v -8.57728 8.36261 0.32366
v -8.60125 8.31103 0.36895
v -8.62335 8.24217 0.36137
v -8.63063 8.19638 0.30536
v -8.47769 8.14953 0.24340
v -8.46014 8.20305 0.19742
v -8.43665 8.27147 0.20473
v -8.42100 8.31472 0.26104
v -8.42234 8.30746 0.33338
v -8.43989 8.25394 0.37936
v -8.46338 8.18551 0.37205
v -8.47903 8.14226 0.31574
v -8.32956 8.10135 0.22921
v -8.32139 8.15772 0.18400
v -8.30116 8.22715 0.19153
v -8.28072 8.26898 0.24738
v -8.27204 8.25870 0.31884
v -8.28020 8.20234 0.36404
v -8.30043 8.13290 0.35651
v -8.32088 8.09108 0.30066
v -8.17452 8.06696 0.19406
v -8.17686 8.12572 0.15130
v -8.16382 8.19665 0.16063
v -8.14305 8.23818 0.21657
v -8.12671 8.22600 0.28637
v -8.12438 8.16724 0.32913
v -8.13742 8.09632 0.31980
v -8.15819 8.05478 0.26386
v -8.01400 8.05507 0.14639
v -8.02599 8.11478 0.10666
v -8.02270 8.18634 0.11912
v -8.00607 8.22783 0.17646
v -7.98583 8.21495 0.24510
v -7.97384 8.15525 0.28482
v -7.97713 8.08369 0.27237
v -7.99376 8.04219 0.21502
v -7.85031 8.06938 0.09842
v -7.86934 8.12866 0.06085
v -7.87658 8.19930 0.07647
v -7.86780 8.23993 0.13612
v -7.84814 8.22675 0.20487
v -7.82911 8.16747 0.24244
v -7.82187 8.09683 0.22682
v -7.83065 8.05620 0.16716
v -7.68640 8.10713 0.06294
v -7.70847 8.16569 0.02592
v -7.72504 8.23431 0.04335
v -7.72642 8.27278 0.10504
v -7.71180 8.25857 0.17483
v -7.68973 8.20001 0.21185
v -7.67316 8.13140 0.19441
v -7.67178 8.09293 0.13273
v -7.52540 8.15963 0.04952
v -7.54582 8.21850 0.01206
v -7.56867 8.28526 0.02962
v -7.58055 8.32079 0.09194
v -7.57451 8.30429 0.16249
v -7.55408 8.24542 0.19996
v -7.53124 8.17866 0.18239
v -7.51936 8.14313 0.12008
v -7.36993 8.21482 0.06180
v -7.38438 8.27550 0.02445
v -7.40915 8.34170 0.04150
v -7.42974 8.37463 0.10296
v -7.43408 8.35501 0.17284
v -7.41963 8.29433 0.21019
v -7.39486 8.22813 0.19314
v -7.37427 8.19519 0.13168
v -7.22132 8.26077 0.09697
v -7.22678 8.32403 0.06155
v -7.24889 8.39104 0.07909
v -7.27470 8.42254 0.13933
v -7.28909 8.40008 0.20697
v -7.28363 8.33682 0.24239
v -7.26152 8.26981 0.22485
v -7.23571 8.23831 0.16462
v -7.07939 8.28859 0.14752
v -7.07468 8.35384 0.11579
v -7.09023 8.42199 0.13581
v -7.11693 8.45311 0.19585
v -7.13915 8.42898 0.26074
v -7.14386 8.36372 0.29247
v -7.12832 8.29558 0.27245
v -7.10161 8.26445 0.21241
v -6.94279 8.29381 0.20367
v -6.92856 8.35957 0.17609
v -6.93494 8.42789 0.20015
v -6.95818 8.45875 0.26174
v -6.98467 8.43408 0.32480
v -6.99890 8.36832 0.35238
v -6.99252 8.30000 0.32832
v -6.96928 8.26914 0.26673
v -6.80937 8.27648 0.25560
v -6.78795 8.34146 0.23097
v -6.78415 8.40840 0.25911
v -6.80019 8.43809 0.32351
v -6.82668 8.41314 0.38646
v -6.84810 8.34816 0.41108
v -6.85190 8.28122 0.38295
v -6.83586 8.25153 0.31854
v -6.67648 8.24052 0.29478
v -6.65155 8.30459 0.27111
v -6.63839 8.36917 0.30182
v -6.64470 8.39642 0.36894
v -6.66679 8.37039 0.43313
v -6.69172 8.30632 0.45681
v -6.70488 8.24174 0.42609
v -6.69857 8.21449 0.35898
v -6.54117 8.19297 0.31487
v -6.51724 8.25725 0.29073
v -6.49739 8.31979 0.32206
v -6.49323 8.34395 0.39051
v -6.50721 8.31558 0.45599
v -6.53113 8.25131 0.48013
v -6.55098 8.18877 0.44880
v -6.55514 8.16461 0.38035
v -6.40075 8.14320 0.31235
v -6.38229 8.20915 0.28792
v -6.35987 8.27102 0.31885
v -6.34663 8.29257 0.38702
v -6.35031 8.26117 0.45250
v -6.36876 8.19522 0.47693
v -6.39118 8.13335 0.44600
v -6.40443 8.11181 0.37783
v -6.25361 8.10185 0.28762
v -6.24401 8.17009 0.26443
v -6.22372 8.23259 0.29555
v -6.20463 8.25274 0.36275
v -6.19793 8.21874 0.42667
v -6.20754 8.15050 0.44986
v -6.22782 8.08800 0.41874
v -6.24691 8.06784 0.35154
v -6.09967 8.07879 0.24598
v -6.10051 8.14859 0.22563
v -6.08656 8.21191 0.25854
v -6.06598 8.23166 0.32542
v -6.05084 8.19626 0.38710
v -6.05000 8.12646 0.40745
v -6.06396 8.06314 0.37454
v -6.08453 8.04340 0.30766
v -5.94020 8.08050 0.19744
v -5.95109 8.15034 0.18037
v -5.94640 8.21338 0.21629
v -5.92888 8.23270 0.28416
v -5.90879 8.19699 0.34422
v -5.89789 8.12716 0.36129
v -5.90258 8.06411 0.32537
v -5.92010 8.04479 0.25750
v -5.77736 8.10775 0.15461
v -5.79609 8.17642 0.13980
v -5.80190 8.23764 0.17859
v -5.79138 8.25554 0.24828
v -5.77070 8.21963 0.30803
v -5.75197 8.15096 0.32284
v -5.74616 8.08974 0.28404
v -5.75668 8.07184 0.21436
v -5.61392 8.15488 0.12928
v -5.63677 8.22243 0.11507
v -5.65236 8.28096 0.15530
v -5.65155 8.29619 0.22639
v -5.63482 8.25919 0.28671
v -5.61196 8.19165 0.30091
v -5.59638 8.13312 0.26069
v -5.59719 8.11789 0.18960
v -5.45285 8.21122 0.12889
v -5.47525 8.27885 0.11437
v -5.49799 8.33517 0.15434
v -5.50775 8.34720 0.22538
v -5.49881 8.30788 0.28588
v -5.47641 8.24025 0.30041
v -5.45367 8.18392 0.26044
v -5.44391 8.17190 0.18940
v -5.29677 8.26406 0.15434
v -5.31422 8.33321 0.14018
v -5.34004 8.38877 0.17933
v -5.35909 8.39821 0.24886
v -5.36022 8.35599 0.30804
v -5.34277 8.28684 0.32221
v -5.31696 8.23127 0.28306
v -5.29790 8.22184 0.21353
v -5.14717 8.30231 0.20013
v -5.15627 8.37345 0.18820
v -5.18056 8.42951 0.22763
v -5.20580 8.43764 0.29533
v -5.21721 8.39308 0.35164
v -5.20811 8.32194 0.36358
v -5.18383 8.26588 0.32415
v -5.15859 8.25775 0.25645
v -5.00410 8.31905 0.25667
v -5.00318 8.39131 0.24868
v -5.02179 8.44789 0.29038
v -5.04904 8.45564 0.35735
v -5.06896 8.41003 0.41034
v -5.06988 8.33776 0.41833
v -5.05127 8.28118 0.37663
v -5.02402 8.27343 0.30967
v -4.86637 8.31232 0.31315
v -4.85561 8.38413 0.30944
v -4.86556 8.44002 0.35487
v -4.89040 8.44726 0.42282
v -4.91558 8.40159 0.47349
v -4.92634 8.32978 0.47720
v -4.91638 8.27388 0.43177
v -4.89154 8.26665 0.36382
v -4.73203 8.28465 0.35986
v -4.71333 8.35492 0.35916
v -4.71317 8.40857 0.40823
v -4.73164 8.41418 0.47833
v -4.75792 8.36847 0.52840
v -4.77661 8.29821 0.52910
v -4.77678 8.24456 0.48003
v -4.75831 8.23894 0.40993
v -4.59861 8.24207 0.38950
v -4.57535 8.31095 0.38982
v -4.56540 8.36162 0.44102
v -4.57458 8.36438 0.51309
v -4.59753 8.31763 0.56383
v -4.62079 8.24874 0.56351
v -4.63074 8.19807 0.51231
v -4.62156 8.19531 0.44024
v -4.46334 8.19296 0.39777
v -4.43991 8.26179 0.39782
v -4.42239 8.31010 0.44925
v -4.42104 8.30960 0.52195
v -4.43665 8.26057 0.57332
v -4.46008 8.19174 0.57328
v -4.47761 8.14343 0.52184
v -4.47896 8.14393 0.44915
v -4.32356 8.14719 0.38375
v -4.30456 8.21738 0.38378
v -4.28333 8.26487 0.43458
v -4.27229 8.26185 0.50638
v -4.27793 8.21008 0.55713
v -4.29693 8.13990 0.55710
v -4.31816 8.09241 0.50630
v -4.32919 8.09543 0.43450
v -4.17750 8.11485 0.35043
v -4.16668 8.18673 0.35197
v -4.14641 8.23460 0.40281
v -4.12856 8.23040 0.47317
v -4.12358 8.17661 0.52183
v -4.13440 8.10472 0.52029
v -4.15467 8.05686 0.46945
v -4.17252 8.06105 0.39909
v -4.02485 8.10419 0.30519
v -4.02429 8.17676 0.30971
v -4.00939 8.22489 0.36212
v -3.98890 8.22041 0.43174
v -3.97480 8.16592 0.47777
v -3.97537 8.09335 0.47326
v -3.99026 8.04521 0.42085
v -4.01076 8.04970 0.35123
v -3.86668 8.11916 0.25908
v -3.87645 8.19079 0.26682
v -3.87023 8.23788 0.32187
v -3.85166 8.23284 0.39199
v -3.83162 8.17862 0.43610
v -3.82185 8.10699 0.42836
v -3.82807 8.05990 0.37331
v -3.84664 8.06494 0.30319
v -3.70498 8.15764 0.22438
v -3.72327 8.22732 0.23421
v -3.72738 8.27179 0.29158
v -3.71489 8.26501 0.36289
v -3.69312 8.21094 0.40636
v -3.67482 8.14126 0.39653
v -3.67072 8.09679 0.33915
v -3.68321 8.10357 0.26784
v -3.54228 8.21145 0.21121
v -3.56572 8.27950 0.22152
v -3.57991 8.32072 0.27971
v -3.57655 8.31097 0.35168
v -3.55761 8.25595 0.39528
v -3.53417 8.18790 0.38497
v -3.51997 8.14668 0.32678
v -3.52333 8.15643 0.25481
v -3.38134 8.26840 0.22445
v -3.40551 8.33625 0.23445
v -3.42764 8.37500 0.29186
v -3.43477 8.36196 0.36303
v -3.42272 8.30477 0.40629
v -3.39855 8.23693 0.39628
v -3.37642 8.19818 0.33888
v -3.36929 8.21121 0.26770
v -3.22472 8.31580 0.26217
v -3.24502 8.38483 0.27264
v -3.27133 8.42272 0.32885
v -3.28823 8.40727 0.39786
v -3.28581 8.34754 0.43925
v -3.26551 8.27852 0.42878
v -3.23920 8.24063 0.37257
v -3.22231 8.25607 0.30356
v -3.07406 8.34396 0.31645
v -3.08675 8.41440 0.32925
v -3.11269 8.45259 0.38543
v -3.13667 8.43615 0.45208
v -3.14465 8.37472 0.49015
v -3.13195 8.30428 0.47734
v -3.10602 8.26609 0.42116
v -3.08204 8.28253 0.35452
v -2.92966 8.34837 0.37616
v -2.93259 8.41907 0.39289
v -2.95381 8.45733 0.45096
v -2.98089 8.44074 0.51637
v -2.99797 8.37901 0.55079
v -2.99505 8.30831 0.53406
v -2.97382 8.27005 0.47599
v -2.94674 8.28665 0.41058
v -2.79057 8.32981 0.43013
v -2.78343 8.39911 0.45095
v -2.79660 8.43601 0.51220
v -2.82236 8.41889 0.57800
v -2.84562 8.35779 0.60981
v -2.85276 8.28849 0.58899
v -2.83959 8.25159 0.52774
v -2.81383 8.26871 0.46193
v -2.65506 8.29327 0.46936
v -2.63932 8.36022 0.49296
v -2.64254 8.39418 0.55717
v -2.66282 8.37527 0.62438
v -2.68829 8.31455 0.65522
v -2.70403 8.24760 0.63163
v -2.70081 8.21363 0.56742
v -2.68053 8.23255 0.50021
v -2.52090 8.24647 0.48823
v -2.49960 8.31154 0.51272
v -2.49270 8.34203 0.57836
v -2.50425 8.32009 0.64671
v -2.52748 8.25856 0.67773
v -2.54878 8.19350 0.65324
v -2.55568 8.16301 0.58760
v -2.54412 8.18495 0.51925
v -2.38550 8.19865 0.48473
v -2.36286 8.26335 0.50899
v -2.34762 8.29128 0.57436
v -2.34870 8.26609 0.64256
v -2.36548 8.20253 0.67363
v -2.38812 8.13784 0.64938
v -2.40336 8.10990 0.58400
v -2.40228 8.13509 0.51580
v -2.24629 8.15947 0.46052
v -2.22698 8.22518 0.48493
v -2.20692 8.25224 0.54936
v -2.19786 8.22481 0.61608
v -2.20511 8.15894 0.64601
v -2.22442 8.09322 0.62160
v -2.24448 8.06616 0.55717
v -2.25354 8.09360 0.49045
v -2.10138 8.13781 0.42101
v -2.08947 8.20466 0.44700
v -2.06918 8.23198 0.51126
v -2.05240 8.20376 0.57613
v -2.04896 8.13654 0.60363
v -2.06087 8.06969 0.57763
v -2.08116 8.04237 0.51338
v -2.09794 8.07059 0.44850
v -1.95021 8.13988 0.37520
v -1.94822 8.20659 0.40405
v -1.93228 8.23383 0.46955
v -1.91173 8.20564 0.53334
v -1.89860 8.13853 0.55806
v -1.90059 8.07182 0.52921
v -1.91653 8.04458 0.46371
v -1.93708 8.07277 0.39992
v -1.79359 8.16698 0.33458
v -1.80208 8.23186 0.36630
v -1.79410 8.25749 0.43387
v -1.77433 8.22886 0.49772
v -1.75434 8.16274 0.52043
v -1.74585 8.09787 0.48872
v -1.75383 8.07224 0.42114
v -1.77360 8.10087 0.35730
v -1.63327 8.21431 0.31044
v -1.65087 8.27647 0.34381
v -1.65292 8.29891 0.41294
v -1.63823 8.26850 0.47733
v -1.61540 8.20304 0.49926
v -1.59781 8.14088 0.46588
v -1.59576 8.11844 0.39675
v -1.61045 8.14886 0.33237
v -1.47153 8.27164 0.31071
v -1.49521 8.33166 0.34423
v -1.50754 8.35047 0.41337
v -1.50130 8.31704 0.47764
v -1.48014 8.25096 0.49939
v -1.45647 8.19094 0.46587
v -1.44414 8.17213 0.39672
v -1.45038 8.20556 0.33245
v -1.31089 8.32593 0.33740
v -1.33645 8.38542 0.37046
v -1.35738 8.40163 0.43818
v -1.36142 8.36505 0.50089
v -1.34620 8.29711 0.52185
v -1.32064 8.23761 0.48878
v -1.29970 8.22140 0.42106
v -1.29567 8.25799 0.35836
v -1.15378 8.36508 0.38577
v -1.17661 8.42543 0.41928
v -1.20276 8.44078 0.48537
v -1.21690 8.40215 0.54532
v -1.21075 8.33215 0.56401
v -1.18792 8.27180 0.53050
v -1.16178 8.25644 0.46441
v -1.14764 8.29508 0.40446
v -1.00198 8.38135 0.44588
v -1.01804 8.44258 0.48165
v -1.04498 8.45818 0.54736
v -1.06702 8.41901 0.60452
v -1.07125 8.34802 0.61964
v -1.05519 8.28679 0.58387
v -1.02826 8.27118 0.51816
v -1.00622 8.31035 0.46100
v -0.85780 8.37318 0.50508
v -0.86231 8.43359 0.54529
v -0.88365 8.44872 0.61313
v -0.90934 8.40971 0.66885
v -0.92431 8.33941 0.67982
v -0.91980 8.27900 0.63961
v -0.89845 8.26387 0.57177
v -0.87277 8.30288 0.51604
v -0.72114 8.33828 0.54506
v -0.71347 8.39561 0.58913
v -0.72407 8.40774 0.66003
v -0.74671 8.36756 0.71624
v -0.76815 8.29861 0.72483
v -0.77581 8.24128 0.68077
v -0.76522 8.22916 0.60986
v -0.74257 8.26934 0.55365
v -0.58698 8.29615 0.55941
v -0.57264 8.35142 0.60444
v -0.57253 8.36023 0.67661
v -0.58669 8.31743 0.73366
v -0.60685 8.24809 0.74216
v -0.62119 8.19283 0.69714
v -0.62130 8.18401 0.62496
v -0.60714 8.22681 0.56792
v -0.45025 8.26020 0.55370
v -0.43514 8.31540 0.59854
v -0.42764 8.32261 0.67051
v -0.43212 8.27760 0.72743
v -0.44598 8.20673 0.73597
v -0.46108 8.15153 0.69113
v -0.46859 8.14432 0.61917
v -0.46410 8.18934 0.56224
v -0.30833 8.23831 0.53540
v -0.29720 8.29427 0.58046
v -0.28693 8.30134 0.65210
v -0.28353 8.25538 0.70833
v -0.28900 8.18330 0.71623
v -0.30012 8.12734 0.67116
v -0.31039 8.12027 0.59953
v -0.31379 8.16623 0.54329
v -0.16017 8.23387 0.51437
v -0.15588 8.29012 0.56025
v -0.14763 8.29732 0.63213
v -0.14025 8.25126 0.68791
v -0.13805 8.17892 0.69490
v -0.14233 8.12267 0.64902
v -0.15059 8.11547 0.57714
v -0.15797 8.16153 0.52137
v -0.01319 8.24396 0.50098
v -0.00697 8.30022 0.54662
v 0.00334 8.30743 0.61823
v 0.01169 8.26137 0.67387
v 0.01319 8.18902 0.68094
v 0.00697 8.13277 0.63530
v -0.00334 8.12555 0.56369
v -0.01169 8.17161 0.50805
v 0.12762 8.23592 0.47299
v 0.13770 8.29214 0.51799
v 0.15323 8.29928 0.58866
v 0.16510 8.25317 0.64361
v 0.16637 8.18081 0.65065
v 0.15629 8.12459 0.60565
v 0.14076 8.11745 0.53498
v 0.12889 8.16356 0.48003
v 0.27079 8.24256 0.43846
v 0.27517 8.29857 0.48461
v 0.29045 8.30585 0.55533
v 0.30767 8.26012 0.60918
v 0.31674 8.18819 0.61462
v 0.31235 8.13218 0.56846
v 0.29707 8.12490 0.49775
v 0.27986 8.17062 0.44390
v 0.42008 8.26807 0.40658
v 0.41598 8.32261 0.45448
v 0.42637 8.32897 0.52617
v 0.44517 8.28342 0.57963
v 0.46135 8.21265 0.58357
v 0.46545 8.15810 0.53566
v 0.45506 8.15174 0.46398
v 0.43627 8.19729 0.41051
v 0.57622 8.31035 0.38887
v 0.56320 8.36240 0.43795
v 0.56493 8.36622 0.51054
v 0.58041 8.31957 0.56412
v 0.60056 8.24978 0.56731
v 0.61358 8.19774 0.51824
v 0.61184 8.19392 0.44565
v 0.59637 8.24057 0.39206
v 0.73883 8.35979 0.39496
v 0.71944 8.40993 0.44391
v 0.71044 8.41057 0.51606
v 0.71709 8.36132 0.56914
v 0.73550 8.29104 0.57206
v 0.75489 8.24090 0.52310
v 0.76389 8.24026 0.45096
v 0.75724 8.28951 0.39788
v 0.90448 8.39671 0.42885
v 0.88565 8.44730 0.47756
v 0.86774 8.44668 0.54803
v 0.86124 8.39521 0.59897
v 0.86995 8.32304 0.60055
v 0.88878 8.27245 0.55183
v 0.90669 8.27307 0.48137
v 0.91319 8.32454 0.43042
v 1.06425 8.39992 0.47663
v 1.05261 8.45114 0.52691
v 1.03240 8.45097 0.59675
v 1.01545 8.39951 0.64524
v 1.01170 8.32691 0.64398
v 1.02334 8.27569 0.59370
v 1.04355 8.27586 0.52386
v 1.06050 8.32732 0.47536
v 1.21505 8.37923 0.51824
v 1.21315 8.42919 0.57102
v 1.19683 8.42853 0.64188
v 1.17565 8.37763 0.68929
v 1.16202 8.30631 0.68548
v 1.16392 8.25635 0.63269
v 1.18025 8.25701 0.56184
v 1.20142 8.30791 0.51443
v 1.35932 8.34061 0.54454
v 1.36788 8.38765 0.59932
v 1.35916 8.38473 0.67144
v 1.33827 8.33354 0.71867
v 1.31745 8.26408 0.71333
v 1.30889 8.21704 0.65856
v 1.31760 8.21996 0.58643
v 1.33849 8.27115 0.53921
v 1.49787 8.29289 0.54974
v 1.51570 8.33655 0.60507
v 1.51681 8.32996 0.67748
v 1.50055 8.27697 0.72453
v 1.47644 8.20863 0.71868
v 1.45860 8.16496 0.66334
v 1.45749 8.17155 0.59094
v 1.47376 8.22454 0.54389
v 1.63244 8.24572 0.53230
v 1.65670 8.28708 0.58696
v 1.66808 8.27684 0.65804
v 1.65991 8.22101 0.70390
v 1.63698 8.15229 0.69768
v 1.61273 8.11094 0.64302
v 1.60135 8.12117 0.57193
v 1.60952 8.17700 0.52607
v 1.76553 8.20822 0.49462
v 1.79214 8.24906 0.54857
v 1.81234 8.23664 0.61731
v 1.81428 8.17823 0.66056
v 1.79684 8.10805 0.65301
v 1.77023 8.06720 0.59906
v 1.75004 8.07963 0.53032
v 1.74809 8.13804 0.48706
v 1.90010 8.18802 0.44250
v 1.92448 8.22949 0.49703
v 1.95029 8.21669 0.56378
v 1.96243 8.15711 0.60366
v 1.95377 8.08567 0.59331
v 1.92940 8.04420 0.53878
v 1.90358 8.05700 0.47203
v 1.89145 8.11658 0.43215
v 2.03892 8.19035 0.38460
v 2.05690 8.23199 0.44142
v 2.08401 8.21957 0.50774
v 2.10435 8.16035 0.54470
v 2.10603 8.08903 0.53065
v 2.08804 8.04739 0.47383
v 2.06094 8.05981 0.40751
v 2.04059 8.11903 0.37055
v 2.18381 8.21648 0.33154
v 2.19257 8.25660 0.39154
v 2.21643 8.24369 0.45900
v 2.24142 8.18529 0.49440
v 2.25288 8.11563 0.47700
v 2.24412 8.07551 0.41700
v 2.22026 8.08843 0.34954
v 2.19528 8.14682 0.31414
v 2.33532 8.26243 0.29399
v 2.33384 8.29937 0.35660
v 2.35063 8.28415 0.42568
v 2.37587 8.22568 0.46078
v 2.39477 8.15822 0.44132
v 2.39626 8.12128 0.37871
v 2.37946 8.13650 0.30963
v 2.35422 8.19496 0.27453
v 2.49285 8.31888 0.27982
v 2.48193 8.35225 0.34349
v 2.48915 8.33337 0.41334
v 2.51027 8.27330 0.44844
v 2.53292 8.20722 0.42824
v 2.54384 8.17386 0.36457
v 2.53662 8.19274 0.29472
v 2.51550 8.25281 0.25962
v 2.65477 8.37319 0.29159
v 2.63695 8.40413 0.35493
v 2.63376 8.38168 0.42402
v 2.64706 8.31900 0.45838
v 2.66907 8.25280 0.43789
v 2.68689 8.22186 0.37455
v 2.69008 8.24431 0.30546
v 2.67678 8.30699 0.27110
v 2.81859 8.41278 0.32539
v 2.79779 8.44312 0.38811
v 2.78530 8.41861 0.45542
v 2.78843 8.35363 0.48789
v 2.80535 8.28623 0.46649
v 2.82615 8.25590 0.40377
v 2.83865 8.28040 0.33646
v 2.83552 8.34538 0.30400
v 2.98118 8.42885 0.37176
v 2.96207 8.45968 0.43477
v 2.94329 8.43494 0.50051
v 2.93584 8.36910 0.53046
v 2.94408 8.30075 0.50708
v 2.96319 8.26991 0.44407
v 2.98197 8.29466 0.37833
v 2.98942 8.36050 0.34838
v 3.13950 8.41886 0.41846
v 3.12650 8.44969 0.48301
v 3.10580 8.42541 0.54835
v 3.08952 8.36024 0.57619
v 3.08721 8.29236 0.55024
v 3.10022 8.26153 0.48568
v 3.12092 8.28581 0.42035
v 3.13719 8.35098 0.39250
v 3.29152 8.38669 0.45398
v 3.28773 8.41578 0.52051
v 3.26980 8.39105 0.58649
v 3.24825 8.32698 0.61328
v 3.23569 8.26111 0.58518
v 3.23948 8.23202 0.51865
v 3.25740 8.25675 0.45266
v 3.27896 8.32082 0.42588
v 3.43667 8.34071 0.47025
v 3.44330 8.36643 0.53793
v 3.43213 8.33942 0.60451
v 3.40972 8.27552 0.63099
v 3.38918 8.21215 0.60184
v 3.38256 8.18644 0.53415
v 3.39372 8.21344 0.46757
v 3.41614 8.27734 0.44110
v 3.57567 8.29111 0.46373
v 3.59198 8.31313 0.53108
v 3.59017 8.28254 0.59702
v 3.57133 8.21727 0.62292
v 3.54647 8.15554 0.59361
v 3.53017 8.13353 0.52626
v 3.53197 8.16411 0.46032
v 3.55082 8.22939 0.43442
v 3.71023 8.24776 0.43537
v 3.73376 8.26728 0.50133
v 3.74222 8.23328 0.56504
v 3.73067 8.16567 0.58917
v 3.70586 8.10406 0.55959
v 3.68233 8.08454 0.49362
v 3.67386 8.11854 0.42991
v 3.68542 8.18615 0.40578
v 3.84280 8.21886 0.38978
v 3.86978 8.23772 0.45461
v 3.88756 8.20185 0.51531
v 3.88574 8.13226 0.53631
v 3.86537 8.06972 0.50531
v 3.83839 8.05086 0.44048
v 3.82061 8.08674 0.37979
v 3.82243 8.15632 0.35879
v 3.97641 8.21020 0.33447
v 4.00231 8.22946 0.39963
v 4.02666 8.19351 0.45795
v 4.03518 8.12341 0.47528
v 4.02289 8.06023 0.44147
v 3.99699 8.04097 0.37632
v 3.97265 8.07692 0.31799
v 3.96412 8.14702 0.30066
v 4.11403 8.22449 0.27900
v 4.13450 8.24360 0.34611
v 4.16129 8.20824 0.40371
v 4.17871 8.13912 0.41808
v 4.17656 8.07674 0.38079
v 4.15609 8.05763 0.31369
v 4.12930 8.09299 0.25608
v 4.11188 8.16211 0.24171
v 4.25779 8.26038 0.23383
v 4.26957 8.27758 0.30349
v 4.29421 8.24185 0.36181
v 4.31730 8.17410 0.37464
v 4.32530 8.11404 0.33446
v 4.31352 8.09683 0.26480
v 4.28888 8.13257 0.20647
v 4.26579 8.20032 0.19364
v 4.40849 8.31162 0.20825
v 4.41003 8.32532 0.27964
v 4.42844 8.28740 0.33889
v 4.45292 8.22007 0.35128
v 4.46913 8.16276 0.30957
v 4.46758 8.14906 0.23818
v 4.44918 8.18698 0.17893
v 4.42470 8.25432 0.16654
v 4.56560 8.36755 0.20775
v 4.55728 8.37750 0.27929
v 4.56653 8.33614 0.33837
v 4.58793 8.26770 0.35038
v 4.60895 8.21227 0.30829
v 4.61727 8.20231 0.23675
v 4.60802 8.24367 0.17766
v 4.58662 8.31211 0.16565
v 4.72755 8.41544 0.23189
v 4.71149 8.42290 0.30242
v 4.71030 8.37834 0.35986
v 4.72468 8.30788 0.37059
v 4.74620 8.25278 0.32830
v 4.76226 8.24533 0.25778
v 4.76344 8.28988 0.20033
v 4.74907 8.36034 0.18961
v 4.89182 8.44400 0.27403
v 4.87167 8.45078 0.34356
v 4.86068 8.40460 0.39864
v 4.86528 8.33252 0.40699
v 4.88277 8.27676 0.36373
v 4.90292 8.26998 0.29420
v 4.91391 8.31616 0.23912
v 4.90932 8.38824 0.23077
v 5.05525 8.44675 0.32289
v 5.03561 8.45386 0.39254
v 5.01740 8.40781 0.44578
v 5.01130 8.33557 0.45143
v 5.02087 8.27947 0.40618
v 5.04052 8.27236 0.33653
v 5.05872 8.31841 0.28329
v 5.06482 8.39065 0.27764
v 5.21465 8.42393 0.36591
v 5.20009 8.43077 0.43682
v 5.17880 8.38544 0.48954
v 5.16326 8.31451 0.49319
v 5.16256 8.25951 0.44563
v 5.17712 8.25267 0.37472
v 5.19841 8.29800 0.32200
v 5.21396 8.36893 0.31835
v 5.36775 8.38202 0.39268
v 5.36176 8.38684 0.46498
v 5.34209 8.34124 0.51810
v 5.32028 8.27194 0.52091
v 5.30909 8.21953 0.47177
v 5.31509 8.21471 0.39947
v 5.33475 8.26030 0.34636
v 5.35657 8.32960 0.34354
v 5.51377 8.33123 0.39729
v 5.51802 8.33250 0.46986
v 5.50419 8.28486 0.52301
v 5.48038 8.21621 0.52561
v 5.46053 8.16676 0.47613
v 5.45629 8.16549 0.40355
v 5.47012 8.21314 0.35040
v 5.49393 8.28179 0.34780
v 5.65332 8.28254 0.37881
v 5.66753 8.28009 0.45008
v 5.66250 8.22922 0.50179
v 5.64117 8.15973 0.50365
v 5.61603 8.11233 0.45458
v 5.60181 8.11479 0.38332
v 5.60685 8.16565 0.33161
v 5.62818 8.23514 0.32974
v 5.78804 8.24543 0.34066
v 5.81020 8.24054 0.40974
v 5.81532 8.18677 0.45841
v 5.80041 8.11560 0.45816
v 5.77419 8.06874 0.40914
v 5.75204 8.07362 0.34006
v 5.74692 8.12740 0.29139
v 5.76183 8.19856 0.29164
v 5.92038 8.22670 0.28942
v 5.94702 8.22116 0.35685
v 5.96185 8.16606 0.40191
v 5.95617 8.09367 0.39821
v 5.93332 8.04639 0.34792
v 5.90668 8.05193 0.28049
v 5.89186 8.10703 0.23543
v 5.89753 8.17942 0.23913
v 6.05334 8.22994 0.23376
v 6.08007 8.22470 0.30117
v 6.10230 8.16996 0.34356
v 6.10701 8.09779 0.33608
v 6.09143 8.05046 0.28313
v 6.06470 8.05570 0.21571
v 6.04247 8.11044 0.17333
v 6.03777 8.18261 0.18080
v 6.19001 8.25525 0.18345
v 6.21233 8.24965 0.25243
v 6.23814 8.19580 0.29391
v 6.25232 8.12524 0.28360
v 6.24656 8.07929 0.22754
v 6.22424 8.08489 0.15856
v 6.19843 8.13874 0.11708
v 6.18425 8.20930 0.12739
v 6.33276 8.29873 0.14815
v 6.34703 8.29106 0.21904
v 6.37183 8.23706 0.26094
v 6.39265 8.16838 0.24931
v 6.39728 8.12523 0.19097
v 6.38301 8.13290 0.12009
v 6.35820 8.18690 0.07819
v 6.33739 8.25559 0.08981
v 6.48261 8.35226 0.13532
v 6.48681 8.34105 0.20704
v 6.50628 8.28518 0.24930
v 6.52963 8.21737 0.23734
v 6.54317 8.17734 0.17817
v 6.53898 8.18855 0.10645
v 6.51951 8.24442 0.06419
v 6.49616 8.31223 0.07615
v 6.63919 8.40441 0.14782
v 6.63318 8.38958 0.21874
v 6.64404 8.33075 0.26007
v 6.66540 8.26238 0.24759
v 6.68475 8.22452 0.18861
v 6.69076 8.23934 0.11768
v 6.67990 8.29817 0.07636
v 6.65854 8.36654 0.08884
v 6.80092 8.44307 0.18237
v 6.78644 8.42594 0.25154
v 6.78696 8.36455 0.29049
v 6.80217 8.29486 0.27642
v 6.82317 8.25769 0.21757
v 6.83766 8.27481 0.14840
v 6.83714 8.33620 0.10945
v 6.82192 8.40590 0.12352
v 6.96533 8.45886 0.22995
v 6.94571 8.44117 0.29769
v 6.93605 8.37880 0.33379
v 6.94201 8.30828 0.31710
v 6.96009 8.27092 0.25740
v 6.97972 8.28861 0.18966
v 6.98938 8.35098 0.15356
v 6.98342 8.42150 0.17025
v 7.12928 8.44799 0.27807
v 7.10896 8.43060 0.34568
v 7.09127 8.36886 0.37977
v 7.08656 8.29895 0.36037
v 7.09759 8.26181 0.29884
v 7.11791 8.27921 0.23123
v 7.13560 8.34094 0.19714
v 7.14031 8.41086 0.21654
v 7.28950 8.41354 0.31442
v 7.27318 8.39574 0.38300
v 7.25128 8.33506 0.41655
v 7.23663 8.26705 0.39542
v 7.23782 8.23155 0.33197
v 7.25414 8.24935 0.26339
v 7.27604 8.31002 0.22984
v 7.29069 8.37803 0.25098
v 7.44355 8.36423 0.33027
v 7.43503 8.34434 0.39968
v 7.41358 8.28366 0.43351
v 7.39176 8.21774 0.41194
v 7.38235 8.18520 0.34760
v 7.39086 8.20509 0.27819
v 7.41231 8.26577 0.24436
v 7.43414 8.33169 0.26593
v 7.59042 8.31156 0.32225
v 7.59186 8.28821 0.39109
v 7.57524 8.22585 0.42459
v 7.55032 8.16101 0.40312
v 7.53168 8.13167 0.33925
v 7.53025 8.15502 0.27041
v 7.54686 8.21738 0.23691
v 7.57179 8.28222 0.25839
v 7.73063 8.26660 0.29222
v 7.74221 8.23981 0.35881
v 7.73374 8.17480 0.39027
v 7.71019 8.10967 0.36817
v 7.68534 8.08255 0.30545
v 7.67376 8.10934 0.23885
v 7.68223 8.17434 0.20739
v 7.70578 8.23948 0.22950
v 7.86575 8.23785 0.24594
v 7.88589 8.20897 0.30956
v 7.88735 8.14180 0.33736
v 7.86928 8.07569 0.31307
v 7.84226 8.04937 0.25091
v 7.82212 8.07826 0.18729
v 7.82066 8.14543 0.15949
v 7.83873 8.21153 0.18378
v 7.99814 8.23028 0.19158
v 8.02373 8.20098 0.25300
v 8.03516 8.13322 0.27677
v 8.02574 8.06670 0.24896
v 8.00099 8.04039 0.18586
v 7.97540 8.06970 0.12443
v 7.96397 8.13746 0.10066
v 7.97339 8.20397 0.12848
v 8.13076 8.24511 0.13837
v 8.15760 8.21613 0.19942
v 8.17719 8.14930 0.22032
v 8.17805 8.08377 0.18883
v 8.15968 8.05792 0.12340
v 8.13284 8.08690 0.06235
v 8.11325 8.15373 0.04145
v 8.11239 8.21926 0.07294
v 8.26671 8.27986 0.09566
v 8.29023 8.25046 0.15786
v 8.31449 8.18488 0.17779
v 8.32528 8.12153 0.14377
v 8.31628 8.09753 0.07573
v 8.29277 8.12692 0.01353
v 8.26851 8.19251 -0.00640
v 8.25772 8.25585 0.02762
v 8.40856 8.32840 0.07166
v 8.42478 8.29692 0.13517
v 8.44921 8.23149 0.15536
v 8.46754 8.17042 0.12041
v 8.46904 8.14949 0.05080
v 8.45282 8.18096 -0.01271
v 8.42839 8.24640 -0.03291
v 8.41006 8.30747 0.00204
v 8.55755 8.38116 0.07161
v 8.56396 8.34637 0.13513
v 8.58405 8.27947 0.15531
v 8.60604 8.21965 0.12033
v 8.61706 8.20194 0.05067
v 8.61065 8.23673 -0.01285
v 8.59056 8.30363 -0.03303
v 8.56856 8.36346 0.00195
v 8.71342 8.42659 0.09569
v 8.70942 8.38860 0.15756
v 8.72154 8.31940 0.17628
v 8.74268 8.25951 0.14088
v 8.76045 8.24402 0.07210
v 8.76445 8.28200 0.01023
v 8.75233 8.35121 -0.00849
v 8.73119 8.41109 0.02691
v 8.87468 8.45381 0.13805
v 8.86157 8.41400 0.19747
v 8.86358 8.34307 0.21330
v 8.87953 8.28256 0.17629
v 8.90008 8.26791 0.10809
v 8.91319 8.30772 0.04868
v 8.91118 8.37865 0.03284
v 8.89523 8.43917 0.06986
v 9.03891 8.45585 0.18782
v 9.01968 8.41581 0.24539
v 9.01127 8.34472 0.25807
v 9.01860 8.28420 0.21844
v 9.03738 8.26971 0.14971
v 9.05661 8.30974 0.09214
v 9.06503 8.38084 0.07945
v 9.05770 8.44136 0.11908
v 9.20304 8.43187 0.23195
v 9.18194 8.39225 0.28914
v 9.16479 8.32239 0.29978
v 9.16163 8.26323 0.25763
v 9.17431 8.24942 0.18738
v 9.19541 8.28905 0.13018
v 9.21256 8.35890 0.11955
v 9.21572 8.41806 0.16170
v 9.36382 8.38766 0.25902
v 9.34557 8.34763 0.31690
v 9.32315 8.27922 0.32710
v 9.30970 8.22250 0.28363
v 9.31310 8.21071 0.21197
v 9.33135 8.25074 0.15408
v 9.35377 8.31915 0.14388
v 9.36722 8.37587 0.18735
v 9.51868 8.33379 0.26240
v 9.50738 8.29174 0.32064
v 9.48423 8.22362 0.33115
v 9.46279 8.16934 0.28779
v 9.45562 8.16068 0.21595
v 9.46692 8.20273 0.15772
v 9.49008 8.27085 0.14721
v 9.51152 8.32514 0.19057
v 9.66644 8.28234 0.24155
v 9.66467 8.23717 0.29849
v 9.64531 8.16780 0.30851
v 9.61969 8.11488 0.26573
v 9.60283 8.10941 0.19521
v 9.60459 8.15459 0.13827
v 9.62396 8.22395 0.12825
v 9.64958 8.27687 0.17103
v 9.80744 8.24381 0.20104
v 9.81589 8.19574 0.25494
v 9.80393 8.12443 0.26258
v 9.77857 8.07165 0.21949
v 9.75466 8.06831 0.15091
v 9.74621 8.11637 0.09700
v 9.75817 8.18768 0.08936
v 9.78353 8.24047 0.13245
v 9.94318 8.22514 0.14874
v 9.96071 8.17559 0.19898
v 9.95835 8.10301 0.20263
v 9.93749 8.04991 0.15754
v 9.91035 8.04741 0.09013
v 9.89283 8.09695 0.03989
v 9.89518 8.16953 0.03624
v 9.91604 8.22263 0.08133
v 10.07592 8.22912 0.09390
v 10.09980 8.17960 0.14148
v 10.10757 8.10731 0.14090
v 10.09468 8.05460 0.09250
v 10.06869 8.05235 0.02463
v 10.04481 8.10188 -0.02295
v 10.03704 8.17417 -0.02237
v 10.04993 8.22687 0.02603
v 10.20849 8.25456 0.04578
v 10.23475 8.20556 0.09264
v 10.25133 8.13485 0.08918
v 10.24851 8.08385 0.03743
v 10.22795 8.08244 -0.03230
v 10.20169 8.13145 -0.07916
v 10.18511 8.20216 -0.07570
v 10.18793 8.25315 -0.02395
v 10.34397 8.29665 0.01264
v 10.36804 8.24728 0.06029
v 10.39032 8.17821 0.05592
v 10.39776 8.12989 0.00209
v 10.38601 8.13064 -0.06965
v 10.36194 8.18001 -0.11730
v 10.33966 8.24908 -0.11293
v 10.33222 8.29740 -0.05911
v 10.48502 8.34745 0.00074
v 10.50265 8.29615 0.04917
v 10.52628 8.22751 0.04505
v 10.54208 8.18174 -0.00918
v 10.54079 8.18564 -0.08178
v 10.52317 8.23694 -0.13020
v 10.49953 8.30558 -0.12609
v 10.48373 8.35135 -0.07185
v 10.63329 8.39658 0.01285
v 10.64125 8.34231 0.06057
v 10.66137 8.27257 0.05625
v 10.68187 8.22823 0.00240
v 10.69075 8.23524 -0.06942
v 10.68279 8.28952 -0.11715
v 10.66267 8.35925 -0.11282
v 10.64216 8.40360 -0.05898
v 10.79192 8.43209 0.04813
v 10.78692 8.37492 0.09278
v 10.79670 8.30321 0.08578
v 10.81553 8.25897 0.03124
v 10.83239 8.26811 -0.03890
v 10.83739 8.32528 -0.08354
v 10.82761 8.39699 -0.07654
v 10.80877 8.44123 -0.02200
v 10.95708 8.43138 0.09614
v 10.94224 8.37373 0.13789
v 10.93946 8.30186 0.12720
v 10.95036 8.25788 0.07033
v 10.96857 8.26755 0.00061
v 10.98341 8.32520 -0.04114
v 10.98619 8.39707 -0.03045
v 10.97528 8.44105 0.02641
v 11.12040 8.40755 0.13020
v 11.10368 8.35024 0.17170
v 11.09235 8.27946 0.15947
v 11.09306 8.23668 0.10068
v 11.10538 8.24696 0.02977
v 11.12211 8.30427 -0.01174
v 11.13344 8.37505 0.00049
v 11.13273 8.41783 0.05928
v 11.27861 8.37265 0.14294
v 11.26511 8.31487 0.18496
v 11.24979 8.24485 0.17272
v 11.24163 8.20362 0.11339
v 11.24541 8.21532 0.04173
v 11.25892 8.27310 -0.00029
v 11.27423 8.34312 0.01195
v 11.28239 8.38435 0.07128
v 11.42972 8.33952 0.13524
v 11.42285 8.28047 0.17709
v 11.40854 8.21022 0.16494
v 11.39518 8.16994 0.10591
v 11.39059 8.18321 0.03457
v 11.39746 8.24227 -0.00729
v 11.41177 8.31252 0.00486
v 11.42513 8.35280 0.06390
v 11.57415 8.31735 0.11392
v 11.57475 8.25714 0.15468
v 11.56529 8.18622 0.14177
v 11.55132 8.14612 0.08275
v 11.54102 8.16034 0.01219
v 11.54042 8.22054 -0.02857
v 11.54988 8.29147 -0.01566
v 11.56385 8.33157 0.04336
v 11.71427 8.30981 0.08800
v 11.72065 8.24920 0.12766
v 11.71771 8.17794 0.11349
v 11.70718 8.13778 0.05379
v 11.69523 8.15225 -0.01645
v 11.68885 8.21286 -0.05610
v 11.69178 8.28411 -0.04193
v 11.70231 8.32427 0.01776
v 11.85353 8.31532 0.06591
v 11.86219 8.25478 0.10523
v 11.86494 8.18368 0.09024
v 11.86017 8.14369 0.02970
v 11.85068 8.15822 -0.04090
v 11.84203 8.21876 -0.08023
v 11.83928 8.28985 -0.06523
v 11.84404 8.32985 -0.00470
v 11.99476 8.32866 0.05301
v 11.99234 8.26797 0.09297
v 11.99441 8.19675 0.07847
v 11.99976 8.15672 0.01801
v 12.00524 8.17134 -0.05301
v 12.00766 8.23203 -0.09297
v 12.00559 8.30325 -0.07847
v 12.00024 8.34328 -0.01801
v 12.87931 8.32866 0.14796
v 12.87504 8.26796 0.18775
v 12.87660 8.19673 0.17321
v 12.88308 8.15671 0.11286
v 12.89069 8.17134 0.04204
v 12.89496 8.23204 0.00225
v 12.89340 8.30327 0.01679
v 12.88692 8.34329 0.07714
v -12.88500 8.15500 -0.09500
v -12.87783 8.18282 -0.16179
v -12.87486 8.25000 -0.18946
v -12.87783 8.31718 -0.16179
v -12.88500 8.34500 -0.09500
v -12.89217 8.31718 -0.02821
v -12.89514 8.25000 -0.00054
v -12.89217 8.18282 -0.02821
v -11.99884 8.15501 0.00012
v -11.99215 8.18283 -0.06672
v -11.99006 8.25000 -0.09448
v -11.99379 8.31717 -0.06689
v -12.00116 8.34499 -0.00012
v -12.00785 8.31717 0.06672
v -12.00994 8.25000 0.09448
v -12.00621 8.18283 0.06689
v -11.84680 8.16785 0.01435
v -11.83993 8.19565 -0.05248
v -11.84022 8.26272 -0.08055
v -11.84751 8.32978 -0.05341
v -11.85753 8.35755 0.01304
v -11.86441 8.32975 0.07987
v -11.86411 8.26267 0.10794
v -11.85682 8.19562 0.08080
v -11.70647 8.17197 0.03689
v -11.69470 8.19997 -0.02918
v -11.68886 8.26721 -0.05622
v -11.69238 8.33430 -0.02841
v -11.70319 8.36194 0.03796
v -11.71496 8.33393 0.10403
v -11.72080 8.26669 0.13107
v -11.71728 8.19961 0.10326
v -11.56802 8.16292 0.06199
v -11.55455 8.19077 -0.00381
v -11.54288 8.25761 -0.02995
v -11.53985 8.32429 -0.00111
v -11.54723 8.35174 0.06582
v -11.56070 8.32390 0.13162
v -11.57237 8.25706 0.15775
v -11.57540 8.19038 0.12891
v -11.42764 8.14024 0.08113
v -11.41689 8.16831 0.01492
v -11.40216 8.23461 -0.01104
v -11.39208 8.30030 0.01846
v -11.39255 8.32690 0.08613
v -11.40330 8.29883 0.15233
v -11.41802 8.23252 0.17829
v -11.42811 8.16683 0.14880
v -11.28180 8.10824 0.08566
v -11.27793 8.13760 0.01925
v -11.26461 8.20415 -0.00684
v -11.24965 8.26890 0.02266
v -11.24180 8.29392 0.09048
v -11.24567 8.26456 0.15689
v -11.25899 8.19801 0.18298
v -11.27396 8.13326 0.15348
v -11.12862 8.07618 0.06970
v -11.13406 8.10749 0.00430
v -11.12689 8.17528 -0.02099
v -11.11132 8.23983 0.00862
v -11.09645 8.26333 0.07581
v -11.09101 8.23202 0.14120
v -11.09818 8.16423 0.16650
v -11.11376 8.09968 0.13688
v -10.96838 8.05658 0.03360
v -10.98303 8.08923 -0.02969
v -10.98557 8.15820 -0.05258
v -10.97453 8.22308 -0.02166
v -10.95636 8.24586 0.04495
v -10.94172 8.21320 0.10824
v -10.93917 8.14423 0.13113
v -10.95022 8.07936 0.10021
v -10.80106 8.06139 -0.01418
v -10.82068 8.09383 -0.07622
v -10.83504 8.16227 -0.09615
v -10.83574 8.22660 -0.06229
v -10.82236 8.24916 0.00553
v -10.80275 8.21672 0.06757
v -10.78838 8.14828 0.08750
v -10.78768 8.08394 0.05364
v -10.63628 8.10225 -0.04574
v -10.65371 8.13465 -0.10846
v -10.67584 8.20123 -0.12752
v -10.68972 8.26300 -0.09175
v -10.68720 8.28377 -0.02212
v -10.66978 8.25137 0.04060
v -10.64764 8.18478 0.05966
v -10.63377 8.12302 0.02389
v -10.48155 8.15503 -0.05321
v -10.49158 8.18951 -0.11643
v -10.51408 8.25589 -0.13579
v -10.53586 8.31528 -0.09995
v -10.54416 8.33290 -0.02990
v -10.53413 8.29842 0.03333
v -10.51163 8.23204 0.05269
v -10.48985 8.17265 0.01684
v -10.33429 8.20714 -0.03646
v -10.33459 8.24490 -0.09859
v -10.35281 8.31272 -0.11745
v -10.37827 8.37086 -0.08199
v -10.39606 8.38528 -0.01298
v -10.39576 8.34751 0.04915
v -10.37755 8.27970 0.06802
v -10.35209 8.22155 0.03255
v -10.19375 8.24794 0.00082
v -10.18386 8.28879 -0.05851
v -10.19432 8.35882 -0.07504
v -10.21900 8.41700 -0.03909
v -10.24346 8.42925 0.02828
v -10.25335 8.38840 0.08760
v -10.24290 8.31837 0.10413
v -10.21821 8.26019 0.06819
v -10.05837 8.26994 0.05141
v -10.03964 8.31249 -0.00449
v -10.04033 8.38410 -0.01709
v -10.06005 8.44282 0.02099
v -10.08724 8.45424 0.08745
v -10.10598 8.41169 0.14335
v -10.10529 8.34008 0.15595
v -10.08557 8.28137 0.11786
v -9.92583 8.26963 0.10638
v -9.90115 8.31231 0.05294
v -9.89178 8.38392 0.04452
v -9.90320 8.44251 0.08604
v -9.92872 8.45375 0.15319
v -9.95340 8.41106 0.20663
v -9.96278 8.33945 0.21505
v -9.95136 8.28087 0.17352
v -9.79324 8.24742 0.15641
v -9.76670 8.28967 0.10353
v -9.74881 8.35993 0.09796
v -9.75004 8.41702 0.14297
v -9.76968 8.42751 0.21218
v -9.79622 8.38525 0.26507
v -9.81411 8.31500 0.27064
v -9.81288 8.25791 0.22563
v -9.65750 8.20737 0.19282
v -9.63369 8.25006 0.13900
v -9.61056 8.31884 0.13433
v -9.60167 8.37341 0.18155
v -9.61222 8.38181 0.25300
v -9.63603 8.33911 0.30682
v -9.65915 8.27034 0.31149
v -9.66805 8.21577 0.26427
v -9.51600 8.15693 0.20863
v -9.49905 8.20165 0.15387
v -9.47512 8.27013 0.14895
v -9.45823 8.32226 0.19674
v -9.45828 8.32749 0.26927
v -9.47523 8.28276 0.32403
v -9.49916 8.21428 0.32895
v -9.51605 8.16216 0.28115
v -9.36741 8.10630 0.20027
v -9.36006 8.15411 0.14598
v -9.33992 8.22381 0.14123
v -9.31878 8.27458 0.18880
v -9.30902 8.27667 0.26082
v -9.31637 8.22886 0.31511
v -9.33652 8.15916 0.31986
v -9.35766 8.10839 0.27229
v -9.21191 8.06686 0.16939
v -9.21504 8.11744 0.11724
v -9.20247 8.18899 0.11420
v -9.18158 8.23960 0.16204
v -9.16459 8.23963 0.23274
v -9.16146 8.18905 0.28488
v -9.17403 8.11750 0.28792
v -9.19492 8.06689 0.24008
v -9.05098 8.04831 0.12339
v -9.06352 8.10023 0.07407
v -9.06089 8.17289 0.07410
v -9.04464 8.22373 0.12348
v -9.02429 8.22296 0.19328
v -9.01175 8.17104 0.24261
v -9.01437 8.09837 0.24257
v -9.03062 8.04754 0.19319
v -8.88699 8.05577 0.07408
v -8.90614 8.10757 0.02679
v -8.91401 8.17978 0.03002
v -8.90600 8.23010 0.08189
v -8.88679 8.22905 0.15201
v -8.86764 8.17726 0.19930
v -8.85976 8.10505 0.19607
v -8.86778 8.05472 0.14420
v -8.72295 8.08798 0.03447
v -8.74458 8.13923 -0.01236
v -8.76152 8.20975 -0.00719
v -8.76384 8.25823 0.04695
v -8.75019 8.25628 0.11834
v -8.72855 8.20503 0.16516
v -8.71161 8.13451 0.15999
v -8.70929 8.08603 0.10586
v -8.56206 8.13743 0.01500
v -8.58147 8.18906 -0.03237
v -8.60420 8.25791 -0.02693
v -8.61694 8.30365 0.02814
v -8.61222 8.29948 0.10057
v -8.59281 8.24785 0.14795
v -8.57007 8.17900 0.14250
v -8.55734 8.13326 0.08743
v -8.40691 8.19259 0.02059
v -8.41987 8.24615 -0.02684
v -8.44396 8.31457 -0.02180
v -8.46508 8.35776 0.03274
v -8.47084 8.35043 0.10485
v -8.45788 8.29686 0.15228
v -8.43378 8.22845 0.14725
v -8.41267 8.18526 0.09270
v -8.25875 8.24135 0.04987
v -8.26245 8.29776 0.00414
v -8.28334 8.36718 0.00971
v -8.30918 8.40895 0.06332
v -8.32484 8.39860 0.13357
v -8.32114 8.34219 0.17930
v -8.30025 8.27277 0.17373
v -8.27441 8.23100 0.12012
v -8.11732 8.27405 0.09650
v -8.11081 8.33285 0.05423
v -8.12473 8.40376 0.06230
v -8.15092 8.44524 0.11597
v -8.17403 8.43299 0.18381
v -8.18054 8.37418 0.22608
v -8.16663 8.30327 0.21801
v -8.14044 8.26180 0.16434
v -7.98118 8.28510 0.15145
v -7.96536 8.34485 0.11316
v -7.96988 8.41639 0.12530
v -7.99210 8.45783 0.18076
v -8.01900 8.44487 0.24706
v -8.03482 8.38513 0.28536
v -8.03029 8.31358 0.27322
v -8.00807 8.27215 0.21775
v -7.84812 8.27331 0.20505
v -7.82550 8.33262 0.16960
v -7.81986 8.40325 0.18593
v -7.83449 8.44382 0.24446
v -7.86084 8.43056 0.31092
v -7.88346 8.37125 0.34637
v -7.88910 8.30062 0.33005
v -7.87446 8.26005 0.27151
v -7.71540 8.24148 0.24838
v -7.68980 8.30008 0.21377
v -7.67504 8.36868 0.23283
v -7.67978 8.40709 0.29439
v -7.70122 8.39282 0.36238
v -7.72682 8.33421 0.39698
v -7.74157 8.26561 0.37792
v -7.73684 8.22720 0.31637
v -7.58000 8.19577 0.27418
v -7.55598 8.25468 0.23897
v -7.53499 8.32141 0.25878
v -7.52933 8.35689 0.32199
v -7.54232 8.34032 0.39159
v -7.56634 8.28141 0.42679
v -7.58732 8.21467 0.40699
v -7.59298 8.17919 0.34377
v -7.43925 8.14505 0.27771
v -7.42117 8.20577 0.24203
v -7.39820 8.27195 0.26151
v -7.38379 8.30482 0.32474
v -7.38638 8.28512 0.39469
v -7.40445 8.22440 0.43037
v -7.42742 8.15823 0.41089
v -7.44183 8.12536 0.34765
v -7.29162 8.09998 0.25803
v -7.28267 8.16328 0.22338
v -7.26239 8.23026 0.24309
v -7.24265 8.26170 0.30561
v -7.23501 8.23917 0.37432
v -7.24395 8.17588 0.40897
v -7.26424 8.10889 0.38926
v -7.28398 8.07746 0.32674
v -7.13712 8.07109 0.21929
v -7.13866 8.13637 0.18732
v -7.12515 8.20450 0.20885
v -7.10449 8.23555 0.27126
v -7.08878 8.21135 0.33800
v -7.08724 8.14606 0.36997
v -7.10075 8.07794 0.34845
v -7.12142 8.04689 0.28604
v -6.97709 8.06599 0.17077
v -6.98851 8.13178 0.14199
v -6.98452 8.20007 0.16662
v -6.96745 8.23087 0.23024
v -6.94730 8.20612 0.29557
v -6.93588 8.14034 0.32435
v -6.93987 8.07204 0.29972
v -6.95695 8.04125 0.23611
v -6.81380 8.08693 0.12498
v -6.83268 8.15194 0.09843
v -6.83921 8.21885 0.12612
v -6.82957 8.24847 0.19182
v -6.80941 8.22345 0.25704
v -6.79053 8.15845 0.28359
v -6.78400 8.09153 0.25590
v -6.79364 8.06191 0.19020
v -6.65009 8.12968 0.09428
v -6.67257 8.19378 0.06834
v -6.68868 8.25832 0.09768
v -6.68898 8.28551 0.16511
v -6.67331 8.25941 0.23114
v -6.65083 8.19531 0.25708
v -6.63472 8.13077 0.22774
v -6.63442 8.10358 0.16031
v -6.48902 8.18449 0.08726
v -6.51046 8.24879 0.06095
v -6.53330 8.31130 0.09024
v -6.54416 8.33539 0.15798
v -6.53668 8.30696 0.22448
v -6.51524 8.24266 0.25079
v -6.49240 8.18015 0.22149
v -6.48154 8.15606 0.15376
v -6.33322 8.23890 0.10619
v -6.34920 8.30487 0.08013
v -6.37456 8.36671 0.10876
v -6.39444 8.38819 0.17532
v -6.39720 8.35672 0.24082
v -6.38122 8.29075 0.26688
v -6.35586 8.22892 0.23824
v -6.33598 8.20744 0.17168
v -6.18412 8.28134 0.14690
v -6.19142 8.34960 0.12294
v -6.21468 8.41207 0.15198
v -6.24029 8.43215 0.21700
v -6.25323 8.39808 0.27992
v -6.24593 8.32982 0.30388
v -6.22266 8.26735 0.27484
v -6.19706 8.24727 0.20982
v -6.04163 8.30382 0.20077
v -6.03881 8.37364 0.18067
v -6.05597 8.43692 0.21211
v -6.08303 8.45659 0.27666
v -6.10416 8.42113 0.33652
v -6.10697 8.35131 0.35662
v -6.08982 8.28803 0.32518
v -6.06275 8.26836 0.26063
v -5.90448 8.30309 0.25745
v -5.89198 8.37294 0.24160
v -5.90021 8.43595 0.27694
v -5.92434 8.45520 0.34277
v -5.95025 8.41942 0.40053
v -5.96275 8.34957 0.41637
v -5.95452 8.28656 0.38103
v -5.93038 8.26731 0.31520
v -5.77062 8.28044 0.30707
v -5.75054 8.34914 0.29424
v -5.74861 8.41032 0.33348
v -5.76596 8.42815 0.40181
v -5.79243 8.39218 0.45919
v -5.81251 8.32348 0.47201
v -5.81444 8.26230 0.43277
v -5.79709 8.24447 0.36445
v -5.63750 8.24088 0.34167
v -5.61337 8.30845 0.32986
v -5.60184 8.36694 0.37148
v -5.60968 8.38210 0.44216
v -5.63228 8.34504 0.50049
v -5.65641 8.27748 0.51231
v -5.66794 8.21898 0.47068
v -5.66011 8.20383 0.40000
v -5.50224 8.19220 0.35589
v -5.47851 8.25985 0.34372
v -5.45984 8.31613 0.38579
v -5.45715 8.32808 0.45746
v -5.47203 8.28870 0.51674
v -5.49576 8.22106 0.52891
v -5.51443 8.16477 0.48684
v -5.51712 8.15282 0.41517
v -5.36215 8.14410 0.34749
v -5.34338 8.21325 0.33518
v -5.32155 8.26878 0.37675
v -5.30946 8.27814 0.44783
v -5.31419 8.23586 0.50679
v -5.33296 8.16670 0.51910
v -5.35479 8.11118 0.47753
v -5.36688 8.10182 0.40645
v -5.21556 8.10700 0.31819
v -5.20531 8.17816 0.30728
v -5.18502 8.23416 0.34897
v -5.16658 8.24222 0.41884
v -5.16079 8.19760 0.47596
v -5.17104 8.12645 0.48687
v -5.19133 8.07044 0.44518
v -5.20977 8.06239 0.37531
v -5.06226 8.09006 0.27438
v -5.06237 8.16233 0.26641
v -5.04794 8.21886 0.30980
v -5.02742 8.22654 0.37913
v -5.01283 8.18086 0.43379
v -5.01272 8.10859 0.44176
v -5.02715 8.05206 0.39837
v -5.04767 8.04438 0.32904
v -4.90341 8.09849 0.22666
v -4.91374 8.17032 0.22198
v -4.90829 8.22616 0.26822
v -4.89025 8.23332 0.33829
v -4.87020 8.18760 0.39115
v -4.85987 8.11578 0.39583
v -4.86532 8.05993 0.34959
v -4.88336 8.05277 0.27952
v -4.74112 8.13161 0.18755
v -4.75964 8.20188 0.18508
v -4.76462 8.25549 0.23395
v -4.75312 8.26103 0.30554
v -4.73190 8.21526 0.35790
v -4.71337 8.14499 0.36036
v -4.70840 8.09139 0.31149
v -4.71989 8.08584 0.23991
v -4.57802 8.18246 0.16809
v -4.60120 8.25135 0.16620
v -4.61613 8.30197 0.21621
v -4.61406 8.30466 0.28884
v -4.59621 8.25785 0.34154
v -4.57303 8.18896 0.34344
v -4.55811 8.13834 0.29342
v -4.56017 8.13565 0.22079
v -4.41699 8.23952 0.17449
v -4.44032 8.30835 0.17230
v -4.46281 8.35661 0.22182
v -4.47129 8.35603 0.29403
v -4.46079 8.30695 0.34664
v -4.43746 8.23812 0.34883
v -4.41497 8.18986 0.29931
v -4.40649 8.19044 0.22710
v -4.26062 8.29001 0.20624
v -4.27955 8.36019 0.20447
v -4.30568 8.40763 0.25299
v -4.32371 8.40453 0.32336
v -4.32308 8.35272 0.37436
v -4.30415 8.28253 0.37613
v -4.27802 8.23510 0.32761
v -4.25998 8.23820 0.25724
v -4.11049 8.32349 0.25658
v -4.12143 8.39537 0.25712
v -4.14662 8.44317 0.30577
v -4.17131 8.43890 0.37402
v -4.18103 8.38506 0.42191
v -4.17009 8.31318 0.42137
v -4.14489 8.26537 0.37272
v -4.12021 8.26964 0.30446
v -3.96676 8.33417 0.31508
v -3.96779 8.40674 0.31959
v -3.98779 8.45482 0.37033
v -4.01505 8.45026 0.43758
v -4.03359 8.39572 0.48195
v -4.03256 8.32316 0.47745
v -4.01255 8.27507 0.42671
v -3.98530 8.27964 0.35945
v -3.82836 8.32147 0.37066
v -3.81943 8.39310 0.37940
v -3.83107 8.44013 0.43361
v -3.85647 8.43502 0.50155
v -3.88074 8.38075 0.54341
v -3.88968 8.30912 0.53468
v -3.87803 8.26209 0.48047
v -3.85264 8.26720 0.41253
v -3.69346 8.28915 0.41391
v -3.67624 8.35882 0.42557
v -3.67784 8.40324 0.48311
v -3.69731 8.39639 0.55283
v -3.72326 8.34227 0.59388
v -3.74047 8.27260 0.58222
v -3.73888 8.22818 0.52468
v -3.71940 8.23503 0.45496
v -3.55970 8.24414 0.43828
v -3.53740 8.31218 0.45093
v -3.52903 8.35334 0.51027
v -3.53948 8.34352 0.58155
v -3.56264 8.28846 0.62301
v -3.58494 8.22042 0.61036
v -3.59331 8.17925 0.55102
v -3.58286 8.18908 0.47974
v -3.42439 8.19532 0.44061
v -3.40132 8.26315 0.45303
v -3.38497 8.30184 0.51238
v -3.38491 8.28873 0.58390
v -3.40118 8.23150 0.62569
v -3.42424 8.16367 0.61327
v -3.44060 8.12498 0.55393
v -3.44065 8.13809 0.48241
v -3.28491 8.15255 0.42129
v -3.26572 8.22156 0.43379
v -3.24509 8.25939 0.49236
v -3.23510 8.24387 0.56269
v -3.24159 8.18411 0.60358
v -3.26078 8.11509 0.59108
v -3.28141 8.07727 0.53252
v -3.29141 8.09278 0.46219
v -3.13943 8.12538 0.38456
v -3.12804 8.19580 0.39862
v -3.10776 8.23392 0.45712
v -3.09048 8.21741 0.52579
v -3.08631 8.15594 0.56440
v -3.09770 8.08552 0.55034
v -3.11797 8.04740 0.49184
v -3.13526 8.06391 0.42317
v -2.98751 8.12109 0.33867
v -2.98622 8.19177 0.35567
v -2.97081 8.22996 0.41559
v -2.95030 8.21330 0.48332
v -2.93671 8.15153 0.51920
v -2.93800 8.08085 0.50220
v -2.95341 8.04265 0.44228
v -2.97392 8.05932 0.37454
v -2.83010 8.14231 0.29494
v -2.83923 8.21159 0.31503
v -2.83214 8.24842 0.37731
v -2.81298 8.23123 0.44532
v -2.79297 8.17009 0.47920
v -2.78383 8.10081 0.45911
v -2.79092 8.06398 0.39682
v -2.81009 8.08116 0.32882
v -2.66907 8.18555 0.26525
v -2.68704 8.25248 0.28725
v -2.69014 8.28638 0.35150
v -2.67656 8.26739 0.42036
v -2.65424 8.20664 0.45350
v -2.63628 8.13971 0.43150
v -2.63317 8.10581 0.36725
v -2.64676 8.12479 0.29839
v -2.50682 8.24153 0.25869
v -2.53043 8.30657 0.28103
v -2.54373 8.33700 0.34572
v -2.53895 8.31499 0.41485
v -2.51887 8.25344 0.44794
v -2.49527 8.18839 0.42560
v -2.48196 8.15797 0.36091
v -2.48675 8.17997 0.29178
v -2.34601 8.29756 0.27873
v -2.37094 8.36223 0.30071
v -2.39253 8.39010 0.36430
v -2.39814 8.36484 0.43225
v -2.38449 8.30126 0.46476
v -2.35956 8.23659 0.44278
v -2.33797 8.20872 0.37919
v -2.33235 8.23397 0.31124
v -2.18913 8.34116 0.32202
v -2.21077 8.40685 0.34447
v -2.23708 8.43384 0.40665
v -2.25264 8.40633 0.47213
v -2.24835 8.34044 0.50256
v -2.22671 8.27475 0.48011
v -2.20041 8.24776 0.41793
v -2.18484 8.27526 0.35245
v -2.03790 8.36356 0.37958
v -2.05234 8.43038 0.40434
v -2.07887 8.45763 0.46632
v -2.10194 8.42934 0.52920
v -2.10805 8.36209 0.55615
v -2.09361 8.29527 0.53139
v -2.06709 8.26802 0.46942
v -2.04401 8.29631 0.40654
v -1.89275 8.36157 0.43975
v -1.89760 8.42825 0.46832
v -1.91993 8.45542 0.53196
v -1.94666 8.42716 0.59339
v -1.96214 8.36002 0.61662
v -1.95729 8.29334 0.58805
v -1.93496 8.26617 0.52441
v -1.90823 8.29443 0.46298
v -1.75289 8.33735 0.49140
v -1.74759 8.40220 0.52387
v -1.76221 8.42776 0.59035
v -1.78818 8.39906 0.65190
v -1.81029 8.33292 0.67247
v -1.81559 8.26808 0.64001
v -1.80097 8.24252 0.57353
v -1.77500 8.27121 0.51197
v -1.61670 8.29705 0.52617
v -1.60250 8.35918 0.56118
v -1.60730 8.38155 0.63019
v -1.62827 8.35107 0.69278
v -1.65314 8.28559 0.71229
v -1.66734 8.22347 0.67727
v -1.66255 8.20109 0.60826
v -1.64157 8.23157 0.54567
v -1.48209 8.24913 0.53936
v -1.46184 8.30912 0.57512
v -1.45641 8.32786 0.64516
v -1.46897 8.29437 0.70847
v -1.49217 8.22827 0.72795
v -1.51241 8.16828 0.69219
v -1.51784 8.14954 0.62215
v -1.50528 8.18303 0.55885
v -1.34658 8.20299 0.53021
v -1.32440 8.26245 0.56570
v -1.31026 8.27858 0.63517
v -1.31244 8.24193 0.69793
v -1.32967 8.17398 0.71722
v -1.35185 8.11452 0.68173
v -1.36599 8.09839 0.61225
v -1.36381 8.13503 0.54949
v -1.20765 8.16795 0.50159
v -1.18822 8.22826 0.53726
v -1.16873 8.24354 0.60562
v -1.16058 8.20484 0.66663
v -1.16855 8.13482 0.68455
v -1.18798 8.07451 0.64889
v -1.20748 8.05923 0.58053
v -1.21563 8.09794 0.51952
v -1.06336 8.15208 0.45998
v -1.05089 8.21327 0.49722
v -1.03055 8.22880 0.56528
v -1.01426 8.18957 0.62429
v -1.01156 8.11856 0.63969
v -1.02403 8.05736 0.60245
v -1.04437 8.04184 0.53439
v -1.06066 8.08107 0.47538
v -0.91122 8.16069 0.41457
v -0.91067 8.22106 0.45509
v -0.89610 8.23611 0.52472
v -0.87603 8.19704 0.58266
v -0.86223 8.12672 0.59498
v -0.86278 8.06635 0.55446
v -0.87735 8.05130 0.48483
v -0.89742 8.09037 0.42689
v -0.75140 8.20148 0.38517
v -0.76335 8.25877 0.42832
v -0.75977 8.27082 0.49994
v -0.74276 8.23058 0.55806
v -0.72228 8.16162 0.56864
v -0.71033 8.10434 0.52549
v -0.71391 8.09229 0.45387
v -0.73092 8.13252 0.39575
v -0.58918 8.25200 0.38381
v -0.60788 8.30722 0.42726
v -0.61508 8.31596 0.49909
v -0.60659 8.27311 0.55721
v -0.58736 8.20376 0.56758
v -0.56866 8.14854 0.52413
v -0.56146 8.13979 0.45230
v -0.56995 8.18265 0.39419
v -0.42970 8.29336 0.40582
v -0.44915 8.34852 0.44902
v -0.46369 8.35565 0.51990
v -0.46482 8.31058 0.57694
v -0.45185 8.23971 0.58673
v -0.43241 8.18455 0.54354
v -0.41786 8.17742 0.47265
v -0.41674 8.22249 0.41561
v -0.27542 8.31679 0.44093
v -0.29094 8.37271 0.48474
v -0.30821 8.37970 0.55502
v -0.31712 8.33368 0.61060
v -0.31244 8.26160 0.61893
v -0.29692 8.20568 0.57512
v -0.27965 8.19869 0.50483
v -0.27074 8.24471 0.44925
v -0.12730 8.32118 0.47702
v -0.13610 8.37737 0.52232
v -0.15139 8.38450 0.59304
v -0.16422 8.33838 0.64777
v -0.16707 8.26603 0.65444
v -0.15828 8.20984 0.60915
v -0.14299 8.20271 0.53842
v -0.13016 8.24883 0.48369
v 0.01317 8.31119 0.50412
v 0.00693 8.36734 0.54990
v -0.00337 8.37438 0.62153
v -0.01169 8.32818 0.67706
v -0.01317 8.25582 0.68396
v -0.00693 8.19967 0.63818
v 0.00337 8.19263 0.56655
v 0.01169 8.23883 0.51102
v 0.15982 8.31932 0.51829
v 0.15421 8.37547 0.56414
v 0.14573 8.38251 0.63601
v 0.13934 8.33631 0.69179
v 0.13878 8.26395 0.69881
v 0.14439 8.20780 0.65296
v 0.15287 8.20076 0.58109
v 0.15926 8.24696 0.52531
v 0.31303 8.31194 0.53933
v 0.31319 8.36789 0.58577
v 0.30494 8.37506 0.65766
v 0.29311 8.32926 0.71287
v 0.28463 8.25731 0.71908
v 0.28447 8.20137 0.67263
v 0.29272 8.19419 0.60075
v 0.30455 8.24000 0.54553
v 0.46002 8.28748 0.55598
v 0.46879 8.34196 0.60333
v 0.46549 8.34822 0.67570
v 0.45204 8.30259 0.73069
v 0.43633 8.23180 0.73609
v 0.42755 8.17733 0.68874
v 0.43085 8.17107 0.61638
v 0.44430 8.21670 0.56139
v 0.60016 8.25034 0.55845
v 0.61793 8.30232 0.60608
v 0.62333 8.30604 0.67850
v 0.61318 8.25931 0.73328
v 0.59344 8.18952 0.73833
v 0.57566 8.13754 0.69070
v 0.57027 8.13382 0.61828
v 0.58041 8.18055 0.56351
v 0.73398 8.20908 0.54043
v 0.75809 8.25916 0.58732
v 0.77414 8.25969 0.65823
v 0.77271 8.21037 0.71164
v 0.75465 8.14009 0.71625
v 0.73054 8.09001 0.66937
v 0.71450 8.08948 0.59845
v 0.71592 8.13880 0.54505
v 0.86496 8.17709 0.49884
v 0.88851 8.22761 0.54554
v 0.91326 8.22688 0.61390
v 0.92472 8.17533 0.66388
v 0.91617 8.10316 0.66621
v 0.89262 8.05265 0.61951
v 0.86786 8.05338 0.55115
v 0.85641 8.10493 0.50117
v 1.00172 8.17322 0.44166
v 1.01829 8.22436 0.49062
v 1.04529 8.22408 0.55813
v 1.06690 8.17255 0.60464
v 1.07048 8.09995 0.60292
v 1.05391 8.04881 0.55396
v 1.02691 8.04909 0.48645
v 1.00529 8.10062 0.43993
v 1.14720 8.19381 0.38556
v 1.15433 8.24370 0.43797
v 1.17758 8.24294 0.50686
v 1.20331 8.19196 0.55188
v 1.21647 8.12065 0.54665
v 1.20933 8.07076 0.49424
v 1.18609 8.07152 0.42535
v 1.16036 8.12249 0.38033
v 1.29911 8.23604 0.34254
v 1.29603 8.28301 0.39795
v 1.31183 8.27998 0.46886
v 1.33728 8.22873 0.51372
v 1.35745 8.15927 0.50625
v 1.36054 8.11230 0.45084
v 1.34473 8.11533 0.37993
v 1.31929 8.16658 0.33507
v 1.45679 8.29149 0.32156
v 1.44452 8.33508 0.37845
v 1.45059 8.32839 0.45059
v 1.47142 8.27533 0.49574
v 1.49483 8.20700 0.48743
v 1.50710 8.16341 0.43054
v 1.50103 8.17010 0.35840
v 1.48020 8.22315 0.31325
v 1.61862 8.34782 0.32664
v 1.59988 8.38909 0.38349
v 1.59560 8.37876 0.45534
v 1.60827 8.32287 0.50009
v 1.63048 8.25417 0.49153
v 1.64921 8.21289 0.43468
v 1.65350 8.22323 0.36283
v 1.64082 8.27912 0.31808
v 1.78210 8.39207 0.35535
v 1.76094 8.43283 0.41172
v 1.74764 8.42030 0.48210
v 1.75000 8.36183 0.52526
v 1.76663 8.29167 0.51591
v 1.78779 8.25091 0.45954
v 1.80109 8.26344 0.38916
v 1.79874 8.32191 0.34601
v 1.94416 8.41445 0.39930
v 1.92527 8.45583 0.45603
v 1.90616 8.44292 0.52498
v 1.89804 8.38328 0.56578
v 1.90566 8.31186 0.55452
v 1.92456 8.27048 0.49779
v 1.94366 8.28339 0.42884
v 1.95178 8.34302 0.38804
v 2.10187 8.41109 0.44666
v 2.08954 8.45264 0.50504
v 2.06910 8.44011 0.57368
v 2.05251 8.38084 0.61238
v 2.04949 8.30953 0.59846
v 2.06181 8.26798 0.54008
v 2.08226 8.28051 0.47144
v 2.09885 8.33978 0.43274
v 2.25332 8.38448 0.48559
v 2.25047 8.42452 0.54622
v 2.23335 8.41150 0.61567
v 2.21198 8.35305 0.65327
v 2.19888 8.28341 0.63698
v 2.20172 8.24337 0.57636
v 2.21884 8.25639 0.50690
v 2.24021 8.31484 0.46930
v 2.39804 8.34188 0.50712
v 2.40566 8.37874 0.56933
v 2.39572 8.36342 0.63971
v 2.37405 8.30491 0.67703
v 2.35334 8.23747 0.65943
v 2.34573 8.20061 0.59721
v 2.35567 8.21593 0.52683
v 2.37734 8.27445 0.48951
v 2.53682 8.29288 0.50653
v 2.55393 8.32616 0.56887
v 2.55360 8.30718 0.63906
v 2.53601 8.24706 0.67598
v 2.51148 8.18102 0.65800
v 2.49437 8.14774 0.59566
v 2.49471 8.16671 0.52547
v 2.51229 8.22683 0.48855
v 2.67137 8.24730 0.48351
v 2.69533 8.27815 0.54484
v 2.70528 8.25560 0.61325
v 2.69539 8.19287 0.64866
v 2.67145 8.12671 0.63034
v 2.64749 8.09586 0.56901
v 2.63755 8.11840 0.50060
v 2.64744 8.18113 0.46519
v 2.80417 8.21387 0.44162
v 2.83105 8.24411 0.50204
v 2.85008 8.21950 0.56776
v 2.85013 8.15448 0.60029
v 2.83115 8.08711 0.58057
v 2.80427 8.05688 0.52015
v 2.78523 8.08148 0.45443
v 2.78519 8.14651 0.42190
v 2.93821 8.19936 0.38757
v 2.96345 8.23009 0.44844
v 2.98860 8.20524 0.51197
v 2.99893 8.13936 0.54095
v 2.98839 8.07104 0.51841
v 2.96315 8.04031 0.45754
v 2.93800 8.06516 0.39400
v 2.92767 8.13104 0.36502
v 3.07638 8.20774 0.33053
v 3.09571 8.23847 0.39353
v 3.12274 8.21409 0.45647
v 3.14165 8.14888 0.48248
v 3.14135 8.08104 0.45633
v 3.12203 8.05031 0.39333
v 3.09499 8.07468 0.33039
v 3.07608 8.13990 0.30438
v 3.22067 8.23899 0.28114
v 3.23104 8.26798 0.34701
v 3.25539 8.24316 0.41086
v 3.27946 8.17904 0.43530
v 3.28916 8.11321 0.40600
v 3.27879 8.08421 0.34013
v 3.25444 8.10904 0.27628
v 3.23037 8.17315 0.25184
v 3.37176 8.28794 0.24944
v 3.37187 8.31356 0.31748
v 3.38957 8.28647 0.38260
v 3.41448 8.22253 0.40663
v 3.43202 8.15920 0.37551
v 3.43191 8.13357 0.30746
v 3.41421 8.16067 0.24235
v 3.38930 8.22461 0.21832
v 3.52908 8.34454 0.24213
v 3.51952 8.36646 0.31080
v 3.52784 8.33579 0.37619
v 3.54916 8.27048 0.40001
v 3.57100 8.20880 0.36830
v 3.58056 8.18688 0.29963
v 3.57224 8.21756 0.23424
v 3.55091 8.28286 0.21042
v 3.69103 8.39602 0.26029
v 3.67414 8.41545 0.32829
v 3.67202 8.38135 0.39248
v 3.68592 8.31372 0.41525
v 3.70770 8.25215 0.38327
v 3.72460 8.23273 0.31527
v 3.72671 8.26683 0.25109
v 3.71281 8.33446 0.22831
v 3.85512 8.43036 0.29859
v 3.83467 8.44912 0.36580
v 3.82297 8.41315 0.42790
v 3.82689 8.34354 0.44852
v 3.84412 8.28105 0.41558
v 3.86457 8.26230 0.34837
v 3.87627 8.29826 0.28627
v 3.87235 8.36788 0.26565
v 4.01818 8.43986 0.34661
v 3.99881 8.45901 0.41402
v 3.98034 8.42297 0.47441
v 3.97359 8.35284 0.49240
v 3.98252 8.28971 0.45745
v 4.00189 8.27056 0.39003
v 4.02036 8.30660 0.32965
v 4.02710 8.37673 0.31166
v 4.17709 8.42335 0.39186
v 4.16331 8.44235 0.46068
v 4.14232 8.40689 0.52059
v 4.12642 8.33775 0.53650
v 4.12492 8.27542 0.49909
v 4.13870 8.25642 0.43027
v 4.15968 8.29187 0.37036
v 4.17559 8.36102 0.35445
v 4.32969 8.38604 0.42332
v 4.32480 8.40315 0.49382
v 4.30600 8.36732 0.55423
v 4.28430 8.29955 0.56917
v 4.27241 8.23954 0.52988
v 4.27729 8.22243 0.45938
v 4.29609 8.25826 0.39896
v 4.31780 8.32603 0.38403
v 4.47529 8.33731 0.43392
v 4.48075 8.35091 0.50514
v 4.46824 8.31291 0.56585
v 4.44510 8.24555 0.58049
v 4.42487 8.18831 0.54048
v 4.41941 8.17470 0.46927
v 4.43192 8.21271 0.40856
v 4.45506 8.28006 0.39391
v 4.61457 8.28780 0.42141
v 4.62987 8.29766 0.49181
v 4.62645 8.25622 0.55146
v 4.60631 8.18776 0.56542
v 4.58126 8.13239 0.52551
v 4.56596 8.12253 0.45512
v 4.56937 8.16397 0.39547
v 4.58951 8.23243 0.38151
v 4.74919 8.24728 0.38798
v 4.77210 8.25463 0.45659
v 4.77890 8.21000 0.51359
v 4.76562 8.13953 0.52557
v 4.74003 8.08449 0.48553
v 4.71712 8.07714 0.41692
v 4.71032 8.12178 0.35992
v 4.72360 8.19225 0.34794
v 4.88161 8.22331 0.33927
v 4.90850 8.22998 0.40649
v 4.92484 8.18372 0.46015
v 4.92105 8.11163 0.46882
v 4.89935 8.05593 0.42742
v 4.87246 8.04926 0.36019
v 4.85612 8.09552 0.30653
v 4.85991 8.16762 0.29786
v 5.01485 8.22060 0.28343
v 5.04127 8.22760 0.35081
v 5.06461 8.18146 0.40193
v 5.07120 8.10922 0.40685
v 5.05718 8.05318 0.36269
v 5.03076 8.04619 0.29531
v 5.00742 8.09232 0.24418
v 5.00083 8.16456 0.23926
v 5.15195 8.24055 0.23022
v 5.17345 8.24728 0.29935
v 5.19982 8.20188 0.34965
v 5.21561 8.13093 0.35164
v 5.21158 8.07601 0.30417
v 5.19008 8.06928 0.23504
v 5.16371 8.11468 0.18474
v 5.14791 8.18563 0.18275
v 5.29517 8.28053 0.18977
v 5.30829 8.28525 0.26113
v 5.33310 8.23958 0.31197
v 5.35507 8.17027 0.31252
v 5.36132 8.11792 0.26244
v 5.34820 8.11320 0.19108
v 5.32339 8.15888 0.14024
v 5.30142 8.22819 0.13970
v 5.44543 8.33329 0.17052
v 5.44838 8.33446 0.24316
v 5.46741 8.28674 0.29461
v 5.49135 8.21809 0.29475
v 5.50619 8.16872 0.24348
v 5.50324 8.16755 0.17084
v 5.48421 8.21526 0.11938
v 5.46027 8.28392 0.11925
v 5.60227 8.38771 0.17664
v 5.59518 8.38516 0.24896
v 5.60531 8.33422 0.29985
v 5.62673 8.26474 0.29950
v 5.64690 8.21742 0.24811
v 5.65399 8.21997 0.17580
v 5.64386 8.27091 0.12491
v 5.62244 8.34039 0.12526
v 5.76413 8.43131 0.20628
v 5.74891 8.42631 0.27721
v 5.74864 8.37247 0.32607
v 5.76348 8.30131 0.32425
v 5.78474 8.25453 0.27281
v 5.79996 8.25952 0.20188
v 5.80023 8.31336 0.15302
v 5.78539 8.38452 0.15484
v 5.92852 8.45365 0.25153
v 5.90866 8.44801 0.32124
v 5.89837 8.39284 0.36747
v 5.90368 8.32045 0.36313
v 5.92148 8.27326 0.31076
v 5.94134 8.27890 0.24104
v 5.95163 8.33407 0.19481
v 5.94632 8.40646 0.19916
v 6.09225 8.44958 0.30043
v 6.07228 8.44423 0.37014
v 6.05435 8.38943 0.41443
v 6.04896 8.31726 0.40735
v 6.05927 8.27002 0.35305
v 6.07924 8.27536 0.28334
v 6.09717 8.33017 0.23906
v 6.10256 8.40234 0.24614
v 6.25211 8.42075 0.34047
v 6.23667 8.41505 0.41130
v 6.21507 8.36113 0.45503
v 6.19997 8.29057 0.44607
v 6.20021 8.24471 0.38965
v 6.21565 8.25041 0.31882
v 6.23725 8.30433 0.27509
v 6.25235 8.37489 0.28405
v 6.40572 8.37481 0.36202
v 6.39847 8.36703 0.43395
v 6.37790 8.31297 0.47800
v 6.35605 8.24430 0.46838
v 6.34572 8.20123 0.41071
v 6.35297 8.20900 0.33878
v 6.37355 8.26306 0.29473
v 6.39540 8.33174 0.30435
v 6.55219 8.32269 0.36039
v 6.55505 8.31139 0.43215
v 6.53980 8.25545 0.47604
v 6.51538 8.18766 0.46633
v 6.49610 8.14771 0.40872
v 6.49324 8.15902 0.33695
v 6.50848 8.21495 0.29307
v 6.53290 8.28274 0.30277
v 6.69206 8.27550 0.33604
v 6.70500 8.26058 0.40602
v 6.69823 8.20170 0.44813
v 6.67572 8.13335 0.43771
v 6.65066 8.09557 0.38087
v 6.63773 8.11049 0.31089
v 6.64450 8.16938 0.26877
v 6.66700 8.23773 0.27919
v 6.82697 8.24233 0.29359
v 6.84817 8.22511 0.36097
v 6.85145 8.16366 0.39971
v 6.83490 8.09399 0.38711
v 6.80819 8.05691 0.33055
v 6.78699 8.07414 0.26317
v 6.78371 8.13558 0.22443
v 6.80027 8.20525 0.23703
v 6.95930 8.22910 0.24046
v 6.98549 8.21131 0.30591
v 6.99863 8.14888 0.34080
v 6.99102 8.07839 0.32468
v 6.96712 8.04112 0.26700
v 6.94093 8.05892 0.20155
v 6.92779 8.12134 0.16666
v 6.93540 8.19183 0.18278
v 7.09204 8.23821 0.18568
v 7.11892 8.22071 0.25093
v 7.13987 8.15892 0.28302
v 7.14260 8.08903 0.26315
v 7.12553 8.05199 0.20296
v 7.09865 8.06949 0.13771
v 7.07771 8.13128 0.10562
v 7.07497 8.20117 0.12549
v 7.22831 8.26847 0.13890
v 7.25133 8.25057 0.20550
v 7.27642 8.18984 0.23664
v 7.28887 8.12186 0.21406
v 7.28141 8.08644 0.15100
v 7.25839 8.10434 0.08440
v 7.23330 8.16507 0.05326
v 7.22084 8.23306 0.07584
v 7.37058 8.31481 0.10911
v 7.38592 8.29482 0.17731
v 7.41060 8.23409 0.20877
v 7.43017 8.16821 0.18505
v 7.43316 8.13575 0.12006
v 7.41782 8.15575 0.05185
v 7.39314 8.21647 0.02040
v 7.37357 8.28236 0.04411
v 7.51998 8.36833 0.10271
v 7.52537 8.34489 0.17132
v 7.54522 8.28249 0.20293
v 7.56791 8.21768 0.17900
v 7.58014 8.18843 0.11357
v 7.57475 8.21188 0.04495
v 7.55490 8.27428 0.01335
v 7.53221 8.33908 0.03727
v 7.67621 8.41745 0.12121
v 7.67128 8.39057 0.18859
v 7.68283 8.32553 0.21897
v 7.70410 8.26043 0.19455
v 7.72263 8.23340 0.12964
v 7.72757 8.26029 0.06226
v 7.71601 8.32533 0.03189
v 7.69474 8.39043 0.05630
v 7.83773 8.45062 0.16003
v 7.82398 8.42164 0.22528
v 7.82530 8.35444 0.25300
v 7.84091 8.28837 0.22694
v 7.86167 8.26215 0.16238
v 7.87542 8.29113 0.09713
v 7.87410 8.35834 0.06941
v 7.85849 8.42440 0.09547
v 8.00209 8.45961 0.20912
v 7.98269 8.43020 0.27273
v 7.97368 8.36240 0.29741
v 7.98034 8.29593 0.26871
v 7.99878 8.26972 0.20344
v 8.01818 8.29913 0.13984
v 8.02719 8.36692 0.11516
v 8.02052 8.43340 0.14385
v 8.16617 8.44208 0.25565
v 8.14547 8.41300 0.31900
v 8.12805 8.34613 0.34163
v 8.12412 8.28064 0.31028
v 8.13598 8.25490 0.24332
v 8.15668 8.28397 0.17998
v 8.17410 8.35084 0.15735
v 8.17803 8.41633 0.18869
v 8.32672 8.40247 0.28766
v 8.30943 8.37297 0.35183
v 8.28725 8.30736 0.37395
v 8.27319 8.24405 0.34106
v 8.27547 8.22015 0.27243
v 8.29276 8.24964 0.20826
v 8.31494 8.31526 0.18614
v 8.32900 8.37856 0.21903
v 8.48121 8.35050 0.29742
v 8.47130 8.31893 0.36217
v 8.44896 8.25347 0.38457
v 8.42729 8.19244 0.35151
v 8.41897 8.17161 0.28234
v 8.42888 8.20318 0.21760
v 8.45122 8.26865 0.19519
v 8.47289 8.32967 0.22826
v 8.62854 8.29804 0.28296
v 8.62838 8.26316 0.34676
v 8.61035 8.19623 0.36872
v 8.58502 8.13646 0.33598
v 8.56722 8.11885 0.26772
v 8.56738 8.15373 0.20392
v 8.58541 8.22066 0.18196
v 8.61074 8.28043 0.21470
v 8.76914 8.25596 0.24751
v 8.77918 8.21789 0.30864
v 8.76893 8.14866 0.32837
v 8.74439 8.08883 0.29513
v 8.71994 8.07344 0.22841
v 8.70991 8.11151 0.16728
v 8.72016 8.18073 0.14755
v 8.74470 8.24057 0.18079
v 8.90456 8.23206 0.19793
v 8.92343 8.19217 0.25572
v 8.92295 8.12121 0.27158
v 8.90340 8.06076 0.23623
v 8.87624 8.04622 0.17037
v 8.85737 8.08611 0.11258
v 8.85784 8.15707 0.09672
v 8.87739 8.21752 0.13207
v 9.03709 8.23026 0.14299
v 9.06189 8.19014 0.19833
v 9.07147 8.11902 0.21003
v 9.06024 8.05856 0.17123
v 9.03476 8.04418 0.10467
v 9.00997 8.08430 0.04933
v 9.00038 8.15542 0.03763
v 9.01162 8.21588 0.07643
v 9.16964 8.25055 0.09202
v 9.19627 8.21084 0.14680
v 9.21436 8.14096 0.15559
v 9.21332 8.08186 0.11325
v 9.19375 8.06815 0.04458
v 9.16712 8.10787 -0.01020
v 9.14903 8.17774 -0.01899
v 9.15007 8.23684 0.02335
v 9.30532 8.28926 0.05389
v 9.32920 8.24914 0.10962
v 9.35250 8.18071 0.11746
v 9.36157 8.12406 0.07280
v 9.35109 8.11237 0.00180
v 9.32721 8.15248 -0.05394
v 9.30391 8.22091 -0.06177
v 9.29485 8.27757 -0.01711
v 9.44674 8.33928 0.03588
v 9.46375 8.29715 0.09265
v 9.48783 8.22902 0.10072
v 9.50486 8.17480 0.05538
v 9.50489 8.16625 -0.01683
v 9.48788 8.20838 -0.07360
v 9.46380 8.27651 -0.08167
v 9.44676 8.33073 -0.03633
v 9.59525 8.39055 0.04201
v 9.60265 8.34530 0.09844
v 9.62293 8.27592 0.10640
v 9.64419 8.22307 0.06122
v 9.65400 8.21770 -0.01063
v 9.64660 8.26295 -0.06705
v 9.62633 8.33233 -0.07501
v 9.60506 8.38518 -0.02983
v 9.75069 8.43165 0.07115
v 9.74762 8.38351 0.12555
v 9.76030 8.31219 0.13188
v 9.78130 8.25948 0.08642
v 9.79832 8.25624 0.01580
v 9.80139 8.30438 -0.03861
v 9.78871 8.37569 -0.04493
v 9.76771 8.42841 0.00053
v 9.91160 8.45255 0.11628
v 9.89914 8.40292 0.16794
v 9.90187 8.33034 0.17123
v 9.91820 8.27731 0.12424
v 9.93857 8.27491 0.05448
v 9.95103 8.32454 0.00282
v 9.94830 8.39712 -0.00047
v 9.93197 8.45014 0.04652
v 10.07562 8.44760 0.16586
v 10.05656 8.39800 0.21549
v 10.04879 8.32570 0.21558
v 10.05688 8.27307 0.16607
v 10.07607 8.27092 0.09597
v 10.09513 8.32053 0.04634
v 10.10289 8.39282 0.04626
v 10.09481 8.44546 0.09576
v 10.23971 8.41751 0.20684
v 10.21819 8.36843 0.25598
v 10.20138 8.29771 0.25406
v 10.19912 8.24679 0.20221
v 10.21273 8.24549 0.13080
v 10.23425 8.29457 0.08166
v 10.25107 8.36528 0.08357
v 10.25333 8.41620 0.13542
v 10.40069 8.36931 0.22844
v 10.38142 8.31986 0.27815
v 10.35882 8.25079 0.27588
v 10.34614 8.20255 0.22298
v 10.35081 8.20340 0.15043
v 10.37008 8.25284 0.10072
v 10.39268 8.32191 0.10298
v 10.40536 8.37016 0.15588
v 10.55594 8.31430 0.22525
v 10.54314 8.26294 0.27510
v 10.51920 8.19430 0.27323
v 10.49816 8.14861 0.22074
v 10.49232 8.15261 0.14837
v 10.50513 8.20398 0.09853
v 10.52906 8.27261 0.10040
v 10.55011 8.31831 0.15289
v 10.70397 8.26469 0.19818
v 10.70072 8.21036 0.24639
v 10.68024 8.14063 0.24396
v 10.65454 8.09636 0.19232
v 10.63866 8.10348 0.12173
v 10.64191 8.15782 0.07352
v 10.66239 8.22754 0.07595
v 10.68809 8.27181 0.12759
v 10.84193 8.23182 0.15384
v 10.85127 8.17459 0.19770
v 10.84082 8.10289 0.19160
v 10.81669 8.05874 0.13912
v 10.79302 8.06798 0.07099
v 10.78368 8.12522 0.02713
v 10.79414 8.19691 0.03323
v 10.81827 8.24107 0.08572
v 10.97357 8.23238 0.10111
v 10.99243 8.17467 0.14111
v 10.99411 8.10281 0.13010
v 10.97762 8.05892 0.07453
v 10.95263 8.06869 0.00695
v 10.93378 8.12641 -0.03305
v 10.93210 8.19826 -0.02204
v 10.94858 8.24216 0.03353
v 11.10684 8.25297 0.05862
v 11.12757 8.19559 0.09819
v 11.13761 8.12483 0.08480
v 11.13108 8.08214 0.02631
v 11.11181 8.09252 -0.04303
v 11.09109 8.14990 -0.08259
v 11.08105 8.22066 -0.06921
v 11.08758 8.26335 -0.01072
v 11.24500 8.28461 0.03292
v 11.26258 8.22677 0.07332
v 11.27660 8.15677 0.05953
v 11.27885 8.11562 -0.00038
v 11.26801 8.12742 -0.07130
v 11.25043 8.18526 -0.11169
v 11.23641 8.25526 -0.09790
v 11.23416 8.29641 -0.03800
v 11.39016 8.31671 0.02575
v 11.40113 8.25759 0.06664
v 11.41417 8.18737 0.05303
v 11.42164 8.14717 -0.00710
v 11.41916 8.16055 -0.07852
v 11.40819 8.21967 -0.11941
v 11.39515 8.28989 -0.10580
v 11.38768 8.33009 -0.04567
v 11.54205 8.33959 0.03320
v 11.54548 8.27932 0.07373
v 11.55363 8.20841 0.05985
v 11.56171 8.16840 -0.00032
v 11.56500 8.18273 -0.07153
v 11.56157 8.24299 -0.11206
v 11.55342 8.31390 -0.09818
v 11.54534 8.35391 -0.03801
v 11.69832 8.34768 0.04651
v 11.69589 8.28701 0.08651
v 11.69742 8.21577 0.07201
v 11.70202 8.17570 0.01152
v 11.70700 8.19027 -0.05954
v 11.70943 8.25094 -0.09954
v 11.70790 8.32217 -0.08505
v 11.70330 8.36224 -0.02455
v 11.85543 8.34171 0.05553
v 11.85069 8.28110 0.09543
v 11.84648 8.21003 0.08067
v 11.84526 8.17012 0.01990
v 11.84776 8.18476 -0.05128
v 11.85250 8.24536 -0.09117
v 11.85671 8.31643 -0.07641
v 11.85793 8.35634 -0.01565
v 12.00601 8.32847 0.05322
v 12.00896 8.26763 0.09292
v 12.00666 8.19646 0.07819
v 12.00046 8.15666 0.01766
v 11.99399 8.17153 -0.05322
v 11.99104 8.23237 -0.09292
v 11.99334 8.30354 -0.07819
v 11.99954 8.34334 -0.01766
v 12.89072 8.32847 -0.04175
v 12.89496 8.26762 -0.00218
v 12.89337 8.19645 -0.01698
v 12.88688 8.15665 -0.07748
v 12.87928 8.17153 -0.14825
v 12.87504 8.23238 -0.18782
v 12.87663 8.30355 -0.17302
v 12.88312 8.34335 -0.11252
v -12.88500 8.34500 0.09500
v -12.87623 8.31718 0.02840
v -12.87260 8.25000 0.00081
v -12.87623 8.18282 0.02840
v -12.88500 8.15500 0.09500
v -12.89377 8.18282 0.16160
v -12.89740 8.25000 0.18919
v -12.89377 8.31718 0.16160
v -12.90959 8.34500 0.09176
v -12.89220 8.31718 0.02688
v -12.88500 8.25000 0.00000
v -12.89220 8.18282 0.02688
v -12.90959 8.15500 0.09176
v -12.92697 8.18282 0.15665
v -12.93418 8.25000 0.18353
v -12.92697 8.31718 0.15665
v -12.93250 8.34500 0.08227
v -12.89891 8.31718 0.02410
v -12.88500 8.25000 -0.00000
v -12.89891 8.18282 0.02410
v -12.93250 8.15500 0.08227
v -12.96609 8.18282 0.14045
v -12.98000 8.25000 0.16454
v -12.96609 8.31718 0.14045
v -12.95218 8.34500 0.06718
v -12.90468 8.31718 0.01968
v -12.88500 8.25000 -0.00000
v -12.90468 8.18282 0.01968
v -12.95218 8.15500 0.06718
v -12.99968 8.18282 0.11468
v -13.01935 8.25000 0.13435
v -12.99968 8.31718 0.11468
v -12.96727 8.34500 0.04750
v -12.90910 8.31718 0.01391
v -12.88500 8.25000 0.00000
v -12.90910 8.18282 0.01391
v -12.96727 8.15500 0.04750
v -13.02545 8.18282 0.08109
v -13.04954 8.25000 0.09500
v -13.02545 8.31718 0.08109
v -12.97676 8.34500 0.02459
v -12.91188 8.31718 0.00720
v -12.88500 8.25000 -0.00000
v -12.91188 8.18282 0.00720
v -12.97676 8.15500 0.02459
v -13.04165 8.18282 0.04197
v -13.06853 8.25000 0.04918
v -13.04165 8.31718 0.04197
v -12.98000 8.34500 0.00000
v -12.91282 8.31718 0.00000
v -12.88500 8.25000 0.00000
v -12.91282 8.18282 0.00000
v -12.98000 8.15500 0.00000
v -13.04718 8.18282 0.00000
v -13.07500 8.25000 0.00000
v -13.04718 8.31718 0.00000
v -12.97676 8.34500 -0.02459
v -12.91188 8.31718 -0.00720
v -12.88500 8.25000 0.00000
v -12.91188 8.18282 -0.00720
v -12.97676 8.15500 -0.02459
v -13.04165 8.18282 -0.04197
v -13.06853 8.25000 -0.04918
v -13.04165 8.31718 -0.04197
v -12.96727 8.34500 -0.04750
v -12.90910 8.31718 -0.01391
v -12.88500 8.25000 -0.00000
v -12.90910 8.18282 -0.01391
v -12.96727 8.15500 -0.04750
v -13.02545 8.18282 -0.08109
v -13.04954 8.25000 -0.09500
v -13.02545 8.31718 -0.08109
v -12.95218 8.34500 -0.06718
v -12.90468 8.31718 -0.01968
v -12.88500 8.25000 0.00000
v -12.90468 8.18282 -0.01968
v -12.95218 8.15500 -0.06718
v -12.99968 8.18282 -0.11468
v -13.01935 8.25000 -0.13435
v -12.99968 8.31718 -0.11468
v -12.93250 8.34500 -0.08227
v -12.89891 8.31718 -0.02410
v -12.88500 8.25000 0.00000
v -12.89891 8.18282 -0.02410
v -12.93250 8.15500 -0.08227
v -12.96609 8.18282 -0.14045
v -12.98000 8.25000 -0.16454
v -12.96609 8.31718 -0.14045
v -12.90959 8.34500 -0.09176
v -12.89220 8.31718 -0.02688
v -12.88500 8.25000 -0.00000
v -12.89220 8.18282 -0.02688
v -12.90959 8.15500 -0.09176
v -12.92697 8.18282 -0.15665
v -12.93418 8.25000 -0.18353
v -12.92697 8.31718 -0.15665
v -12.88500 8.34500 -0.09500
v -12.87623 8.31718 -0.02840
v -12.87260 8.25000 -0.00081
v -12.87623 8.18282 -0.02840
v -12.88500 8.15500 -0.09500
v -12.89377 8.18282 -0.16160
v -12.89740 8.25000 -0.18919
v -12.89377 8.31718 -0.16160
v 12.88500 8.15500 0.09500
v 12.87623 8.18282 0.02840
v 12.87260 8.25000 0.00081
v 12.87623 8.31718 0.02840
v 12.88500 8.34500 0.09500
v 12.89377 8.31718 0.16160
v 12.89740 8.25000 0.18919
v 12.89377 8.18282 0.16160
v 12.90959 8.15500 0.09176
v 12.89220 8.18282 0.02688
v 12.88500 8.25000 0.00000
v 12.89220 8.31718 0.02688
v 12.90959 8.34500 0.09176
v 12.92697 8.31718 0.15665
v 12.93418 8.25000 0.18353
v 12.92697 8.18282 0.15665
v 12.93250 8.15500 0.08227
v 12.89891 8.18282 0.02410
v 12.88500 8.25000 -0.00000
v 12.89891 8.31718 0.02410
v 12.93250 8.34500 0.08227
v 12.96609 8.31718 0.14045
v 12.98000 8.25000 0.16454
v 12.96609 8.18282 0.14045
v 12.95218 8.15500 0.06718
v 12.90468 8.18282 0.01968
v 12.88500 8.25000 -0.00000
v 12.90468 8.31718 0.01968
v 12.95218 8.34500 0.06718
v 12.99968 8.31718 0.11468
v 13.01935 8.25000 0.13435
v 12.99968 8.18282 0.11468
v 12.96727 8.15500 0.04750
v 12.90910 8.18282 0.01391
v 12.88500 8.25000 0.00000
v 12.90910 8.31718 0.01391
v 12.96727 8.34500 0.04750
v 13.02545 8.31718 0.08109
v 13.04954 8.25000 0.09500
v 13.02545 8.18282 0.08109
v 12.97676 8.15500 0.02459
v 12.91188 8.18282 0.00720
v 12.88500 8.25000 -0.00000
v 12.91188 8.31718 0.00720
v 12.97676 8.34500 0.02459
v 13.04165 8.31718 0.04197
v 13.06853 8.25000 0.04918
v 13.04165 8.18282 0.04197
v 12.98000 8.15500 0.00000
v 12.91282 8.18282 0.00000
v 12.88500 8.25000 0.00000
v 12.91282 8.31718 0.00000
v 12.98000 8.34500 0.00000
v 13.04718 8.31718 0.00000
v 13.07500 8.25000 0.00000
v 13.04718 8.18282 0.00000
v 12.97676 8.15500 -0.02459
v 12.91188 8.18282 -0.00720
v 12.88500 8.25000 0.00000
v 12.91188 8.31718 -0.00720
v 12.97676 8.34500 -0.02459
v 13.04165 8.31718 -0.04197
v 13.06853 8.25000 -0.04918
v 13.04165 8.18282 -0.04197
v 12.96727 8.15500 -0.04750
v 12.90910 8.18282 -0.01391
v 12.88500 8.25000 -0.00000
v 12.90910 8.31718 -0.01391
v 12.96727 8.34500 -0.04750
v 13.02545 8.31718 -0.08109
v 13.04954 8.25000 -0.09500
v 13.02545 8.18282 -0.08109
v 12.95218 8.15500 -0.06718
v 12.90468 8.18282 -0.01968
v 12.88500 8.25000 0.00000
v 12.90468 8.31718 -0.01968
v 12.95218 8.34500 -0.06718
v 12.99968 8.31718 -0.11468
v 13.01935 8.25000 -0.13435
v 12.99968 8.18282 -0.11468
v 12.93250 8.15500 -0.08227
v 12.89891 8.18282 -0.02410
v 12.88500 8.25000 0.00000
v 12.89891 8.31718 -0.02410
v 12.93250 8.34500 -0.08227
v 12.96609 8.31718 -0.14045
v 12.98000 8.25000 -0.16454
v 12.96609 8.18282 -0.14045
v 12.90959 8.15500 -0.09176
v 12.89220 8.18282 -0.02688
v 12.88500 8.25000 -0.00000
v 12.89220 8.31718 -0.02688
v 12.90959 8.34500 -0.09176
v 12.92697 8.31718 -0.15665
v 12.93418 8.25000 -0.18353
v 12.92697 8.18282 -0.15665
v 12.88500 8.15500 -0.09500
v 12.87623 8.18282 -0.02840
v 12.87260 8.25000 -0.00081
v 12.87623 8.31718 -0.02840
v 12.88500 8.34500 -0.09500
v 12.89377 8.31718 -0.16160
v 12.89740 8.25000 -0.18919
v 12.89377 8.18282 -0.16160
v -12.79475 8.03000 0.00000
v -12.82287 8.03000 -0.08655
v -12.89650 8.03000 -0.14004
v -12.98750 8.03000 -0.14004
v -13.06113 8.03000 -0.08655
v -13.08925 8.03000 -0.00000
v -13.06113 8.03000 0.08655
v -12.98750 8.03000 0.14004
v -12.89650 8.03000 0.14004
v -12.82287 8.03000 0.08655
v -12.79475 8.15000 0.00000
v -12.82287 8.15000 -0.08655
v -12.89650 8.15000 -0.14004
v -12.98750 8.15000 -0.14004
v -13.06113 8.15000 -0.08655
v -13.08925 8.15000 -0.00000
v -13.06113 8.15000 0.08655
v -12.98750 8.15000 0.14004
v -12.89650 8.15000 0.14004
v -12.82287 8.15000 0.08655
v -12.79475 8.35000 0.00000
v -12.82287 8.35000 -0.08655
v -12.89650 8.35000 -0.14004
v -12.98750 8.35000 -0.14004
v -13.06113 8.35000 -0.08655
v -13.08925 8.35000 -0.00000
v -13.06113 8.35000 0.08655
v -12.98750 8.35000 0.14004
v -12.89650 8.35000 0.14004
v -12.82287 8.35000 0.08655
v -12.79475 8.47000 0.00000
v -12.82287 8.47000 -0.08655
v -12.89650 8.47000 -0.14004
v -12.98750 8.47000 -0.14004
v -13.06113 8.47000 -0.08655
v -13.08925 8.47000 -0.00000
v -13.06113 8.47000 0.08655
v -12.98750 8.47000 0.14004
v -12.89650 8.47000 0.14004
v -12.82287 8.47000 0.08655
v -13.03653 8.05945 0.18000
v -13.01025 8.04264 0.11432
v -12.94399 8.03014 0.08712
v -12.87656 8.02927 0.11432
v -12.84747 8.04055 0.18000
v -12.87375 8.05736 0.24568
v -12.94001 8.06986 0.27288
v -13.00744 8.07073 0.24568
v -13.08404 7.57326 0.28437
v -13.05876 7.54964 0.22041
v -12.99438 7.52623 0.19605
v -12.92860 7.51675 0.22555
v -12.89996 7.52674 0.29163
v -12.92524 7.55036 0.35559
v -12.98962 7.57377 0.37995
v -13.05540 7.58325 0.35045
v -13.27942 7.13636 0.42422
v -13.25621 7.10622 0.36226
v -13.19538 7.07243 0.34115
v -13.13258 7.05479 0.37326
v -13.10458 7.06364 0.43978
v -13.12779 7.09378 0.50174
v -13.18862 7.12757 0.52285
v -13.25142 7.14521 0.49074
v -13.03653 8.05945 -0.18000
v -13.00744 8.07073 -0.24568
v -12.94001 8.06986 -0.27288
v -12.87375 8.05736 -0.24568
v -12.84747 8.04055 -0.18000
v -12.87656 8.02927 -0.11432
v -12.94399 8.03014 -0.08712
v -13.01025 8.04264 -0.11432
v -13.08404 7.57326 -0.28437
v -13.05540 7.58325 -0.35045
v -12.98962 7.57377 -0.37995
v -12.92524 7.55036 -0.35559
v -12.89996 7.52674 -0.29163
v -12.92860 7.51675 -0.22555
v -12.99438 7.52623 -0.19605
v -13.05876 7.54964 -0.22041
v -13.27942 7.13636 -0.42422
v -13.25142 7.14521 -0.49074
v -13.18862 7.12757 -0.52285
v -13.12779 7.09378 -0.50174
v -13.10458 7.06364 -0.43978
v -13.13258 7.05479 -0.37326
v -13.19538 7.07243 -0.34115
v -13.25621 7.10622 -0.36226
f 689 690 698 697
f 690 691 699 698
f 691 692 700 699
f 692 693 701 700
f 693 694 702 701
f 694 695 703 702
f 695 696 704 703
f 696 689 697 704
f 697 698 706 705
f 698 699 707 706
f 699 700 708 707
f 700 701 709 708
f 701 702 710 709
f 702 703 711 710
f 703 704 712 711
f 704 697 705 712
f 705 706 714 713
f 706 707 715 714
f 707 708 716 715
f 708 709 717 716
f 709 710 718 717
f 710 711 719 718
f 711 712 720 719
f 712 705 713 720
f 713 714 722 721
f 714 715 723 722
f 715 716 724 723
f 716 717 725 724
f 717 718 726 725
f 718 719 727 726
f 719 720 728 727
f 720 713 721 728
f 721 722 730 729
f 722 723 731 730
f 723 724 732 731
f 724 725 733 732
f 725 726 734 733
f 726 727 735 734
f 727 728 736 735
f 728 721 729 736
f 729 730 738 737
f 730 731 739 738
f 731 732 740 739
f 732 733 741 740
f 733 734 742 741
f 734 735 743 742
f 735 736 744 743
f 736 729 737 744
f 737 738 746 745
f 738 739 747 746
f 739 740 748 747
f 740 741 749 748
f 741 742 750 749
f 742 743 751 750
f 743 744 752 751
f 744 737 745 752
f 745 746 754 753
f 746 747 755 754
f 747 748 756 755
f 748 749 757 756
f 749 750 758 757
f 750 751 759 758
f 751 752 760 759
f 752 745 753 760
f 753 754 762 761
f 754 755 763 762
f 755 756 764 763
f 756 757 765 764
f 757 758 766 765
f 758 759 767 766
f 759 760 768 767
f 760 753 761 768
f 761 762 770 769
f 762 763 771 770
f 763 764 772 771
f 764 765 773 772
f 765 766 774 773
f 766 767 775 774
f 767 768 776 775
f 768 761 769 776
f 769 770 778 777
f 770 771 779 778
f 771 772 780 779
f 772 773 781 780
f 773 774 782 781
f 774 775 783 782
f 775 776 784 783
f 776 769 777 784
f 777 778 786 785
f 778 779 787 786
f 779 780 788 787
f 780 781 789 788
f 781 782 790 789
f 782 783 791 790
f 783 784 792 791
f 784 777 785 792
f 785 786 794 793
f 786 787 795 794
f 787 788 796 795
f 788 789 797 796
f 789 790 798 797
f 790 791 799 798
f 791 792 800 799
f 792 785 793 800
f 793 794 802 801
f 794 795 803 802
f 795 796 804 803
f 796 797 805 804
f 797 798 806 805
f 798 799 807 806
f 799 800 808 807
f 800 793 801 808
f 801 802 810 809
f 802 803 811 810
f 803 804 812 811
f 804 805 813 812
f 805 806 814 813
f 806 807 815 814
f 807 808 816 815
f 808 801 809 816
f 809 810 818 817
f 810 811 819 818
f 811 812 820 819
f 812 813 821 820
f 813 814 822 821
f 814 815 823 822
f 815 816 824 823
f 816 809 817 824
f 817 818 826 825
f 818 819 827 826
f 819 820 828 827
f 820 821 829 828
f 821 822 830 829
f 822 823 831 830
f 823 824 832 831
f 824 817 825 832
f 825 826 834 833
f 826 827 835 834
f 827 828 836 835
f 828 829 837 836
f 829 830 838 837
f 830 831 839 838
f 831 832 840 839
f 832 825 833 840
f 833 834 842 841
f 834 835 843 842
f 835 836 844 843
f 836 837 845 844
f 837 838 846 845
f 838 839 847 846
f 839 840 848 847
f 840 833 841 848
f 841 842 850 849
f 842 843 851 850
f 843 844 852 851
f 844 845 853 852
f 845 846 854 853
f 846 847 855 854
f 847 848 856 855
f 848 841 849 856
f 849 850 858 857
f 850 851 859 858
f 851 852 860 859
f 852 853 861 860
f 853 854 862 861
f 854 855 863 862
f 855 856 864 863
f 856 849 857 864
f 857 858 866 865
f 858 859 867 866
f 859 860 868 867
f 860 861 869 868
f 861 862 870 869
f 862 863 871 870
f 863 864 872 871
f 864 857 865 872
f 865 866 874 873
f 866 867 875 874
f 867 868 876 875
f 868 869 877 876
f 869 870 878 877
f 870 871 879 878
f 871 872 880 879
f 872 865 873 880
f 873 874 882 881
f 874 875 883 882
f 875 876 884 883
f 876 877 885 884
f 877 878 886 885
f 878 879 887 886
f 879 880 888 887
f 880 873 881 888
f 881 882 890 889
f 882 883 891 890
f 883 884 892 891
f 884 885 893 892
f 885 886 894 893
f 886 887 895 894
f 887 888 896 895
f 888 881 889 896
f 889 890 898 897
f 890 891 899 898
f 891 892 900 899
f 892 893 901 900
f 893 894 902 901
f 894 895 903 902
f 895 896 904 903
f 896 889 897 904
f 897 898 906 905
f 898 899 907 906
f 899 900 908 907
f 900 901 909 908
f 901 902 910 909
f 902 903 911 910
f 903 904 912 911
f 904 897 905 912
f 905 906 914 913
f 906 907 915 914
f 907 908 916 915
f 908 909 917 916
f 909 910 918 917
f 910 911 919 918
f 911 912 920 919
f 912 905 913 920
f 913 914 922 921
f 914 915 923 922
f 915 916 924 923
f 916 917 925 924
f 917 918 926 925
f 918 919 927 926
f 919 920 928 927
f 920 913 921 928
f 921 922 930 929
f 922 923 931 930
f 923 924 932 931
f 924 925 933 932
f 925 926 934 933
f 926 927 935 934
f 927 928 936 935
f 928 921 929 936
f 929 930 938 937
f 930 931 939 938
f 931 932 940 939
f 932 933 941 940
f 933 934 942 941
f 934 935 943 942
f 935 936 944 943
f 936 929 937 944
f 937 938 946 945
f 938 939 947 946
f 939 940 948 947
f 940 941 949 948
f 941 942 950 949
f 942 943 951 950
f 943 944 952 951
f 944 937 945 952
f 945 946 954 953
f 946 947 955 954
f 947 948 956 955
f 948 949 957 956
f 949 950 958 957
f 950 951 959 958
f 951 952 960 959
f 952 945 953 960
f 953 954 962 961
f 954 955 963 962
f 955 956 964 963
f 956 957 965 964
f 957 958 966 965
f 958 959 967 966
f 959 960 968 967
f 960 953 961 968
f 961 962 970 969
f 962 963 971 970
f 963 964 972 971
f 964 965 973 972
f 965 966 974 973
f 966 967 975 974
f 967 968 976 975
f 968 961 969 976
f 969 970 978 977
f 970 971 979 978
f 971 972 980 979
f 972 973 981 980
f 973 974 982 981
f 974 975 983 982
f 975 976 984 983
f 976 969 977 984
f 977 978 986 985
f 978 979 987 986
f 979 980 988 987
f 980 981 989 988
f 981 982 990 989
f 982 983 991 990
f 983 984 992 991
f 984 977 985 992
f 985 986 994 993
f 986 987 995 994
f 987 988 996 995
f 988 989 997 996
f 989 990 998 997
f 990 991 999 998
f 991 992 1000 999
f 992 985 993 1000
f 993 994 1002 1001
f 994 995 1003 1002
f 995 996 1004 1003
f 996 997 1005 1004
f 997 998 1006 1005
f 998 999 1007 1006
f 999 1000 1008 1007
f 1000 993 1001 1008
f 1001 1002 1010 1009
f 1002 1003 1011 1010
f 1003 1004 1012 1011
f 1004 1005 1013 1012
f 1005 1006 1014 1013
f 1006 1007 1015 1014
f 1007 1008 1016 1015
f 1008 1001 1009 1016
f 1009 1010 1018 1017
f 1010 1011 1019 1018
f 1011 1012 1020 1019
f 1012 1013 1021 1020
f 1013 1014 1022 1021
f 1014 1015 1023 1022
f 1015 1016 1024 1023
f 1016 1009 1017 1024
f 1017 1018 1026 1025
f 1018 1019 1027 1026
f 1019 1020 1028 1027
f 1020 1021 1029 1028
f 1021 1022 1030 1029
f 1022 1023 1031 1030
f 1023 1024 1032 1031
f 1024 1017 1025 1032
f 1025 1026 1034 1033
f 1026 1027 1035 1034
f 1027 1028 1036 1035
f 1028 1029 1037 1036
f 1029 1030 1038 1037
f 1030 1031 1039 1038
f 1031 1032 1040 1039
f 1032 1025 1033 1040
f 1033 1034 1042 1041
f 1034 1035 1043 1042
f 1035 1036 1044 1043
f 1036 1037 1045 1044
f 1037 1038 1046 1045
f 1038 1039 1047 1046
f 1039 1040 1048 1047
f 1040 1033 1041 1048
f 1041 1042 1050 1049
f 1042 1043 1051 1050
f 1043 1044 1052 1051
f 1044 1045 1053 1052
f 1045 1046 1054 1053
f 1046 1047 1055 1054
f 1047 1048 1056 1055
f 1048 1041 1049 1056
f 1049 1050 1058 1057
f 1050 1051 1059 1058
f 1051 1052 1060 1059
f 1052 1053 1061 1060
f 1053 1054 1062 1061
f 1054 1055 1063 1062
f 1055 1056 1064 1063
f 1056 1049 1057 1064
f 1057 1058 1066 1065
f 1058 1059 1067 1066
f 1059 1060 1068 1067
f 1060 1061 1069 1068
f 1061 1062 1070 1069
f 1062 1063 1071 1070
f 1063 1064 1072 1071
f 1064 1057 1065 1072
f 1065 1066 1074 1073
f 1066 1067 1075 1074
f 1067 1068 1076 1075
f 1068 1069 1077 1076
f 1069 1070 1078 1077
f 1070 1071 1079 1078
f 1071 1072 1080 1079
f 1072 1065 1073 1080
f 1073 1074 1082 1081
f 1074 1075 1083 1082
f 1075 1076 1084 1083
f 1076 1077 1085 1084
f 1077 1078 1086 1085
f 1078 1079 1087 1086
f 1079 1080 1088 1087
f 1080 1073 1081 1088
f 1081 1082 1090 1089
f 1082 1083 1091 1090
f 1083 1084 1092 1091
f 1084 1085 1093 1092
f 1085 1086 1094 1093
f 1086 1087 1095 1094
f 1087 1088 1096 1095
f 1088 1081 1089 1096
f 1089 1090 1098 1097
f 1090 1091 1099 1098
f 1091 1092 1100 1099
f 1092 1093 1101 1100
f 1093 1094 1102 1101
f 1094 1095 1103 1102
f 1095 1096 1104 1103
f 1096 1089 1097 1104
f 1097 1098 1106 1105
f 1098 1099 1107 1106
f 1099 1100 1108 1107
f 1100 1101 1109 1108
f 1101 1102 1110 1109
f 1102 1103 1111 1110
f 1103 1104 1112 1111
f 1104 1097 1105 1112
f 1105 1106 1114 1113
f 1106 1107 1115 1114
f 1107 1108 1116 1115
f 1108 1109 1117 1116
f 1109 1110 1118 1117
f 1110 1111 1119 1118
f 1111 1112 1120 1119
f 1112 1105 1113 1120
f 1113 1114 1122 1121
f 1114 1115 1123 1122
f 1115 1116 1124 1123
f 1116 1117 1125 1124
f 1117 1118 1126 1125
f 1118 1119 1127 1126
f 1119 1120 1128 1127
f 1120 1113 1121 1128
f 1121 1122 1130 1129
f 1122 1123 1131 1130
f 1123 1124 1132 1131
f 1124 1125 1133 1132
f 1125 1126 1134 1133
f 1126 1127 1135 1134
f 1127 1128 1136 1135
f 1128 1121 1129 1136
f 1129 1130 1138 1137
f 1130 1131 1139 1138
f 1131 1132 1140 1139
f 1132 1133 1141 1140
f 1133 1134 1142 1141
f 1134 1135 1143 1142
f 1135 1136 1144 1143
f 1136 1129 1137 1144
f 1137 1138 1146 1145
f 1138 1139 1147 1146
f 1139 1140 1148 1147
f 1140 1141 1149 1148
f 1141 1142 1150 1149
f 1142 1143 1151 1150
f 1143 1144 1152 1151
f 1144 1137 1145 1152
f 1145 1146 1154 1153
f 1146 1147 1155 1154
f 1147 1148 1156 1155
f 1148 1149 1157 1156
f 1149 1150 1158 1157
f 1150 1151 1159 1158
f 1151 1152 1160 1159
f 1152 1145 1153 1160
f 1153 1154 1162 1161
f 1154 1155 1163 1162
f 1155 1156 1164 1163
f 1156 1157 1165 1164
f 1157 1158 1166 1165
f 1158 1159 1167 1166
f 1159 1160 1168 1167
f 1160 1153 1161 1168
f 1161 1162 1170 1169
f 1162 1163 1171 1170
f 1163 1164 1172 1171
f 1164 1165 1173 1172
f 1165 1166 1174 1173
f 1166 1167 1175 1174
f 1167 1168 1176 1175
f 1168 1161 1169 1176
f 1169 1170 1178 1177
f 1170 1171 1179 1178
f 1171 1172 1180 1179
f 1172 1173 1181 1180
f 1173 1174 1182 1181
f 1174 1175 1183 1182
f 1175 1176 1184 1183
f 1176 1169 1177 1184
f 1177 1178 1186 1185
f 1178 1179 1187 1186
f 1179 1180 1188 1187
f 1180 1181 1189 1188
f 1181 1182 1190 1189
f 1182 1183 1191 1190
f 1183 1184 1192 1191
f 1184 1177 1185 1192
f 1185 1186 1194 1193
f 1186 1187 1195 1194
f 1187 1188 1196 1195
f 1188 1189 1197 1196
f 1189 1190 1198 1197
f 1190 1191 1199 1198
f 1191 1192 1200 1199
f 1192 1185 1193 1200
f 1193 1194 1202 1201
f 1194 1195 1203 1202
f 1195 1196 1204 1203
f 1196 1197 1205 1204
f 1197 1198 1206 1205
f 1198 1199 1207 1206
f 1199 1200 1208 1207
f 1200 1193 1201 1208
f 1201 1202 1210 1209
f 1202 1203 1211 1210
f 1203 1204 1212 1211
f 1204 1205 1213 1212
f 1205 1206 1214 1213
f 1206 1207 1215 1214
f 1207 1208 1216 1215
f 1208 1201 1209 1216
f 1209 1210 1218 1217
f 1210 1211 1219 1218
f 1211 1212 1220 1219
f 1212 1213 1221 1220
f 1213 1214 1222 1221
f 1214 1215 1223 1222
f 1215 1216 1224 1223
f 1216 1209 1217 1224
f 1217 1218 1226 1225
f 1218 1219 1227 1226
f 1219 1220 1228 1227
f 1220 1221 1229 1228
f 1221 1222 1230 1229
f 1222 1223 1231 1230
f 1223 1224 1232 1231
f 1224 1217 1225 1232
f 1225 1226 1234 1233
f 1226 1227 1235 1234
f 1227 1228 1236 1235
f 1228 1229 1237 1236
f 1229 1230 1238 1237
f 1230 1231 1239 1238
f 1231 1232 1240 1239
f 1232 1225 1233 1240
f 1233 1234 1242 1241
f 1234 1235 1243 1242
f 1235 1236 1244 1243
f 1236 1237 1245 1244
f 1237 1238 1246 1245
f 1238 1239 1247 1246
f 1239 1240 1248 1247
f 1240 1233 1241 1248
f 1241 1242 1250 1249
f 1242 1243 1251 1250
f 1243 1244 1252 1251
f 1244 1245 1253 1252
f 1245 1246 1254 1253
f 1246 1247 1255 1254
f 1247 1248 1256 1255
f 1248 1241 1249 1256
f 1249 1250 1258 1257
f 1250 1251 1259 1258
f 1251 1252 1260 1259
f 1252 1253 1261 1260
f 1253 1254 1262 1261
f 1254 1255 1263 1262
f 1255 1256 1264 1263
f 1256 1249 1257 1264
f 1257 1258 1266 1265
f 1258 1259 1267 1266
f 1259 1260 1268 1267
f 1260 1261 1269 1268
f 1261 1262 1270 1269
f 1262 1263 1271 1270
f 1263 1264 1272 1271
f 1264 1257 1265 1272
f 1265 1266 1274 1273
f 1266 1267 1275 1274
f 1267 1268 1276 1275
f 1268 1269 1277 1276
f 1269 1270 1278 1277
f 1270 1271 1279 1278
f 1271 1272 1280 1279
f 1272 1265 1273 1280
f 1273 1274 1282 1281
f 1274 1275 1283 1282
f 1275 1276 1284 1283
f 1276 1277 1285 1284
f 1277 1278 1286 1285
f 1278 1279 1287 1286
f 1279 1280 1288 1287
f 1280 1273 1281 1288
f 1281 1282 1290 1289
f 1282 1283 1291 1290
f 1283 1284 1292 1291
f 1284 1285 1293 1292
f 1285 1286 1294 1293
f 1286 1287 1295 1294
f 1287 1288 1296 1295
f 1288 1281 1289 1296
f 1289 1290 1298 1297
f 1290 1291 1299 1298
f 1291 1292 1300 1299
f 1292 1293 1301 1300
f 1293 1294 1302 1301
f 1294 1295 1303 1302
f 1295 1296 1304 1303
f 1296 1289 1297 1304
f 1297 1298 1306 1305
f 1298 1299 1307 1306
f 1299 1300 1308 1307
f 1300 1301 1309 1308
f 1301 1302 1310 1309
f 1302 1303 1311 1310
f 1303 1304 1312 1311
f 1304 1297 1305 1312
f 1305 1306 1314 1313
f 1306 1307 1315 1314
f 1307 1308 1316 1315
f 1308 1309 1317 1316
f 1309 1310 1318 1317
f 1310 1311 1319 1318
f 1311 1312 1320 1319
f 1312 1305 1313 1320
f 1313 1314 1322 1321
f 1314 1315 1323 1322
f 1315 1316 1324 1323
f 1316 1317 1325 1324
f 1317 1318 1326 1325
f 1318 1319 1327 1326
f 1319 1320 1328 1327
f 1320 1313 1321 1328
f 1321 1322 1330 1329
f 1322 1323 1331 1330
f 1323 1324 1332 1331
f 1324 1325 1333 1332
f 1325 1326 1334 1333
f 1326 1327 1335 1334
f 1327 1328 1336 1335
f 1328 1321 1329 1336
f 1329 1330 1338 1337
f 1330 1331 1339 1338
f 1331 1332 1340 1339
f 1332 1333 1341 1340
f 1333 1334 1342 1341
f 1334 1335 1343 1342
f 1335 1336 1344 1343
f 1336 1329 1337 1344
f 1337 1338 1346 1345
f 1338 1339 1347 1346
f 1339 1340 1348 1347
f 1340 1341 1349 1348
f 1341 1342 1350 1349
f 1342 1343 1351 1350
f 1343 1344 1352 1351
f 1344 1337 1345 1352
f 1345 1346 1354 1353
f 1346 1347 1355 1354
f 1347 1348 1356 1355
f 1348 1349 1357 1356
f 1349 1350 1358 1357
f 1350 1351 1359 1358
f 1351 1352 1360 1359
f 1352 1345 1353 1360
f 1353 1354 1362 1361
f 1354 1355 1363 1362
f 1355 1356 1364 1363
f 1356 1357 1365 1364
f 1357 1358 1366 1365
f 1358 1359 1367 1366
f 1359 1360 1368 1367
f 1360 1353 1361 1368
f 1361 1362 1370 1369
f 1362 1363 1371 1370
f 1363 1364 1372 1371
f 1364 1365 1373 1372
f 1365 1366 1374 1373
f 1366 1367 1375 1374
f 1367 1368 1376 1375
f 1368 1361 1369 1376
f 1369 1370 1378 1377
f 1370 1371 1379 1378
f 1371 1372 1380 1379
f 1372 1373 1381 1380
f 1373 1374 1382 1381
f 1374 1375 1383 1382
f 1375 1376 1384 1383
f 1376 1369 1377 1384
f 1377 1378 1386 1385
f 1378 1379 1387 1386
f 1379 1380 1388 1387
f 1380 1381 1389 1388
f 1381 1382 1390 1389
f 1382 1383 1391 1390
f 1383 1384 1392 1391
f 1384 1377 1385 1392
f 1385 1386 1394 1393
f 1386 1387 1395 1394
f 1387 1388 1396 1395
f 1388 1389 1397 1396
f 1389 1390 1398 1397
f 1390 1391 1399 1398
f 1391 1392 1400 1399
f 1392 1385 1393 1400
f 1393 1394 1402 1401
f 1394 1395 1403 1402
f 1395 1396 1404 1403
f 1396 1397 1405 1404
f 1397 1398 1406 1405
f 1398 1399 1407 1406
f 1399 1400 1408 1407
f 1400 1393 1401 1408
f 1401 1402 1410 1409
f 1402 1403 1411 1410
f 1403 1404 1412 1411
f 1404 1405 1413 1412
f 1405 1406 1414 1413
f 1406 1407 1415 1414
f 1407 1408 1416 1415
f 1408 1401 1409 1416
f 1409 1410 1418 1417
f 1410 1411 1419 1418
f 1411 1412 1420 1419
f 1412 1413 1421 1420
f 1413 1414 1422 1421
f 1414 1415 1423 1422
f 1415 1416 1424 1423
f 1416 1409 1417 1424
f 1417 1418 1426 1425
f 1418 1419 1427 1426
f 1419 1420 1428 1427
f 1420 1421 1429 1428
f 1421 1422 1430 1429
f 1422 1423 1431 1430
f 1423 1424 1432 1431
f 1424 1417 1425 1432
f 1425 1426 1434 1433
f 1426 1427 1435 1434
f 1427 1428 1436 1435
f 1428 1429 1437 1436
f 1429 1430 1438 1437
f 1430 1431 1439 1438
f 1431 1432 1440 1439
f 1432 1425 1433 1440
f 1433 1434 1442 1441
f 1434 1435 1443 1442
f 1435 1436 1444 1443
f 1436 1437 1445 1444
f 1437 1438 1446 1445
f 1438 1439 1447 1446
f 1439 1440 1448 1447
f 1440 1433 1441 1448
f 1441 1442 1450 1449
f 1442 1443 1451 1450
f 1443 1444 1452 1451
f 1444 1445 1453 1452
f 1445 1446 1454 1453
f 1446 1447 1455 1454
f 1447 1448 1456 1455
f 1448 1441 1449 1456
f 1449 1450 1458 1457
f 1450 1451 1459 1458
f 1451 1452 1460 1459
f 1452 1453 1461 1460
f 1453 1454 1462 1461
f 1454 1455 1463 1462
f 1455 1456 1464 1463
f 1456 1449 1457 1464
f 1457 1458 1466 1465
f 1458 1459 1467 1466
f 1459 1460 1468 1467
f 1460 1461 1469 1468
f 1461 1462 1470 1469
f 1462 1463 1471 1470
f 1463 1464 1472 1471
f 1464 1457 1465 1472
f 1465 1466 1474 1473
f 1466 1467 1475 1474
f 1467 1468 1476 1475
f 1468 1469 1477 1476
f 1469 1470 1478 1477
f 1470 1471 1479 1478
f 1471 1472 1480 1479
f 1472 1465 1473 1480
f 1473 1474 1482 1481
f 1474 1475 1483 1482
f 1475 1476 1484 1483
f 1476 1477 1485 1484
f 1477 1478 1486 1485
f 1478 1479 1487 1486
f 1479 1480 1488 1487
f 1480 1473 1481 1488
f 1481 1482 1490 1489
f 1482 1483 1491 1490
f 1483 1484 1492 1491
f 1484 1485 1493 1492
f 1485 1486 1494 1493
f 1486 1487 1495 1494
f 1487 1488 1496 1495
f 1488 1481 1489 1496
f 1489 1490 1498 1497
f 1490 1491 1499 1498
f 1491 1492 1500 1499
f 1492 1493 1501 1500
f 1493 1494 1502 1501
f 1494 1495 1503 1502
f 1495 1496 1504 1503
f 1496 1489 1497 1504
f 1497 1498 1506 1505
f 1498 1499 1507 1506
f 1499 1500 1508 1507
f 1500 1501 1509 1508
f 1501 1502 1510 1509
f 1502 1503 1511 1510
f 1503 1504 1512 1511
f 1504 1497 1505 1512
f 1505 1506 1514 1513
f 1506 1507 1515 1514
f 1507 1508 1516 1515
f 1508 1509 1517 1516
f 1509 1510 1518 1517
f 1510 1511 1519 1518
f 1511 1512 1520 1519
f 1512 1505 1513 1520
f 1513 1514 1522 1521
f 1514 1515 1523 1522
f 1515 1516 1524 1523
f 1516 1517 1525 1524
f 1517 1518 1526 1525
f 1518 1519 1527 1526
f 1519 1520 1528 1527
f 1520 1513 1521 1528
f 1521 1522 1530 1529
f 1522 1523 1531 1530
f 1523 1524 1532 1531
f 1524 1525 1533 1532
f 1525 1526 1534 1533
f 1526 1527 1535 1534
f 1527 1528 1536 1535
f 1528 1521 1529 1536
f 1529 1530 1538 1537
f 1530 1531 1539 1538
f 1531 1532 1540 1539
f 1532 1533 1541 1540
f 1533 1534 1542 1541
f 1534 1535 1543 1542
f 1535 1536 1544 1543
f 1536 1529 1537 1544
f 1537 1538 1546 1545
f 1538 1539 1547 1546
f 1539 1540 1548 1547
f 1540 1541 1549 1548
f 1541 1542 1550 1549
f 1542 1543 1551 1550
f 1543 1544 1552 1551
f 1544 1537 1545 1552
f 1545 1546 1554 1553
f 1546 1547 1555 1554
f 1547 1548 1556 1555
f 1548 1549 1557 1556
f 1549 1550 1558 1557
f 1550 1551 1559 1558
f 1551 1552 1560 1559
f 1552 1545 1553 1560
f 1553 1554 1562 1561
f 1554 1555 1563 1562
f 1555 1556 1564 1563
f 1556 1557 1565 1564
f 1557 1558 1566 1565
f 1558 1559 1567 1566
f 1559 1560 1568 1567
f 1560 1553 1561 1568
f 1561 1562 1570 1569
f 1562 1563 1571 1570
f 1563 1564 1572 1571
f 1564 1565 1573 1572
f 1565 1566 1574 1573
f 1566 1567 1575 1574
f 1567 1568 1576 1575
f 1568 1561 1569 1576
f 1569 1570 1578 1577
f 1570 1571 1579 1578
f 1571 1572 1580 1579
f 1572 1573 1581 1580
f 1573 1574 1582 1581
f 1574 1575 1583 1582
f 1575 1576 1584 1583
f 1576 1569 1577 1584
f 1577 1578 1586 1585
f 1578 1579 1587 1586
f 1579 1580 1588 1587
f 1580 1581 1589 1588
f 1581 1582 1590 1589
f 1582 1583 1591 1590
f 1583 1584 1592 1591
f 1584 1577 1585 1592
f 1585 1586 1594 1593
f 1586 1587 1595 1594
f 1587 1588 1596 1595
f 1588 1589 1597 1596
f 1589 1590 1598 1597
f 1590 1591 1599 1598
f 1591 1592 1600 1599
f 1592 1585 1593 1600
f 1593 1594 1602 1601
f 1594 1595 1603 1602
f 1595 1596 1604 1603
f 1596 1597 1605 1604
f 1597 1598 1606 1605
f 1598 1599 1607 1606
f 1599 1600 1608 1607
f 1600 1593 1601 1608
f 1601 1602 1610 1609
f 1602 1603 1611 1610
f 1603 1604 1612 1611
f 1604 1605 1613 1612
f 1605 1606 1614 1613
f 1606 1607 1615 1614
f 1607 1608 1616 1615
f 1608 1601 1609 1616
f 1609 1610 1618 1617
f 1610 1611 1619 1618
f 1611 1612 1620 1619
f 1612 1613 1621 1620
f 1613 1614 1622 1621
f 1614 1615 1623 1622
f 1615 1616 1624 1623
f 1616 1609 1617 1624
f 1617 1618 1626 1625
f 1618 1619 1627 1626
f 1619 1620 1628 1627
f 1620 1621 1629 1628
f 1621 1622 1630 1629
f 1622 1623 1631 1630
f 1623 1624 1632 1631
f 1624 1617 1625 1632
f 1625 1626 1634 1633
f 1626 1627 1635 1634
f 1627 1628 1636 1635
f 1628 1629 1637 1636
f 1629 1630 1638 1637
f 1630 1631 1639 1638
f 1631 1632 1640 1639
f 1632 1625 1633 1640
f 1633 1634 1642 1641
f 1634 1635 1643 1642
f 1635 1636 1644 1643
f 1636 1637 1645 1644
f 1637 1638 1646 1645
f 1638 1639 1647 1646
f 1639 1640 1648 1647
f 1640 1633 1641 1648
f 1641 1642 1650 1649
f 1642 1643 1651 1650
f 1643 1644 1652 1651
f 1644 1645 1653 1652
f 1645 1646 1654 1653
f 1646 1647 1655 1654
f 1647 1648 1656 1655
f 1648 1641 1649 1656
f 1649 1650 1658 1657
f 1650 1651 1659 1658
f 1651 1652 1660 1659
f 1652 1653 1661 1660
f 1653 1654 1662 1661
f 1654 1655 1663 1662
f 1655 1656 1664 1663
f 1656 1649 1657 1664
f 1657 1658 1666 1665
f 1658 1659 1667 1666
f 1659 1660 1668 1667
f 1660 1661 1669 1668
f 1661 1662 1670 1669
f 1662 1663 1671 1670
f 1663 1664 1672 1671
f 1664 1657 1665 1672
f 1665 1666 1674 1673
f 1666 1667 1675 1674
f 1667 1668 1676 1675
f 1668 1669 1677 1676
f 1669 1670 1678 1677
f 1670 1671 1679 1678
f 1671 1672 1680 1679
f 1672 1665 1673 1680
f 1673 1674 1682 1681
f 1674 1675 1683 1682
f 1675 1676 1684 1683
f 1676 1677 1685 1684
f 1677 1678 1686 1685
f 1678 1679 1687 1686
f 1679 1680 1688 1687
f 1680 1673 1681 1688
f 1681 1682 1690 1689
f 1682 1683 1691 1690
f 1683 1684 1692 1691
f 1684 1685 1693 1692
f 1685 1686 1694 1693
f 1686 1687 1695 1694
f 1687 1688 1696 1695
f 1688 1681 1689 1696
f 1689 1690 1698 1697
f 1690 1691 1699 1698
f 1691 1692 1700 1699
f 1692 1693 1701 1700
f 1693 1694 1702 1701
f 1694 1695 1703 1702
f 1695 1696 1704 1703
f 1696 1689 1697 1704
f 1697 1698 1706 1705
f 1698 1699 1707 1706
f 1699 1700 1708 1707
f 1700 1701 1709 1708
f 1701 1702 1710 1709
f 1702 1703 1711 1710
f 1703 1704 1712 1711
f 1704 1697 1705 1712
f 1705 1706 1714 1713
f 1706 1707 1715 1714
f 1707 1708 1716 1715
f 1708 1709 1717 1716
f 1709 1710 1718 1717
f 1710 1711 1719 1718
f 1711 1712 1720 1719
f 1712 1705 1713 1720
f 1713 1714 1722 1721
f 1714 1715 1723 1722
f 1715 1716 1724 1723
f 1716 1717 1725 1724
f 1717 1718 1726 1725
f 1718 1719 1727 1726
f 1719 1720 1728 1727
f 1720 1713 1721 1728
f 1721 1722 1730 1729
f 1722 1723 1731 1730
f 1723 1724 1732 1731
f 1724 1725 1733 1732
f 1725 1726 1734 1733
f 1726 1727 1735 1734
f 1727 1728 1736 1735
f 1728 1721 1729 1736
f 1729 1730 1738 1737
f 1730 1731 1739 1738
f 1731 1732 1740 1739
f 1732 1733 1741 1740
f 1733 1734 1742 1741
f 1734 1735 1743 1742
f 1735 1736 1744 1743
f 1736 1729 1737 1744
f 1737 1738 1746 1745
f 1738 1739 1747 1746
f 1739 1740 1748 1747
f 1740 1741 1749 1748
f 1741 1742 1750 1749
f 1742 1743 1751 1750
f 1743 1744 1752 1751
f 1744 1737 1745 1752
f 1745 1746 1754 1753
f 1746 1747 1755 1754
f 1747 1748 1756 1755
f 1748 1749 1757 1756
f 1749 1750 1758 1757
f 1750 1751 1759 1758
f 1751 1752 1760 1759
f 1752 1745 1753 1760
f 1753 1754 1762 1761
f 1754 1755 1763 1762
f 1755 1756 1764 1763
f 1756 1757 1765 1764
f 1757 1758 1766 1765
f 1758 1759 1767 1766
f 1759 1760 1768 1767
f 1760 1753 1761 1768
f 1761 1762 1770 1769
f 1762 1763 1771 1770
f 1763 1764 1772 1771
f 1764 1765 1773 1772
f 1765 1766 1774 1773
f 1766 1767 1775 1774
f 1767 1768 1776 1775
f 1768 1761 1769 1776
f 1769 1770 1778 1777
f 1770 1771 1779 1778
f 1771 1772 1780 1779
f 1772 1773 1781 1780
f 1773 1774 1782 1781
f 1774 1775 1783 1782
f 1775 1776 1784 1783
f 1776 1769 1777 1784
f 1777 1778 1786 1785
f 1778 1779 1787 1786
f 1779 1780 1788 1787
f 1780 1781 1789 1788
f 1781 1782 1790 1789
f 1782 1783 1791 1790
f 1783 1784 1792 1791
f 1784 1777 1785 1792
f 1785 1786 1794 1793
f 1786 1787 1795 1794
f 1787 1788 1796 1795
f 1788 1789 1797 1796
f 1789 1790 1798 1797
f 1790 1791 1799 1798
f 1791 1792 1800 1799
f 1792 1785 1793 1800
f 1793 1794 1802 1801
f 1794 1795 1803 1802
f 1795 1796 1804 1803
f 1796 1797 1805 1804
f 1797 1798 1806 1805
f 1798 1799 1807 1806
f 1799 1800 1808 1807
f 1800 1793 1801 1808
f 1801 1802 1810 1809
f 1802 1803 1811 1810
f 1803 1804 1812 1811
f 1804 1805 1813 1812
f 1805 1806 1814 1813
f 1806 1807 1815 1814
f 1807 1808 1816 1815
f 1808 1801 1809 1816
f 1809 1810 1818 1817
f 1810 1811 1819 1818
f 1811 1812 1820 1819
f 1812 1813 1821 1820
f 1813 1814 1822 1821
f 1814 1815 1823 1822
f 1815 1816 1824 1823
f 1816 1809 1817 1824
f 1817 1818 1826 1825
f 1818 1819 1827 1826
f 1819 1820 1828 1827
f 1820 1821 1829 1828
f 1821 1822 1830 1829
f 1822 1823 1831 1830
f 1823 1824 1832 1831
f 1824 1817 1825 1832
f 1825 1826 1834 1833
f 1826 1827 1835 1834
f 1827 1828 1836 1835
f 1828 1829 1837 1836
f 1829 1830 1838 1837
f 1830 1831 1839 1838
f 1831 1832 1840 1839
f 1832 1825 1833 1840
f 1833 1834 1842 1841
f 1834 1835 1843 1842
f 1835 1836 1844 1843
f 1836 1837 1845 1844
f 1837 1838 1846 1845
f 1838 1839 1847 1846
f 1839 1840 1848 1847
f 1840 1833 1841 1848
f 1841 1842 1850 1849
f 1842 1843 1851 1850
f 1843 1844 1852 1851
f 1844 1845 1853 1852
f 1845 1846 1854 1853
f 1846 1847 1855 1854
f 1847 1848 1856 1855
f 1848 1841 1849 1856
f 1849 1850 1858 1857
f 1850 1851 1859 1858
f 1851 1852 1860 1859
f 1852 1853 1861 1860
f 1853 1854 1862 1861
f 1854 1855 1863 1862
f 1855 1856 1864 1863
f 1856 1849 1857 1864
f 1857 1858 1866 1865
f 1858 1859 1867 1866
f 1859 1860 1868 1867
f 1860 1861 1869 1868
f 1861 1862 1870 1869
f 1862 1863 1871 1870
f 1863 1864 1872 1871
f 1864 1857 1865 1872
f 1865 1866 1874 1873
f 1866 1867 1875 1874
f 1867 1868 1876 1875
f 1868 1869 1877 1876
f 1869 1870 1878 1877
f 1870 1871 1879 1878
f 1871 1872 1880 1879
f 1872 1865 1873 1880
f 1873 1874 1882 1881
f 1874 1875 1883 1882
f 1875 1876 1884 1883
f 1876 1877 1885 1884
f 1877 1878 1886 1885
f 1878 1879 1887 1886
f 1879 1880 1888 1887
f 1880 1873 1881 1888
f 1881 1882 1890 1889
f 1882 1883 1891 1890
f 1883 1884 1892 1891
f 1884 1885 1893 1892
f 1885 1886 1894 1893
f 1886 1887 1895 1894
f 1887 1888 1896 1895
f 1888 1881 1889 1896
f 1889 1890 1898 1897
f 1890 1891 1899 1898
f 1891 1892 1900 1899
f 1892 1893 1901 1900
f 1893 1894 1902 1901
f 1894 1895 1903 1902
f 1895 1896 1904 1903
f 1896 1889 1897 1904
f 1897 1898 1906 1905
f 1898 1899 1907 1906
f 1899 1900 1908 1907
f 1900 1901 1909 1908
f 1901 1902 1910 1909
f 1902 1903 1911 1910
f 1903 1904 1912 1911
f 1904 1897 1905 1912
f 1905 1906 1914 1913
f 1906 1907 1915 1914
f 1907 1908 1916 1915
f 1908 1909 1917 1916
f 1909 1910 1918 1917
f 1910 1911 1919 1918
f 1911 1912 1920 1919
f 1912 1905 1913 1920
f 1913 1914 1922 1921
f 1914 1915 1923 1922
f 1915 1916 1924 1923
f 1916 1917 1925 1924
f 1917 1918 1926 1925
f 1918 1919 1927 1926
f 1919 1920 1928 1927
f 1920 1913 1921 1928
f 1921 1922 1930 1929
f 1922 1923 1931 1930
f 1923 1924 1932 1931
f 1924 1925 1933 1932
f 1925 1926 1934 1933
f 1926 1927 1935 1934
f 1927 1928 1936 1935
f 1928 1921 1929 1936
f 1929 1930 1938 1937
f 1930 1931 1939 1938
f 1931 1932 1940 1939
f 1932 1933 1941 1940
f 1933 1934 1942 1941
f 1934 1935 1943 1942
f 1935 1936 1944 1943
f 1936 1929 1937 1944
f 1937 1938 1946 1945
f 1938 1939 1947 1946
f 1939 1940 1948 1947
f 1940 1941 1949 1948
f 1941 1942 1950 1949
f 1942 1943 1951 1950
f 1943 1944 1952 1951
f 1944 1937 1945 1952
f 1945 1946 1954 1953
f 1946 1947 1955 1954
f 1947 1948 1956 1955
f 1948 1949 1957 1956
f 1949 1950 1958 1957
f 1950 1951 1959 1958
f 1951 1952 1960 1959
f 1952 1945 1953 1960
f 1953 1954 1962 1961
f 1954 1955 1963 1962
f 1955 1956 1964 1963
f 1956 1957 1965 1964
f 1957 1958 1966 1965
f 1958 1959 1967 1966
f 1959 1960 1968 1967
f 1960 1953 1961 1968
f 1961 1962 1970 1969
f 1962 1963 1971 1970
f 1963 1964 1972 1971
f 1964 1965 1973 1972
f 1965 1966 1974 1973
f 1966 1967 1975 1974
f 1967 1968 1976 1975
f 1968 1961 1969 1976
f 1969 1970 1978 1977
f 1970 1971 1979 1978
f 1971 1972 1980 1979
f 1972 1973 1981 1980
f 1973 1974 1982 1981
f 1974 1975 1983 1982
f 1975 1976 1984 1983
f 1976 1969 1977 1984
f 1977 1978 1986 1985
f 1978 1979 1987 1986
f 1979 1980 1988 1987
f 1980 1981 1989 1988
f 1981 1982 1990 1989
f 1982 1983 1991 1990
f 1983 1984 1992 1991
f 1984 1977 1985 1992
f 1985 1986 1994 1993
f 1986 1987 1995 1994
f 1987 1988 1996 1995
f 1988 1989 1997 1996
f 1989 1990 1998 1997
f 1990 1991 1999 1998
f 1991 1992 2000 1999
f 1992 1985 1993 2000
f 1993 1994 2002 2001
f 1994 1995 2003 2002
f 1995 1996 2004 2003
f 1996 1997 2005 2004
f 1997 1998 2006 2005
f 1998 1999 2007 2006
f 1999 2000 2008 2007
f 2000 1993 2001 2008
f 696 695 694 693 692 691 690 689
f 2001 2002 2003 2004 2005 2006 2007 2008
f 2009 2010 2018 2017
f 2010 2011 2019 2018
f 2011 2012 2020 2019
f 2012 2013 2021 2020
f 2013 2014 2022 2021
f 2014 2015 2023 2022
f 2015 2016 2024 2023
f 2016 2009 2017 2024
f 2017 2018 2026 2025
f 2018 2019 2027 2026
f 2019 2020 2028 2027
f 2020 2021 2029 2028
f 2021 2022 2030 2029
f 2022 2023 2031 2030
f 2023 2024 2032 2031
f 2024 2017 2025 2032
f 2025 2026 2034 2033
f 2026 2027 2035 2034
f 2027 2028 2036 2035
f 2028 2029 2037 2036
f 2029 2030 2038 2037
f 2030 2031 2039 2038
f 2031 2032 2040 2039
f 2032 2025 2033 2040
f 2033 2034 2042 2041
f 2034 2035 2043 2042
f 2035 2036 2044 2043
f 2036 2037 2045 2044
f 2037 2038 2046 2045
f 2038 2039 2047 2046
f 2039 2040 2048 2047
f 2040 2033 2041 2048
f 2041 2042 2050 2049
f 2042 2043 2051 2050
f 2043 2044 2052 2051
f 2044 2045 2053 2052
f 2045 2046 2054 2053
f 2046 2047 2055 2054
f 2047 2048 2056 2055
f 2048 2041 2049 2056
f 2049 2050 2058 2057
f 2050 2051 2059 2058
f 2051 2052 2060 2059
f 2052 2053 2061 2060
f 2053 2054 2062 2061
f 2054 2055 2063 2062
f 2055 2056 2064 2063
f 2056 2049 2057 2064
f 2057 2058 2066 2065
f 2058 2059 2067 2066
f 2059 2060 2068 2067
f 2060 2061 2069 2068
f 2061 2062 2070 2069
f 2062 2063 2071 2070
f 2063 2064 2072 2071
f 2064 2057 2065 2072
f 2065 2066 2074 2073
f 2066 2067 2075 2074
f 2067 2068 2076 2075
f 2068 2069 2077 2076
f 2069 2070 2078 2077
f 2070 2071 2079 2078
f 2071 2072 2080 2079
f 2072 2065 2073 2080
f 2073 2074 2082 2081
f 2074 2075 2083 2082
f 2075 2076 2084 2083
f 2076 2077 2085 2084
f 2077 2078 2086 2085
f 2078 2079 2087 2086
f 2079 2080 2088 2087
f 2080 2073 2081 2088
f 2081 2082 2090 2089
f 2082 2083 2091 2090
f 2083 2084 2092 2091
f 2084 2085 2093 2092
f 2085 2086 2094 2093
f 2086 2087 2095 2094
f 2087 2088 2096 2095
f 2088 2081 2089 2096
f 2089 2090 2098 2097
f 2090 2091 2099 2098
f 2091 2092 2100 2099
f 2092 2093 2101 2100
f 2093 2094 2102 2101
f 2094 2095 2103 2102
f 2095 2096 2104 2103
f 2096 2089 2097 2104
f 2097 2098 2106 2105
f 2098 2099 2107 2106
f 2099 2100 2108 2107
f 2100 2101 2109 2108
f 2101 2102 2110 2109
f 2102 2103 2111 2110
f 2103 2104 2112 2111
f 2104 2097 2105 2112
f 2105 2106 2114 2113
f 2106 2107 2115 2114
f 2107 2108 2116 2115
f 2108 2109 2117 2116
f 2109 2110 2118 2117
f 2110 2111 2119 2118
f 2111 2112 2120 2119
f 2112 2105 2113 2120
f 2113 2114 2122 2121
f 2114 2115 2123 2122
f 2115 2116 2124 2123
f 2116 2117 2125 2124
f 2117 2118 2126 2125
f 2118 2119 2127 2126
f 2119 2120 2128 2127
f 2120 2113 2121 2128
f 2121 2122 2130 2129
f 2122 2123 2131 2130
f 2123 2124 2132 2131
f 2124 2125 2133 2132
f 2125 2126 2134 2133
f 2126 2127 2135 2134
f 2127 2128 2136 2135
f 2128 2121 2129 2136
f 2129 2130 2138 2137
f 2130 2131 2139 2138
f 2131 2132 2140 2139
f 2132 2133 2141 2140
f 2133 2134 2142 2141
f 2134 2135 2143 2142
f 2135 2136 2144 2143
f 2136 2129 2137 2144
f 2137 2138 2146 2145
f 2138 2139 2147 2146
f 2139 2140 2148 2147
f 2140 2141 2149 2148
f 2141 2142 2150 2149
f 2142 2143 2151 2150
f 2143 2144 2152 2151
f 2144 2137 2145 2152
f 2145 2146 2154 2153
f 2146 2147 2155 2154
f 2147 2148 2156 2155
f 2148 2149 2157 2156
f 2149 2150 2158 2157
f 2150 2151 2159 2158
f 2151 2152 2160 2159
f 2152 2145 2153 2160
f 2153 2154 2162 2161
f 2154 2155 2163 2162
f 2155 2156 2164 2163
f 2156 2157 2165 2164
f 2157 2158 2166 2165
f 2158 2159 2167 2166
f 2159 2160 2168 2167
f 2160 2153 2161 2168
f 2161 2162 2170 2169
f 2162 2163 2171 2170
f 2163 2164 2172 2171
f 2164 2165 2173 2172
f 2165 2166 2174 2173
f 2166 2167 2175 2174
f 2167 2168 2176 2175
f 2168 2161 2169 2176
f 2169 2170 2178 2177
f 2170 2171 2179 2178
f 2171 2172 2180 2179
f 2172 2173 2181 2180
f 2173 2174 2182 2181
f 2174 2175 2183 2182
f 2175 2176 2184 2183
f 2176 2169 2177 2184
f 2177 2178 2186 2185
f 2178 2179 2187 2186
f 2179 2180 2188 2187
f 2180 2181 2189 2188
f 2181 2182 2190 2189
f 2182 2183 2191 2190
f 2183 2184 2192 2191
f 2184 2177 2185 2192
f 2185 2186 2194 2193
f 2186 2187 2195 2194
f 2187 2188 2196 2195
f 2188 2189 2197 2196
f 2189 2190 2198 2197
f 2190 2191 2199 2198
f 2191 2192 2200 2199
f 2192 2185 2193 2200
f 2193 2194 2202 2201
f 2194 2195 2203 2202
f 2195 2196 2204 2203
f 2196 2197 2205 2204
f 2197 2198 2206 2205
f 2198 2199 2207 2206
f 2199 2200 2208 2207
f 2200 2193 2201 2208
f 2201 2202 2210 2209
f 2202 2203 2211 2210
f 2203 2204 2212 2211
f 2204 2205 2213 2212
f 2205 2206 2214 2213
f 2206 2207 2215 2214
f 2207 2208 2216 2215
f 2208 2201 2209 2216
f 2209 2210 2218 2217
f 2210 2211 2219 2218
f 2211 2212 2220 2219
f 2212 2213 2221 2220
f 2213 2214 2222 2221
f 2214 2215 2223 2222
f 2215 2216 2224 2223
f 2216 2209 2217 2224
f 2217 2218 2226 2225
f 2218 2219 2227 2226
f 2219 2220 2228 2227
f 2220 2221 2229 2228
f 2221 2222 2230 2229
f 2222 2223 2231 2230
f 2223 2224 2232 2231
f 2224 2217 2225 2232
f 2225 2226 2234 2233
f 2226 2227 2235 2234
f 2227 2228 2236 2235
f 2228 2229 2237 2236
f 2229 2230 2238 2237
f 2230 2231 2239 2238
f 2231 2232 2240 2239
f 2232 2225 2233 2240
f 2233 2234 2242 2241
f 2234 2235 2243 2242
f 2235 2236 2244 2243
f 2236 2237 2245 2244
f 2237 2238 2246 2245
f 2238 2239 2247 2246
f 2239 2240 2248 2247
f 2240 2233 2241 2248
f 2241 2242 2250 2249
f 2242 2243 2251 2250
f 2243 2244 2252 2251
f 2244 2245 2253 2252
f 2245 2246 2254 2253
f 2246 2247 2255 2254
f 2247 2248 2256 2255
f 2248 2241 2249 2256
f 2249 2250 2258 2257
f 2250 2251 2259 2258
f 2251 2252 2260 2259
f 2252 2253 2261 2260
f 2253 2254 2262 2261
f 2254 2255 2263 2262
f 2255 2256 2264 2263
f 2256 2249 2257 2264
f 2257 2258 2266 2265
f 2258 2259 2267 2266
f 2259 2260 2268 2267
f 2260 2261 2269 2268
f 2261 2262 2270 2269
f 2262 2263 2271 2270
f 2263 2264 2272 2271
f 2264 2257 2265 2272
f 2265 2266 2274 2273
f 2266 2267 2275 2274
f 2267 2268 2276 2275
f 2268 2269 2277 2276
f 2269 2270 2278 2277
f 2270 2271 2279 2278
f 2271 2272 2280 2279
f 2272 2265 2273 2280
f 2273 2274 2282 2281
f 2274 2275 2283 2282
f 2275 2276 2284 2283
f 2276 2277 2285 2284
f 2277 2278 2286 2285
f 2278 2279 2287 2286
f 2279 2280 2288 2287
f 2280 2273 2281 2288
f 2281 2282 2290 2289
f 2282 2283 2291 2290
f 2283 2284 2292 2291
f 2284 2285 2293 2292
f 2285 2286 2294 2293
f 2286 2287 2295 2294
f 2287 2288 2296 2295
f 2288 2281 2289 2296
f 2289 2290 2298 2297
f 2290 2291 2299 2298
f 2291 2292 2300 2299
f 2292 2293 2301 2300
f 2293 2294 2302 2301
f 2294 2295 2303 2302
f 2295 2296 2304 2303
f 2296 2289 2297 2304
f 2297 2298 2306 2305
f 2298 2299 2307 2306
f 2299 2300 2308 2307
f 2300 2301 2309 2308
f 2301 2302 2310 2309
f 2302 2303 2311 2310
f 2303 2304 2312 2311
f 2304 2297 2305 2312
f 2305 2306 2314 2313
f 2306 2307 2315 2314
f 2307 2308 2316 2315
f 2308 2309 2317 2316
f 2309 2310 2318 2317
f 2310 2311 2319 2318
f 2311 2312 2320 2319
f 2312 2305 2313 2320
f 2313 2314 2322 2321
f 2314 2315 2323 2322
f 2315 2316 2324 2323
f 2316 2317 2325 2324
f 2317 2318 2326 2325
f 2318 2319 2327 2326
f 2319 2320 2328 2327
f 2320 2313 2321 2328
f 2321 2322 2330 2329
f 2322 2323 2331 2330
f 2323 2324 2332 2331
f 2324 2325 2333 2332
f 2325 2326 2334 2333
f 2326 2327 2335 2334
f 2327 2328 2336 2335
f 2328 2321 2329 2336
f 2329 2330 2338 2337
f 2330 2331 2339 2338
f 2331 2332 2340 2339
f 2332 2333 2341 2340
f 2333 2334 2342 2341
f 2334 2335 2343 2342
f 2335 2336 2344 2343
f 2336 2329 2337 2344
f 2337 2338 2346 2345
f 2338 2339 2347 2346
f 2339 2340 2348 2347
f 2340 2341 2349 2348
f 2341 2342 2350 2349
f 2342 2343 2351 2350
f 2343 2344 2352 2351
f 2344 2337 2345 2352
f 2345 2346 2354 2353
f 2346 2347 2355 2354
f 2347 2348 2356 2355
f 2348 2349 2357 2356
f 2349 2350 2358 2357
f 2350 2351 2359 2358
f 2351 2352 2360 2359
f 2352 2345 2353 2360
f 2353 2354 2362 2361
f 2354 2355 2363 2362
f 2355 2356 2364 2363
f 2356 2357 2365 2364
f 2357 2358 2366 2365
f 2358 2359 2367 2366
f 2359 2360 2368 2367
f 2360 2353 2361 2368
f 2361 2362 2370 2369
f 2362 2363 2371 2370
f 2363 2364 2372 2371
f 2364 2365 2373 2372
f 2365 2366 2374 2373
f 2366 2367 2375 2374
f 2367 2368 2376 2375
f 2368 2361 2369 2376
f 2369 2370 2378 2377
f 2370 2371 2379 2378
f 2371 2372 2380 2379
f 2372 2373 2381 2380
f 2373 2374 2382 2381
f 2374 2375 2383 2382
f 2375 2376 2384 2383
f 2376 2369 2377 2384
f 2377 2378 2386 2385
f 2378 2379 2387 2386
f 2379 2380 2388 2387
f 2380 2381 2389 2388
f 2381 2382 2390 2389
f 2382 2383 2391 2390
f 2383 2384 2392 2391
f 2384 2377 2385 2392
f 2385 2386 2394 2393
f 2386 2387 2395 2394
f 2387 2388 2396 2395
f 2388 2389 2397 2396
f 2389 2390 2398 2397
f 2390 2391 2399 2398
f 2391 2392 2400 2399
f 2392 2385 2393 2400
f 2393 2394 2402 2401
f 2394 2395 2403 2402
f 2395 2396 2404 2403
f 2396 2397 2405 2404
f 2397 2398 2406 2405
f 2398 2399 2407 2406
f 2399 2400 2408 2407
f 2400 2393 2401 2408
f 2401 2402 2410 2409
f 2402 2403 2411 2410
f 2403 2404 2412 2411
f 2404 2405 2413 2412
f 2405 2406 2414 2413
f 2406 2407 2415 2414
f 2407 2408 2416 2415
f 2408 2401 2409 2416
f 2409 2410 2418 2417
f 2410 2411 2419 2418
f 2411 2412 2420 2419
f 2412 2413 2421 2420
f 2413 2414 2422 2421
f 2414 2415 2423 2422
f 2415 2416 2424 2423
f 2416 2409 2417 2424
f 2417 2418 2426 2425
f 2418 2419 2427 2426
f 2419 2420 2428 2427
f 2420 2421 2429 2428
f 2421 2422 2430 2429
f 2422 2423 2431 2430
f 2423 2424 2432 2431
f 2424 2417 2425 2432
f 2425 2426 2434 2433
f 2426 2427 2435 2434
f 2427 2428 2436 2435
f 2428 2429 2437 2436
f 2429 2430 2438 2437
f 2430 2431 2439 2438
f 2431 2432 2440 2439
f 2432 2425 2433 2440
f 2433 2434 2442 2441
f 2434 2435 2443 2442
f 2435 2436 2444 2443
f 2436 2437 2445 2444
f 2437 2438 2446 2445
f 2438 2439 2447 2446
f 2439 2440 2448 2447
f 2440 2433 2441 2448
f 2441 2442 2450 2449
f 2442 2443 2451 2450
f 2443 2444 2452 2451
f 2444 2445 2453 2452
f 2445 2446 2454 2453
f 2446 2447 2455 2454
f 2447 2448 2456 2455
f 2448 2441 2449 2456
f 2449 2450 2458 2457
f 2450 2451 2459 2458
f 2451 2452 2460 2459
f 2452 2453 2461 2460
f 2453 2454 2462 2461
f 2454 2455 2463 2462
f 2455 2456 2464 2463
f 2456 2449 2457 2464
f 2457 2458 2466 2465
f 2458 2459 2467 2466
f 2459 2460 2468 2467
f 2460 2461 2469 2468
f 2461 2462 2470 2469
f 2462 2463 2471 2470
f 2463 2464 2472 2471
f 2464 2457 2465 2472
f 2465 2466 2474 2473
f 2466 2467 2475 2474
f 2467 2468 2476 2475
f 2468 2469 2477 2476
f 2469 2470 2478 2477
f 2470 2471 2479 2478
f 2471 2472 2480 2479
f 2472 2465 2473 2480
f 2473 2474 2482 2481
f 2474 2475 2483 2482
f 2475 2476 2484 2483
f 2476 2477 2485 2484
f 2477 2478 2486 2485
f 2478 2479 2487 2486
f 2479 2480 2488 2487
f 2480 2473 2481 2488
f 2481 2482 2490 2489
f 2482 2483 2491 2490
f 2483 2484 2492 2491
f 2484 2485 2493 2492
f 2485 2486 2494 2493
f 2486 2487 2495 2494
f 2487 2488 2496 2495
f 2488 2481 2489 2496
f 2489 2490 2498 2497
f 2490 2491 2499 2498
f 2491 2492 2500 2499
f 2492 2493 2501 2500
f 2493 2494 2502 2501
f 2494 2495 2503 2502
f 2495 2496 2504 2503
f 2496 2489 2497 2504
f 2497 2498 2506 2505
f 2498 2499 2507 2506
f 2499 2500 2508 2507
f 2500 2501 2509 2508
f 2501 2502 2510 2509
f 2502 2503 2511 2510
f 2503 2504 2512 2511
f 2504 2497 2505 2512
f 2505 2506 2514 2513
f 2506 2507 2515 2514
f 2507 2508 2516 2515
f 2508 2509 2517 2516
f 2509 2510 2518 2517
f 2510 2511 2519 2518
f 2511 2512 2520 2519
f 2512 2505 2513 2520
f 2513 2514 2522 2521
f 2514 2515 2523 2522
f 2515 2516 2524 2523
f 2516 2517 2525 2524
f 2517 2518 2526 2525
f 2518 2519 2527 2526
f 2519 2520 2528 2527
f 2520 2513 2521 2528
f 2521 2522 2530 2529
f 2522 2523 2531 2530
f 2523 2524 2532 2531
f 2524 2525 2533 2532
f 2525 2526 2534 2533
f 2526 2527 2535 2534
f 2527 2528 2536 2535
f 2528 2521 2529 2536
f 2529 2530 2538 2537
f 2530 2531 2539 2538
f 2531 2532 2540 2539
f 2532 2533 2541 2540
f 2533 2534 2542 2541
f 2534 2535 2543 2542
f 2535 2536 2544 2543
f 2536 2529 2537 2544
f 2537 2538 2546 2545
f 2538 2539 2547 2546
f 2539 2540 2548 2547
f 2540 2541 2549 2548
f 2541 2542 2550 2549
f 2542 2543 2551 2550
f 2543 2544 2552 2551
f 2544 2537 2545 2552
f 2545 2546 2554 2553
f 2546 2547 2555 2554
f 2547 2548 2556 2555
f 2548 2549 2557 2556
f 2549 2550 2558 2557
f 2550 2551 2559 2558
f 2551 2552 2560 2559
f 2552 2545 2553 2560
f 2553 2554 2562 2561
f 2554 2555 2563 2562
f 2555 2556 2564 2563
f 2556 2557 2565 2564
f 2557 2558 2566 2565
f 2558 2559 2567 2566
f 2559 2560 2568 2567
f 2560 2553 2561 2568
f 2561 2562 2570 2569
f 2562 2563 2571 2570
f 2563 2564 2572 2571
f 2564 2565 2573 2572
f 2565 2566 2574 2573
f 2566 2567 2575 2574
f 2567 2568 2576 2575
f 2568 2561 2569 2576
f 2569 2570 2578 2577
f 2570 2571 2579 2578
f 2571 2572 2580 2579
f 2572 2573 2581 2580
f 2573 2574 2582 2581
f 2574 2575 2583 2582
f 2575 2576 2584 2583
f 2576 2569 2577 2584
f 2577 2578 2586 2585
f 2578 2579 2587 2586
f 2579 2580 2588 2587
f 2580 2581 2589 2588
f 2581 2582 2590 2589
f 2582 2583 2591 2590
f 2583 2584 2592 2591
f 2584 2577 2585 2592
f 2585 2586 2594 2593
f 2586 2587 2595 2594
f 2587 2588 2596 2595
f 2588 2589 2597 2596
f 2589 2590 2598 2597
f 2590 2591 2599 2598
f 2591 2592 2600 2599
f 2592 2585 2593 2600
f 2593 2594 2602 2601
f 2594 2595 2603 2602
f 2595 2596 2604 2603
f 2596 2597 2605 2604
f 2597 2598 2606 2605
f 2598 2599 2607 2606
f 2599 2600 2608 2607
f 2600 2593 2601 2608
f 2601 2602 2610 2609
f 2602 2603 2611 2610
f 2603 2604 2612 2611
f 2604 2605 2613 2612
f 2605 2606 2614 2613
f 2606 2607 2615 2614
f 2607 2608 2616 2615
f 2608 2601 2609 2616
f 2609 2610 2618 2617
f 2610 2611 2619 2618
f 2611 2612 2620 2619
f 2612 2613 2621 2620
f 2613 2614 2622 2621
f 2614 2615 2623 2622
f 2615 2616 2624 2623
f 2616 2609 2617 2624
f 2617 2618 2626 2625
f 2618 2619 2627 2626
f 2619 2620 2628 2627
f 2620 2621 2629 2628
f 2621 2622 2630 2629
f 2622 2623 2631 2630
f 2623 2624 2632 2631
f 2624 2617 2625 2632
f 2625 2626 2634 2633
f 2626 2627 2635 2634
f 2627 2628 2636 2635
f 2628 2629 2637 2636
f 2629 2630 2638 2637
f 2630 2631 2639 2638
f 2631 2632 2640 2639
f 2632 2625 2633 2640
f 2633 2634 2642 2641
f 2634 2635 2643 2642
f 2635 2636 2644 2643
f 2636 2637 2645 2644
f 2637 2638 2646 2645
f 2638 2639 2647 2646
f 2639 2640 2648 2647
f 2640 2633 2641 2648
f 2641 2642 2650 2649
f 2642 2643 2651 2650
f 2643 2644 2652 2651
f 2644 2645 2653 2652
f 2645 2646 2654 2653
f 2646 2647 2655 2654
f 2647 2648 2656 2655
f 2648 2641 2649 2656
f 2649 2650 2658 2657
f 2650 2651 2659 2658
f 2651 2652 2660 2659
f 2652 2653 2661 2660
f 2653 2654 2662 2661
f 2654 2655 2663 2662
f 2655 2656 2664 2663
f 2656 2649 2657 2664
f 2657 2658 2666 2665
f 2658 2659 2667 2666
f 2659 2660 2668 2667
f 2660 2661 2669 2668
f 2661 2662 2670 2669
f 2662 2663 2671 2670
f 2663 2664 2672 2671
f 2664 2657 2665 2672
f 2665 2666 2674 2673
f 2666 2667 2675 2674
f 2667 2668 2676 2675
f 2668 2669 2677 2676
f 2669 2670 2678 2677
f 2670 2671 2679 2678
f 2671 2672 2680 2679
f 2672 2665 2673 2680
f 2673 2674 2682 2681
f 2674 2675 2683 2682
f 2675 2676 2684 2683
f 2676 2677 2685 2684
f 2677 2678 2686 2685
f 2678 2679 2687 2686
f 2679 2680 2688 2687
f 2680 2673 2681 2688
f 2681 2682 2690 2689
f 2682 2683 2691 2690
f 2683 2684 2692 2691
f 2684 2685 2693 2692
f 2685 2686 2694 2693
f 2686 2687 2695 2694
f 2687 2688 2696 2695
f 2688 2681 2689 2696
f 2689 2690 2698 2697
f 2690 2691 2699 2698
f 2691 2692 2700 2699
f 2692 2693 2701 2700
f 2693 2694 2702 2701
f 2694 2695 2703 2702
f 2695 2696 2704 2703
f 2696 2689 2697 2704
f 2697 2698 2706 2705
f 2698 2699 2707 2706
f 2699 2700 2708 2707
f 2700 2701 2709 2708
f 2701 2702 2710 2709
f 2702 2703 2711 2710
f 2703 2704 2712 2711
f 2704 2697 2705 2712
f 2705 2706 2714 2713
f 2706 2707 2715 2714
f 2707 2708 2716 2715
f 2708 2709 2717 2716
f 2709 2710 2718 2717
f 2710 2711 2719 2718
f 2711 2712 2720 2719
f 2712 2705 2713 2720
f 2713 2714 2722 2721
f 2714 2715 2723 2722
f 2715 2716 2724 2723
f 2716 2717 2725 2724
f 2717 2718 2726 2725
f 2718 2719 2727 2726
f 2719 2720 2728 2727
f 2720 2713 2721 2728
f 2721 2722 2730 2729
f 2722 2723 2731 2730
f 2723 2724 2732 2731
f 2724 2725 2733 2732
f 2725 2726 2734 2733
f 2726 2727 2735 2734
f 2727 2728 2736 2735
f 2728 2721 2729 2736
f 2729 2730 2738 2737
f 2730 2731 2739 2738
f 2731 2732 2740 2739
f 2732 2733 2741 2740
f 2733 2734 2742 2741
f 2734 2735 2743 2742
f 2735 2736 2744 2743
f 2736 2729 2737 2744
f 2737 2738 2746 2745
f 2738 2739 2747 2746
f 2739 2740 2748 2747
f 2740 2741 2749 2748
f 2741 2742 2750 2749
f 2742 2743 2751 2750
f 2743 2744 2752 2751
f 2744 2737 2745 2752
f 2745 2746 2754 2753
f 2746 2747 2755 2754
f 2747 2748 2756 2755
f 2748 2749 2757 2756
f 2749 2750 2758 2757
f 2750 2751 2759 2758
f 2751 2752 2760 2759
f 2752 2745 2753 2760
f 2753 2754 2762 2761
f 2754 2755 2763 2762
f 2755 2756 2764 2763
f 2756 2757 2765 2764
f 2757 2758 2766 2765
f 2758 2759 2767 2766
f 2759 2760 2768 2767
f 2760 2753 2761 2768
f 2761 2762 2770 2769
f 2762 2763 2771 2770
f 2763 2764 2772 2771
f 2764 2765 2773 2772
f 2765 2766 2774 2773
f 2766 2767 2775 2774
f 2767 2768 2776 2775
f 2768 2761 2769 2776
f 2769 2770 2778 2777
f 2770 2771 2779 2778
f 2771 2772 2780 2779
f 2772 2773 2781 2780
f 2773 2774 2782 2781
f 2774 2775 2783 2782
f 2775 2776 2784 2783
f 2776 2769 2777 2784
f 2777 2778 2786 2785
f 2778 2779 2787 2786
f 2779 2780 2788 2787
f 2780 2781 2789 2788
f 2781 2782 2790 2789
f 2782 2783 2791 2790
f 2783 2784 2792 2791
f 2784 2777 2785 2792
f 2785 2786 2794 2793
f 2786 2787 2795 2794
f 2787 2788 2796 2795
f 2788 2789 2797 2796
f 2789 2790 2798 2797
f 2790 2791 2799 2798
f 2791 2792 2800 2799
f 2792 2785 2793 2800
f 2793 2794 2802 2801
f 2794 2795 2803 2802
f 2795 2796 2804 2803
f 2796 2797 2805 2804
f 2797 2798 2806 2805
f 2798 2799 2807 2806
f 2799 2800 2808 2807
f 2800 2793 2801 2808
f 2801 2802 2810 2809
f 2802 2803 2811 2810
f 2803 2804 2812 2811
f 2804 2805 2813 2812
f 2805 2806 2814 2813
f 2806 2807 2815 2814
f 2807 2808 2816 2815
f 2808 2801 2809 2816
f 2809 2810 2818 2817
f 2810 2811 2819 2818
f 2811 2812 2820 2819
f 2812 2813 2821 2820
f 2813 2814 2822 2821
f 2814 2815 2823 2822
f 2815 2816 2824 2823
f 2816 2809 2817 2824
f 2817 2818 2826 2825
f 2818 2819 2827 2826
f 2819 2820 2828 2827
f 2820 2821 2829 2828
f 2821 2822 2830 2829
f 2822 2823 2831 2830
f 2823 2824 2832 2831
f 2824 2817 2825 2832
f 2825 2826 2834 2833
f 2826 2827 2835 2834
f 2827 2828 2836 2835
f 2828 2829 2837 2836
f 2829 2830 2838 2837
f 2830 2831 2839 2838
f 2831 2832 2840 2839
f 2832 2825 2833 2840
f 2833 2834 2842 2841
f 2834 2835 2843 2842
f 2835 2836 2844 2843
f 2836 2837 2845 2844
f 2837 2838 2846 2845
f 2838 2839 2847 2846
f 2839 2840 2848 2847
f 2840 2833 2841 2848
f 2841 2842 2850 2849
f 2842 2843 2851 2850
f 2843 2844 2852 2851
f 2844 2845 2853 2852
f 2845 2846 2854 2853
f 2846 2847 2855 2854
f 2847 2848 2856 2855
f 2848 2841 2849 2856
f 2849 2850 2858 2857
f 2850 2851 2859 2858
f 2851 2852 2860 2859
f 2852 2853 2861 2860
f 2853 2854 2862 2861
f 2854 2855 2863 2862
f 2855 2856 2864 2863
f 2856 2849 2857 2864
f 2857 2858 2866 2865
f 2858 2859 2867 2866
f 2859 2860 2868 2867
f 2860 2861 2869 2868
f 2861 2862 2870 2869
f 2862 2863 2871 2870
f 2863 2864 2872 2871
f 2864 2857 2865 2872
f 2865 2866 2874 2873
f 2866 2867 2875 2874
f 2867 2868 2876 2875
f 2868 2869 2877 2876
f 2869 2870 2878 2877
f 2870 2871 2879 2878
f 2871 2872 2880 2879
f 2872 2865 2873 2880
f 2873 2874 2882 2881
f 2874 2875 2883 2882
f 2875 2876 2884 2883
f 2876 2877 2885 2884
f 2877 2878 2886 2885
f 2878 2879 2887 2886
f 2879 2880 2888 2887
f 2880 2873 2881 2888
f 2881 2882 2890 2889
f 2882 2883 2891 2890
f 2883 2884 2892 2891
f 2884 2885 2893 2892
f 2885 2886 2894 2893
f 2886 2887 2895 2894
f 2887 2888 2896 2895
f 2888 2881 2889 2896
f 2889 2890 2898 2897
f 2890 2891 2899 2898
f 2891 2892 2900 2899
f 2892 2893 2901 2900
f 2893 2894 2902 2901
f 2894 2895 2903 2902
f 2895 2896 2904 2903
f 2896 2889 2897 2904
f 2897 2898 2906 2905
f 2898 2899 2907 2906
f 2899 2900 2908 2907
f 2900 2901 2909 2908
f 2901 2902 2910 2909
f 2902 2903 2911 2910
f 2903 2904 2912 2911
f 2904 2897 2905 2912
f 2905 2906 2914 2913
f 2906 2907 2915 2914
f 2907 2908 2916 2915
f 2908 2909 2917 2916
f 2909 2910 2918 2917
f 2910 2911 2919 2918
f 2911 2912 2920 2919
f 2912 2905 2913 2920
f 2913 2914 2922 2921
f 2914 2915 2923 2922
f 2915 2916 2924 2923
f 2916 2917 2925 2924
f 2917 2918 2926 2925
f 2918 2919 2927 2926
f 2919 2920 2928 2927
f 2920 2913 2921 2928
f 2921 2922 2930 2929
f 2922 2923 2931 2930
f 2923 2924 2932 2931
f 2924 2925 2933 2932
f 2925 2926 2934 2933
f 2926 2927 2935 2934
f 2927 2928 2936 2935
f 2928 2921 2929 2936
f 2929 2930 2938 2937
f 2930 2931 2939 2938
f 2931 2932 2940 2939
f 2932 2933 2941 2940
f 2933 2934 2942 2941
f 2934 2935 2943 2942
f 2935 2936 2944 2943
f 2936 2929 2937 2944
f 2937 2938 2946 2945
f 2938 2939 2947 2946
f 2939 2940 2948 2947
f 2940 2941 2949 2948
f 2941 2942 2950 2949
f 2942 2943 2951 2950
f 2943 2944 2952 2951
f 2944 2937 2945 2952
f 2945 2946 2954 2953
f 2946 2947 2955 2954
f 2947 2948 2956 2955
f 2948 2949 2957 2956
f 2949 2950 2958 2957
f 2950 2951 2959 2958
f 2951 2952 2960 2959
f 2952 2945 2953 2960
f 2953 2954 2962 2961
f 2954 2955 2963 2962
f 2955 2956 2964 2963
f 2956 2957 2965 2964
f 2957 2958 2966 2965
f 2958 2959 2967 2966
f 2959 2960 2968 2967
f 2960 2953 2961 2968
f 2961 2962 2970 2969
f 2962 2963 2971 2970
f 2963 2964 2972 2971
f 2964 2965 2973 2972
f 2965 2966 2974 2973
f 2966 2967 2975 2974
f 2967 2968 2976 2975
f 2968 2961 2969 2976
f 2969 2970 2978 2977
f 2970 2971 2979 2978
f 2971 2972 2980 2979
f 2972 2973 2981 2980
f 2973 2974 2982 2981
f 2974 2975 2983 2982
f 2975 2976 2984 2983
f 2976 2969 2977 2984
f 2977 2978 2986 2985
f 2978 2979 2987 2986
f 2979 2980 2988 2987
f 2980 2981 2989 2988
f 2981 2982 2990 2989
f 2982 2983 2991 2990
f 2983 2984 2992 2991
f 2984 2977 2985 2992
f 2985 2986 2994 2993
f 2986 2987 2995 2994
f 2987 2988 2996 2995
f 2988 2989 2997 2996
f 2989 2990 2998 2997
f 2990 2991 2999 2998
f 2991 2992 3000 2999
f 2992 2985 2993 3000
f 2993 2994 3002 3001
f 2994 2995 3003 3002
f 2995 2996 3004 3003
f 2996 2997 3005 3004
f 2997 2998 3006 3005
f 2998 2999 3007 3006
f 2999 3000 3008 3007
f 3000 2993 3001 3008
f 3001 3002 3010 3009
f 3002 3003 3011 3010
f 3003 3004 3012 3011
f 3004 3005 3013 3012
f 3005 3006 3014 3013
f 3006 3007 3015 3014
f 3007 3008 3016 3015
f 3008 3001 3009 3016
f 3009 3010 3018 3017
f 3010 3011 3019 3018
f 3011 3012 3020 3019
f 3012 3013 3021 3020
f 3013 3014 3022 3021
f 3014 3015 3023 3022
f 3015 3016 3024 3023
f 3016 3009 3017 3024
f 3017 3018 3026 3025
f 3018 3019 3027 3026
f 3019 3020 3028 3027
f 3020 3021 3029 3028
f 3021 3022 3030 3029
f 3022 3023 3031 3030
f 3023 3024 3032 3031
f 3024 3017 3025 3032
f 3025 3026 3034 3033
f 3026 3027 3035 3034
f 3027 3028 3036 3035
f 3028 3029 3037 3036
f 3029 3030 3038 3037
f 3030 3031 3039 3038
f 3031 3032 3040 3039
f 3032 3025 3033 3040
f 3033 3034 3042 3041
f 3034 3035 3043 3042
f 3035 3036 3044 3043
f 3036 3037 3045 3044
f 3037 3038 3046 3045
f 3038 3039 3047 3046
f 3039 3040 3048 3047
f 3040 3033 3041 3048
f 3041 3042 3050 3049
f 3042 3043 3051 3050
f 3043 3044 3052 3051
f 3044 3045 3053 3052
f 3045 3046 3054 3053
f 3046 3047 3055 3054
f 3047 3048 3056 3055
f 3048 3041 3049 3056
f 3049 3050 3058 3057
f 3050 3051 3059 3058
f 3051 3052 3060 3059
f 3052 3053 3061 3060
f 3053 3054 3062 3061
f 3054 3055 3063 3062
f 3055 3056 3064 3063
f 3056 3049 3057 3064
f 3057 3058 3066 3065
f 3058 3059 3067 3066
f 3059 3060 3068 3067
f 3060 3061 3069 3068
f 3061 3062 3070 3069
f 3062 3063 3071 3070
f 3063 3064 3072 3071
f 3064 3057 3065 3072
f 3065 3066 3074 3073
f 3066 3067 3075 3074
f 3067 3068 3076 3075
f 3068 3069 3077 3076
f 3069 3070 3078 3077
f 3070 3071 3079 3078
f 3071 3072 3080 3079
f 3072 3065 3073 3080
f 3073 3074 3082 3081
f 3074 3075 3083 3082
f 3075 3076 3084 3083
f 3076 3077 3085 3084
f 3077 3078 3086 3085
f 3078 3079 3087 3086
f 3079 3080 3088 3087
f 3080 3073 3081 3088
f 3081 3082 3090 3089
f 3082 3083 3091 3090
f 3083 3084 3092 3091
f 3084 3085 3093 3092
f 3085 3086 3094 3093
f 3086 3087 3095 3094
f 3087 3088 3096 3095
f 3088 3081 3089 3096
f 3089 3090 3098 3097
f 3090 3091 3099 3098
f 3091 3092 3100 3099
f 3092 3093 3101 3100
f 3093 3094 3102 3101
f 3094 3095 3103 3102
f 3095 3096 3104 3103
f 3096 3089 3097 3104
f 3097 3098 3106 3105
f 3098 3099 3107 3106
f 3099 3100 3108 3107
f 3100 3101 3109 3108
f 3101 3102 3110 3109
f 3102 3103 3111 3110
f 3103 3104 3112 3111
f 3104 3097 3105 3112
f 3105 3106 3114 3113
f 3106 3107 3115 3114
f 3107 3108 3116 3115
f 3108 3109 3117 3116
f 3109 3110 3118 3117
f 3110 3111 3119 3118
f 3111 3112 3120 3119
f 3112 3105 3113 3120
f 3113 3114 3122 3121
f 3114 3115 3123 3122
f 3115 3116 3124 3123
f 3116 3117 3125 3124
f 3117 3118 3126 3125
f 3118 3119 3127 3126
f 3119 3120 3128 3127
f 3120 3113 3121 3128
f 3121 3122 3130 3129
f 3122 3123 3131 3130
f 3123 3124 3132 3131
f 3124 3125 3133 3132
f 3125 3126 3134 3133
f 3126 3127 3135 3134
f 3127 3128 3136 3135
f 3128 3121 3129 3136
f 3129 3130 3138 3137
f 3130 3131 3139 3138
f 3131 3132 3140 3139
f 3132 3133 3141 3140
f 3133 3134 3142 3141
f 3134 3135 3143 3142
f 3135 3136 3144 3143
f 3136 3129 3137 3144
f 3137 3138 3146 3145
f 3138 3139 3147 3146
f 3139 3140 3148 3147
f 3140 3141 3149 3148
f 3141 3142 3150 3149
f 3142 3143 3151 3150
f 3143 3144 3152 3151
f 3144 3137 3145 3152
f 3145 3146 3154 3153
f 3146 3147 3155 3154
f 3147 3148 3156 3155
f 3148 3149 3157 3156
f 3149 3150 3158 3157
f 3150 3151 3159 3158
f 3151 3152 3160 3159
f 3152 3145 3153 3160
f 3153 3154 3162 3161
f 3154 3155 3163 3162
f 3155 3156 3164 3163
f 3156 3157 3165 3164
f 3157 3158 3166 3165
f 3158 3159 3167 3166
f 3159 3160 3168 3167
f 3160 3153 3161 3168
f 3161 3162 3170 3169
f 3162 3163 3171 3170
f 3163 3164 3172 3171
f 3164 3165 3173 3172
f 3165 3166 3174 3173
f 3166 3167 3175 3174
f 3167 3168 3176 3175
f 3168 3161 3169 3176
f 3169 3170 3178 3177
f 3170 3171 3179 3178
f 3171 3172 3180 3179
f 3172 3173 3181 3180
f 3173 3174 3182 3181
f 3174 3175 3183 3182
f 3175 3176 3184 3183
f 3176 3169 3177 3184
f 3177 3178 3186 3185
f 3178 3179 3187 3186
f 3179 3180 3188 3187
f 3180 3181 3189 3188
f 3181 3182 3190 3189
f 3182 3183 3191 3190
f 3183 3184 3192 3191
f 3184 3177 3185 3192
f 3185 3186 3194 3193
f 3186 3187 3195 3194
f 3187 3188 3196 3195
f 3188 3189 3197 3196
f 3189 3190 3198 3197
f 3190 3191 3199 3198
f 3191 3192 3200 3199
f 3192 3185 3193 3200
f 3193 3194 3202 3201
f 3194 3195 3203 3202
f 3195 3196 3204 3203
f 3196 3197 3205 3204
f 3197 3198 3206 3205
f 3198 3199 3207 3206
f 3199 3200 3208 3207
f 3200 3193 3201 3208
f 3201 3202 3210 3209
f 3202 3203 3211 3210
f 3203 3204 3212 3211
f 3204 3205 3213 3212
f 3205 3206 3214 3213
f 3206 3207 3215 3214
f 3207 3208 3216 3215
f 3208 3201 3209 3216
f 3209 3210 3218 3217
f 3210 3211 3219 3218
f 3211 3212 3220 3219
f 3212 3213 3221 3220
f 3213 3214 3222 3221
f 3214 3215 3223 3222
f 3215 3216 3224 3223
f 3216 3209 3217 3224
f 3217 3218 3226 3225
f 3218 3219 3227 3226
f 3219 3220 3228 3227
f 3220 3221 3229 3228
f 3221 3222 3230 3229
f 3222 3223 3231 3230
f 3223 3224 3232 3231
f 3224 3217 3225 3232
f 3225 3226 3234 3233
f 3226 3227 3235 3234
f 3227 3228 3236 3235
f 3228 3229 3237 3236
f 3229 3230 3238 3237
f 3230 3231 3239 3238
f 3231 3232 3240 3239
f 3232 3225 3233 3240
f 3233 3234 3242 3241
f 3234 3235 3243 3242
f 3235 3236 3244 3243
f 3236 3237 3245 3244
f 3237 3238 3246 3245
f 3238 3239 3247 3246
f 3239 3240 3248 3247
f 3240 3233 3241 3248
f 3241 3242 3250 3249
f 3242 3243 3251 3250
f 3243 3244 3252 3251
f 3244 3245 3253 3252
f 3245 3246 3254 3253
f 3246 3247 3255 3254
f 3247 3248 3256 3255
f 3248 3241 3249 3256
f 3249 3250 3258 3257
f 3250 3251 3259 3258
f 3251 3252 3260 3259
f 3252 3253 3261 3260
f 3253 3254 3262 3261
f 3254 3255 3263 3262
f 3255 3256 3264 3263
f 3256 3249 3257 3264
f 3257 3258 3266 3265
f 3258 3259 3267 3266
f 3259 3260 3268 3267
f 3260 3261 3269 3268
f 3261 3262 3270 3269
f 3262 3263 3271 3270
f 3263 3264 3272 3271
f 3264 3257 3265 3272
f 3265 3266 3274 3273
f 3266 3267 3275 3274
f 3267 3268 3276 3275
f 3268 3269 3277 3276
f 3269 3270 3278 3277
f 3270 3271 3279 3278
f 3271 3272 3280 3279
f 3272 3265 3273 3280
f 3273 3274 3282 3281
f 3274 3275 3283 3282
f 3275 3276 3284 3283
f 3276 3277 3285 3284
f 3277 3278 3286 3285
f 3278 3279 3287 3286
f 3279 3280 3288 3287
f 3280 3273 3281 3288
f 3281 3282 3290 3289
f 3282 3283 3291 3290
f 3283 3284 3292 3291
f 3284 3285 3293 3292
f 3285 3286 3294 3293
f 3286 3287 3295 3294
f 3287 3288 3296 3295
f 3288 3281 3289 3296
f 3289 3290 3298 3297
f 3290 3291 3299 3298
f 3291 3292 3300 3299
f 3292 3293 3301 3300
f 3293 3294 3302 3301
f 3294 3295 3303 3302
f 3295 3296 3304 3303
f 3296 3289 3297 3304
f 3297 3298 3306 3305
f 3298 3299 3307 3306
f 3299 3300 3308 3307
f 3300 3301 3309 3308
f 3301 3302 3310 3309
f 3302 3303 3311 3310
f 3303 3304 3312 3311
f 3304 3297 3305 3312
f 3305 3306 3314 3313
f 3306 3307 3315 3314
f 3307 3308 3316 3315
f 3308 3309 3317 3316
f 3309 3310 3318 3317
f 3310 3311 3319 3318
f 3311 3312 3320 3319
f 3312 3305 3313 3320
f 3313 3314 3322 3321
f 3314 3315 3323 3322
f 3315 3316 3324 3323
f 3316 3317 3325 3324
f 3317 3318 3326 3325
f 3318 3319 3327 3326
f 3319 3320 3328 3327
f 3320 3313 3321 3328
f 2016 2015 2014 2013 2012 2011 2010 2009
f 3321 3322 3323 3324 3325 3326 3327 3328
f 3329 3330 3338 3337
f 3330 3331 3339 3338
f 3331 3332 3340 3339
f 3332 3333 3341 3340
f 3333 3334 3342 3341
f 3334 3335 3343 3342
f 3335 3336 3344 3343
f 3336 3329 3337 3344
f 3337 3338 3346 3345
f 3338 3339 3347 3346
f 3339 3340 3348 3347
f 3340 3341 3349 3348
f 3341 3342 3350 3349
f 3342 3343 3351 3350
f 3343 3344 3352 3351
f 3344 3337 3345 3352
f 3345 3346 3354 3353
f 3346 3347 3355 3354
f 3347 3348 3356 3355
f 3348 3349 3357 3356
f 3349 3350 3358 3357
f 3350 3351 3359 3358
f 3351 3352 3360 3359
f 3352 3345 3353 3360
f 3353 3354 3362 3361
f 3354 3355 3363 3362
f 3355 3356 3364 3363
f 3356 3357 3365 3364
f 3357 3358 3366 3365
f 3358 3359 3367 3366
f 3359 3360 3368 3367
f 3360 3353 3361 3368
f 3361 3362 3370 3369
f 3362 3363 3371 3370
f 3363 3364 3372 3371
f 3364 3365 3373 3372
f 3365 3366 3374 3373
f 3366 3367 3375 3374
f 3367 3368 3376 3375
f 3368 3361 3369 3376
f 3369 3370 3378 3377
f 3370 3371 3379 3378
f 3371 3372 3380 3379
f 3372 3373 3381 3380
f 3373 3374 3382 3381
f 3374 3375 3383 3382
f 3375 3376 3384 3383
f 3376 3369 3377 3384
f 3377 3378 3386 3385
f 3378 3379 3387 3386
f 3379 3380 3388 3387
f 3380 3381 3389 3388
f 3381 3382 3390 3389
f 3382 3383 3391 3390
f 3383 3384 3392 3391
f 3384 3377 3385 3392
f 3385 3386 3394 3393
f 3386 3387 3395 3394
f 3387 3388 3396 3395
f 3388 3389 3397 3396
f 3389 3390 3398 3397
f 3390 3391 3399 3398
f 3391 3392 3400 3399
f 3392 3385 3393 3400
f 3393 3394 3402 3401
f 3394 3395 3403 3402
f 3395 3396 3404 3403
f 3396 3397 3405 3404
f 3397 3398 3406 3405
f 3398 3399 3407 3406
f 3399 3400 3408 3407
f 3400 3393 3401 3408
f 3401 3402 3410 3409
f 3402 3403 3411 3410
f 3403 3404 3412 3411
f 3404 3405 3413 3412
f 3405 3406 3414 3413
f 3406 3407 3415 3414
f 3407 3408 3416 3415
f 3408 3401 3409 3416
f 3409 3410 3418 3417
f 3410 3411 3419 3418
f 3411 3412 3420 3419
f 3412 3413 3421 3420
f 3413 3414 3422 3421
f 3414 3415 3423 3422
f 3415 3416 3424 3423
f 3416 3409 3417 3424
f 3417 3418 3426 3425
f 3418 3419 3427 3426
f 3419 3420 3428 3427
f 3420 3421 3429 3428
f 3421 3422 3430 3429
f 3422 3423 3431 3430
f 3423 3424 3432 3431
f 3424 3417 3425 3432
f 3433 3434 3442 3441
f 3434 3435 3443 3442
f 3435 3436 3444 3443
f 3436 3437 3445 3444
f 3437 3438 3446 3445
f 3438 3439 3447 3446
f 3439 3440 3448 3447
f 3440 3433 3441 3448
f 3441 3442 3450 3449
f 3442 3443 3451 3450
f 3443 3444 3452 3451
f 3444 3445 3453 3452
f 3445 3446 3454 3453
f 3446 3447 3455 3454
f 3447 3448 3456 3455
f 3448 3441 3449 3456
f 3449 3450 3458 3457
f 3450 3451 3459 3458
f 3451 3452 3460 3459
f 3452 3453 3461 3460
f 3453 3454 3462 3461
f 3454 3455 3463 3462
f 3455 3456 3464 3463
f 3456 3449 3457 3464
f 3457 3458 3466 3465
f 3458 3459 3467 3466
f 3459 3460 3468 3467
f 3460 3461 3469 3468
f 3461 3462 3470 3469
f 3462 3463 3471 3470
f 3463 3464 3472 3471
f 3464 3457 3465 3472
f 3465 3466 3474 3473
f 3466 3467 3475 3474
f 3467 3468 3476 3475
f 3468 3469 3477 3476
f 3469 3470 3478 3477
f 3470 3471 3479 3478
f 3471 3472 3480 3479
f 3472 3465 3473 3480
f 3473 3474 3482 3481
f 3474 3475 3483 3482
f 3475 3476 3484 3483
f 3476 3477 3485 3484
f 3477 3478 3486 3485
f 3478 3479 3487 3486
f 3479 3480 3488 3487
f 3480 3473 3481 3488
f 3481 3482 3490 3489
f 3482 3483 3491 3490
f 3483 3484 3492 3491
f 3484 3485 3493 3492
f 3485 3486 3494 3493
f 3486 3487 3495 3494
f 3487 3488 3496 3495
f 3488 3481 3489 3496
f 3489 3490 3498 3497
f 3490 3491 3499 3498
f 3491 3492 3500 3499
f 3492 3493 3501 3500
f 3493 3494 3502 3501
f 3494 3495 3503 3502
f 3495 3496 3504 3503
f 3496 3489 3497 3504
f 3497 3498 3506 3505
f 3498 3499 3507 3506
f 3499 3500 3508 3507
f 3500 3501 3509 3508
f 3501 3502 3510 3509
f 3502 3503 3511 3510
f 3503 3504 3512 3511
f 3504 3497 3505 3512
f 3505 3506 3514 3513
f 3506 3507 3515 3514
f 3507 3508 3516 3515
f 3508 3509 3517 3516
f 3509 3510 3518 3517
f 3510 3511 3519 3518
f 3511 3512 3520 3519
f 3512 3505 3513 3520
f 3513 3514 3522 3521
f 3514 3515 3523 3522
f 3515 3516 3524 3523
f 3516 3517 3525 3524
f 3517 3518 3526 3525
f 3518 3519 3527 3526
f 3519 3520 3528 3527
f 3520 3513 3521 3528
f 3521 3522 3530 3529
f 3522 3523 3531 3530
f 3523 3524 3532 3531
f 3524 3525 3533 3532
f 3525 3526 3534 3533
f 3526 3527 3535 3534
f 3527 3528 3536 3535
f 3528 3521 3529 3536
f 3537 3538 3548 3547
f 3538 3539 3549 3548
f 3539 3540 3550 3549
f 3540 3541 3551 3550
f 3541 3542 3552 3551
f 3542 3543 3553 3552
f 3543 3544 3554 3553
f 3544 3545 3555 3554
f 3545 3546 3556 3555
f 3546 3537 3547 3556
f 3547 3548 3558 3557
f 3548 3549 3559 3558
f 3549 3550 3560 3559
f 3550 3551 3561 3560
f 3551 3552 3562 3561
f 3552 3553 3563 3562
f 3553 3554 3564 3563
f 3554 3555 3565 3564
f 3555 3556 3566 3565
f 3556 3547 3557 3566
f 3557 3558 3568 3567
f 3558 3559 3569 3568
f 3559 3560 3570 3569
f 3560 3561 3571 3570
f 3561 3562 3572 3571
f 3562 3563 3573 3572
f 3563 3564 3574 3573
f 3564 3565 3575 3574
f 3565 3566 3576 3575
f 3566 3557 3567 3576
f 3546 3545 3544 3543 3542 3541 3540 3539 3538 3537
f 3567 3568 3569 3570 3571 3572 3573 3574 3575 3576
f 3577 3578 3586 3585
f 3578 3579 3587 3586
f 3579 3580 3588 3587
f 3580 3581 3589 3588
f 3581 3582 3590 3589
f 3582 3583 3591 3590
f 3583 3584 3592 3591
f 3584 3577 3585 3592
f 3585 3586 3594 3593
f 3586 3587 3595 3594
f 3587 3588 3596 3595
f 3588 3589 3597 3596
f 3589 3590 3598 3597
f 3590 3591 3599 3598
f 3591 3592 3600 3599
f 3592 3585 3593 3600
f 3584 3583 3582 3581 3580 3579 3578 3577
f 3593 3594 3595 3596 3597 3598 3599 3600
f 3601 3602 3610 3609
f 3602 3603 3611 3610
f 3603 3604 3612 3611
f 3604 3605 3613 3612
f 3605 3606 3614 3613
f 3606 3607 3615 3614
f 3607 3608 3616 3615
f 3608 3601 3609 3616
f 3609 3610 3618 3617
f 3610 3611 3619 3618
f 3611 3612 3620 3619
f 3612 3613 3621 3620
f 3613 3614 3622 3621
f 3614 3615 3623 3622
f 3615 3616 3624 3623
f 3616 3609 3617 3624
f 3608 3607 3606 3605 3604 3603 3602 3601
f 3617 3618 3619 3620 3621 3622 3623 3624
